Date,Time,Comp,Round,Day,Venue,Result,GF,GA,Opponent,Poss,Attendance,Captain,Formation,Opp Formation,Referee,Match Report,Notes
2025-08-16,19:30 (23:30),La Liga,Matchweek 1,Sat,Away,W,3,0,Mallorca,71,23318,Ronald Araújo,4-2-3-1,4-2-3-1,José Luis Munuera,Match Report,
2025-08-23,21:30 (01:30),La Liga,Matchweek 2,Sat,Away,W,3,2,Levante,82,23415,Ronald Araújo,4-2-3-1,5-4-1,Alejandro Hernández,Match Report,
2025-08-31,21:30 (01:30),La Liga,Matchweek 3,Sun,Away,D,1,1,Rayo Vallecano,57,14438,Frenkie de Jong,4-2-3-1,4-4-2,Mateo Busquets,Match Report,
2025-09-14,21:00 (01:00),La Liga,Matchweek 4,Sun,Home,W,6,0,Valencia,72,5862,Pedri,4-2-3-1,5-3-2,Guillermo Cuadra,Match Report,
2025-09-18,20:00 (01:00),Champions Lg,League phase,Thu,Away,W,2,1,eng Newcastle,65,52084,Ronald Araújo,4-2-3-1,4-3-3,Glenn Nyberg,Match Report,
2025-09-21,21:00 (01:00),La Liga,Matchweek 5,Sun,Home,W,3,0,Getafe,71,5711,Frenkie de Jong,4-3-3,5-3-2,Ricardo de Burgos,Match Report,
2025-09-25,21:30 (01:30),La Liga,Matchweek 6,Thu,Away,W,3,1,Oviedo,80,29850,Ronald Araújo,4-2-3-1,4-4-1-1,Miguel Ángel Ortiz Arias,Match Report,
2025-09-28,18:30 (22:30),La Liga,Matchweek 7,Sun,Home,W,2,1,Real Sociedad,75,50103,Ronald Araújo,4-2-3-1,4-1-4-1,Alejandro Hernández,Match Report,
2025-10-01,21:00 (01:00),Champions Lg,League phase,Wed,Home,L,1,2,fr PSG,47,50207,Frenkie de Jong,4-2-3-1,4-3-3,Michael Oliver,Match Report,
2025-10-05,16:15 (20:15),La Liga,Matchweek 8,Sun,Away,L,1,4,Sevilla,61,41040,Ronald Araújo,4-2-3-1,4-2-3-1,Alejandro Muñíz,Match Report,
2025-10-18,16:15 (20:15),La Liga,Matchweek 9,Sat,Home,W,2,1,Girona,68,43172,Frenkie de Jong,4-2-3-1,4-4-2,Jesús Gil,Match Report,
2025-10-21,18:45 (22:45),Champions Lg,League phase,Tue,Home,W,6,1,gr Olympiacos,73,46264,Pedri,4-2-3-1,4-2-3-1,Urs Schnyder,Match Report,
2025-10-26,16:15 (21:15),La Liga,Matchweek 10,Sun,Away,L,1,2,Real Madrid,69,78107,Frenkie de Jong,4-2-3-1,4-1-4-1,César Soto,Match Report,
2025-11-02,18:30 (23:30),La Liga,Matchweek 11,Sun,Home,W,3,1,Elche,49,44370,Ronald Araújo,4-2-3-1,4-1-4-1,Miguel Sesma,Match Report,
2025-11-05,21:00 (02:00),Champions Lg,League phase,Wed,Away,D,3,3,be Club Brugge,76,27037,Ronald Araújo,4-2-3-1,4-2-3-1,Anthony Taylor,Match Report,
2025-11-09,21:00 (02:00),La Liga,Matchweek 12,Sun,Away,W,4,2,Celta Vigo,62,21887,Ronald Araújo,4-3-3,3-4-3,Javier Alberola,Match Report,
2025-11-22,16:15 (21:15),La Liga,Matchweek 13,Sat,Home,W,4,0,Athletic Club,68,45157,Robert Lewandowski,4-3-3,4-2-3-1,Jose Maria Sánchez,Match Report,
2025-11-25,20:00 (02:00),Champions Lg,League phase,Tue,Away,L,0,3,eng Chelsea,45,39323,Ronald Araújo,4-2-3-1,4-2-3-1,Slavko Vinčič,Match Report,
2025-11-29,16:15 (21:15),La Liga,Matchweek 14,Sat,Home,W,3,1,Alavés,69,44834,Raphinha,4-2-3-1,4-1-4-1,Miguel Ángel Ortiz Arias,Match Report,
2025-12-02,21:00 (02:00),La Liga,Matchweek 19,Tue,Home,W,3,1,Atlético Madrid,58,45205,Raphinha,4-2-3-1,4-2-3-1,Ricardo de Burgos,Match Report,
2025-12-06,18:30 (23:30),La Liga,Matchweek 15,Sat,Away,W,5,3,Real Betis,62,64562,Pedri,4-2-3-1,4-2-3-1,Francisco Hernández,Match Report,
2025-12-09,21:00 (02:00),Champions Lg,League phase,Tue,Home,W,2,1,de Frankfurt,76,38439,Raphinha,4-2-3-1,4-2-3-1,Davide Massa,Match Report,
2025-12-13,18:30 (23:30),La Liga,Matchweek 16,Sat,Home,W,2,0,Osasuna,80,42058,Raphinha,4-2-3-1,5-4-1,Adrián Cordero,Match Report,
2025-12-16,21:30 (02:30),Copa del Rey,Round of 32,Tue,Away,W,2,0,Guadalajara,83,8500,Marc-André ter Stegen,4-2-3-1,5-4-1,César Soto,Match Report,
2025-12-21,16:15 (21:15),La Liga,Matchweek 17,Sun,Away,W,2,0,Villarreal,80,20701,Frenkie de Jong,4-2-3-1,4-4-2,Javier Alberola,Match Report,
2026-01-03,21:00 (02:00),La Liga,Matchweek 18,Sat,Away,W,2,0,Espanyol,69,36283,Frenkie de Jong,4-2-3-1,4-2-3-1,Víctor García,Match Report,
2026-01-07,22:00 (01:00),Supercopa de España,Semi-finals,Wed,Neutral,W,5,0,Athletic Club,80,50141,Frenkie de Jong,4-2-3-1,4-2-3-1,Isidro Díaz de Mera,Match Report,
2026-01-11,22:00 (01:00),Supercopa de España,Final,Sun,Neutral,W,3,2,Real Madrid,68,60326,Frenkie de Jong,4-3-3,4-4-2,José Luis Munuera,Match Report,
2026-01-15,21:15 (02:15),Copa del Rey,Round of 16,Thu,Away,W,2,0,Racing Sant,77,22481,Ferran Torres,4-3-3,4-4-2,Jose Maria Sánchez,Match Report,
2026-01-18,21:00 (02:00),La Liga,Matchweek 20,Sun,Away,L,1,2,Real Sociedad,73,36346,Frenkie de Jong,4-3-3,4-4-2,Jesús Gil,Match Report,
2026-01-21,21:00 (02:00),Champions Lg,League phase,Wed,Away,W,4,2,cz Slavia Prague,59,19242,Frenkie de Jong,4-2-3-1,4-4-1-1,Chris Kavanagh,Match Report,
2026-01-25,16:15 (21:15),La Liga,Matchweek 21,Sun,Home,W,3,0,Oviedo,73,44763,Frenkie de Jong,4-2-3-1,4-2-3-1,Juan Martínez,Match Report,
2026-01-28,21:00 (02:00),Champions Lg,League phase,Wed,Home,W,4,1,dk FC Copenhagen,77,44609,Raphinha,4-2-3-1,5-4-1,Benoît Bastien,Match Report,
2026-01-31,21:00 (02:00),La Liga,Matchweek 22,Sat,Away,W,3,1,Elche,61,31233,Frenkie de Jong,4-3-3,3-4-1-2,Alejandro Muñíz,Match Report,
2026-02-03,21:00 (02:00),Copa del Rey,Quarter-finals,Tue,Away,W,2,1,Albacete,73,16745,Ronald Araújo,4-2-3-1,5-3-2,José Luis Munuera,Match Report,
2026-02-07,16:15 (21:15),La Liga,Matchweek 23,Sat,Home,W,3,0,Mallorca,76,44301,Robert Lewandowski,4-3-3,4-2-3-1,Alejandro Quintero,Match Report,
2026-02-12,21:00 (02:00),Copa del Rey,Semi-finals,Thu,Away,L,0,4,Atlético Madrid,66,69200,Frenkie de Jong,4-3-3,4-4-2,Juan Martínez,Match Report,Leg 1 of 2
2026-02-16,21:00 (02:00),La Liga,Matchweek 24,Mon,Away,L,1,2,Girona,71,14043,Frenkie de Jong,4-3-3,4-2-3-1,César Soto,Match Report,
2026-02-22,16:15 (21:15),La Liga,Matchweek 25,Sun,Home,W,3,0,Levante,73,44936,Frenkie de Jong,4-2-3-1,4-1-4-1,Javier Alberola,Match Report,
2026-02-28,16:15 (21:15),La Liga,Matchweek 26,Sat,Home,W,4,1,Villarreal,74,44256,Raphinha,4-3-3,4-4-2,Isidro Díaz de Mera,Match Report,
2026-03-03,21:00 (02:00),Copa del Rey,Semi-finals,Tue,Home,W,3,0,Atlético Madrid,71,45398,Raphinha,4-2-3-1,4-4-2,Ricardo de Burgos,Match Report,Leg 2 of 2; Atlético Madrid won
2026-03-07,21:00 (02:00),La Liga,Matchweek 27,Sat,Away,W,1,0,Athletic Club,70,50629,Eric García,4-3-3,4-2-3-1,José Luis Munuera,Match Report,
2026-03-10,20:00 (02:00),Champions Lg,Round of 16,Tue,Away,D,1,1,eng Newcastle,54,52103,Ronald Araújo,4-2-3-1,4-3-3,Marco Guida,Match Report,Leg 1 of 2
2026-03-15,16:15 (21:15),La Liga,Matchweek 28,Sun,Home,W,5,2,Sevilla,61,56483,Raphinha,4-3-3,4-2-3-1,Juan Martínez,Match Report,
2026-03-18,18:45 (23:45),Champions Lg,Round of 16,Wed,Home,W,7,2,eng Newcastle,63,56662,Raphinha,4-2-3-1,4-3-3,François Letexier,Match Report,Leg 2 of 2; Barcelona won
2026-03-22,14:00 (19:00),La Liga,Matchweek 29,Sun,Home,W,1,0,Rayo Vallecano,61,56812,Ronald Araújo,4-2-3-1,4-2-3-1,Adrián Cordero,Match Report,
2026-04-04,21:00 (01:00),La Liga,Matchweek 30,Sat,Away,W,2,1,Atlético Madrid,67,67710,Ronald Araújo,4-2-3-1,4-4-2,Mateo Busquets,Match Report,
2026-04-08,21:00 (01:00),Champions Lg,Quarter-finals,Wed,Home,L,0,2,es Atlético Madrid,58,59522,Pedri,4-2-3-1,4-4-2,István Kovács,Match Report,Leg 1 of 2
2026-04-11,18:30 (22:30),La Liga,Matchweek 31,Sat,Home,W,4,1,Espanyol,77,60736,Ronald Araújo,4-2-3-1,4-4-1-1,Alejandro Hernández,Match Report,
2026-04-14,21:00 (01:00),Champions Lg,Quarter-finals,Tue,Away,W,2,1,es Atlético Madrid,71,69268,Pedri,4-2-3-1,4-4-2,Clément Turpin,Match Report,Leg 2 of 2; Atlético Madrid won
2026-04-22,21:30 (01:30),La Liga,Matchweek 33,Wed,Home,W,1,0,Celta Vigo,61,59034,Pedri,4-2-3-1,3-4-3,José Luis Munuera,Match Report,
2026-04-25,16:15 (20:15),La Liga,Matchweek 32,Sat,Away,W,2,0,Getafe,75,9487,Pedri,4-2-3-1,5-3-2,Francisco Hernández,Match Report,
2026-05-02,21:00 (01:00),La Liga,Matchweek 34,Sat,Away,W,2,1,Osasuna,70,22743,Pedri,4-2-3-1,4-2-3-1,Isidro Díaz de Mera,Match Report,
2026-05-10,21:00 (01:00),La Liga,Matchweek 35,Sun,Home,W,2,0,Real Madrid,57,62213,Pedri,4-2-3-1,4-2-3-1,Alejandro Hernández,Match Report,
2026-05-13,21:30 (01:30),La Liga,Matchweek 36,Wed,Away,L,0,1,Alavés,77,19138,Robert Lewandowski,4-2-3-1,5-3-2,Jose Maria Sánchez,Match Report,
2026-05-17,21:15 (01:15),La Liga,Matchweek 37,Sun,Home,W,3,1,Real Betis,63,56868,Robert Lewandowski,4-3-3,4-1-4-1,Guillermo Cuadra,Match Report,
2026-05-23,21:00 (01:00),La Liga,Matchweek 38,Sat,Away,L,1,3,Valencia,76,46457,Ronald Araújo,4-2-3-1,4-4-2,Adrián Cordero,Match Report,
