league,season,team,players_used,90s,goals_ga,goals_pka,goals_fk,goals_ck,goals_og,expected_psxg,expected_psxg_sot,expected_psxg_1,expected_90,launched_cmp,launched_att,launched_cmp_1,passes_att_gk,passes_thr,passes_launch,passes_avglen,goal_kicks_att,goal_kicks_launch,goal_kicks_avglen,crosses_opp,crosses_stp,crosses_stp_1,sweeper_opa,sweeper_opa_90,sweeper_avgdist,url
ENG-Premier League,2425,Arsenal,1,38,34,3,,,,,,,,,,,,,,,,,,,,,,,,/en/squads/18bb7c10/2024-2025/Arsenal-Stats
ENG-Premier League,2425,Aston Villa,2,38,51,2,,,,,,,,,,,,,,,,,,,,,,,,/en/squads/8602292d/2024-2025/Aston-Villa-Stats
ENG-Premier League,2425,Bournemouth,3,38,46,4,,,,,,,,,,,,,,,,,,,,,,,,/en/squads/4ba7cbea/2024-2025/Bournemouth-Stats
ENG-Premier League,2425,Brentford,2,38,57,1,,,,,,,,,,,,,,,,,,,,,,,,/en/squads/cd051869/2024-2025/Brentford-Stats
ENG-Premier League,2425,Brighton,2,38,59,9,,,,,,,,,,,,,,,,,,,,,,,,/en/squads/d07537b9/2024-2025/Brighton-and-Hove-Albion-Stats
ENG-Premier League,2425,Chelsea,2,38,43,5,,,,,,,,,,,,,,,,,,,,,,,,/en/squads/cff3d9bb/2024-2025/Chelsea-Stats
ENG-Premier League,2425,Crystal Palace,1,38,51,1,,,,,,,,,,,,,,,,,,,,,,,,/en/squads/47c64c55/2024-2025/Crystal-Palace-Stats
ENG-Premier League,2425,Everton,1,38,44,0,,,,,,,,,,,,,,,,,,,,,,,,/en/squads/d3fd31cc/2024-2025/Everton-Stats
ENG-Premier League,2425,Fulham,1,38,54,3,,,,,,,,,,,,,,,,,,,,,,,,/en/squads/fd962109/2024-2025/Fulham-Stats
ENG-Premier League,2425,Ipswich Town,3,38,82,6,,,,,,,,,,,,,,,,,,,,,,,,/en/squads/b74092de/2024-2025/Ipswich-Town-Stats
ENG-Premier League,2425,Leicester City,3,38,80,3,,,,,,,,,,,,,,,,,,,,,,,,/en/squads/a2d435b3/2024-2025/Leicester-City-Stats
ENG-Premier League,2425,Liverpool,3,38,41,1,,,,,,,,,,,,,,,,,,,,,,,,/en/squads/822bd0ba/2024-2025/Liverpool-Stats
ENG-Premier League,2425,Manchester City,2,38,44,4,,,,,,,,,,,,,,,,,,,,,,,,/en/squads/b8fd03ef/2024-2025/Manchester-City-Stats
ENG-Premier League,2425,Manchester Utd,2,38,54,3,,,,,,,,,,,,,,,,,,,,,,,,/en/squads/19538871/2024-2025/Manchester-United-Stats
ENG-Premier League,2425,Newcastle,2,38,47,1,,,,,,,,,,,,,,,,,,,,,,,,/en/squads/b2b47a98/2024-2025/Newcastle-United-Stats
ENG-Premier League,2425,Nottingham,1,38,46,3,,,,,,,,,,,,,,,,,,,,,,,,/en/squads/e4a775cb/2024-2025/Nottingham-Forest-Stats
ENG-Premier League,2425,Southampton,3,38,86,7,,,,,,,,,,,,,,,,,,,,,,,,/en/squads/33c895d4/2024-2025/Southampton-Stats
ENG-Premier League,2425,Tottenham,4,38,65,3,,,,,,,,,,,,,,,,,,,,,,,,/en/squads/361ca564/2024-2025/Tottenham-Hotspur-Stats
ENG-Premier League,2425,West Ham,2,38,62,3,,,,,,,,,,,,,,,,,,,,,,,,/en/squads/7c21e445/2024-2025/West-Ham-United-Stats
ENG-Premier League,2425,Wolves,4,38,69,7,,,,,,,,,,,,,,,,,,,,,,,,/en/squads/8cec06e1/2024-2025/Wolverhampton-Wanderers-Stats
ENG-Premier League,2526,Arsenal,2,38,27,0,,,,,,,,,,,,,,,,,,,,,,,,/en/squads/18bb7c10/2025-2026/Arsenal-Stats
ENG-Premier League,2526,Aston Villa,2,38,49,1,,,,,,,,,,,,,,,,,,,,,,,,/en/squads/8602292d/2025-2026/Aston-Villa-Stats
ENG-Premier League,2526,Bournemouth,1,38,54,6,,,,,,,,,,,,,,,,,,,,,,,,/en/squads/4ba7cbea/2025-2026/Bournemouth-Stats
ENG-Premier League,2526,Brentford,2,38,52,5,,,,,,,,,,,,,,,,,,,,,,,,/en/squads/cd051869/2025-2026/Brentford-Stats
ENG-Premier League,2526,Brighton,1,38,46,5,,,,,,,,,,,,,,,,,,,,,,,,/en/squads/d07537b9/2025-2026/Brighton-and-Hove-Albion-Stats
ENG-Premier League,2526,Burnley,2,38,75,7,,,,,,,,,,,,,,,,,,,,,,,,/en/squads/943e8050/2025-2026/Burnley-Stats
ENG-Premier League,2526,Chelsea,2,38,54,2,,,,,,,,,,,,,,,,,,,,,,,,/en/squads/cff3d9bb/2025-2026/Chelsea-Stats
ENG-Premier League,2526,Crystal Palace,2,38,51,5,,,,,,,,,,,,,,,,,,,,,,,,/en/squads/47c64c55/2025-2026/Crystal-Palace-Stats
ENG-Premier League,2526,Everton,1,38,50,3,,,,,,,,,,,,,,,,,,,,,,,,/en/squads/d3fd31cc/2025-2026/Everton-Stats
ENG-Premier League,2526,Fulham,1,38,51,3,,,,,,,,,,,,,,,,,,,,,,,,/en/squads/fd962109/2025-2026/Fulham-Stats
ENG-Premier League,2526,Leeds United,2,38,56,6,,,,,,,,,,,,,,,,,,,,,,,,/en/squads/5bfb9659/2025-2026/Leeds-United-Stats
ENG-Premier League,2526,Liverpool,3,38,53,3,,,,,,,,,,,,,,,,,,,,,,,,/en/squads/822bd0ba/2025-2026/Liverpool-Stats
ENG-Premier League,2526,Manchester City,2,38,35,1,,,,,,,,,,,,,,,,,,,,,,,,/en/squads/b8fd03ef/2025-2026/Manchester-City-Stats
ENG-Premier League,2526,Manchester Utd,2,38,50,4,,,,,,,,,,,,,,,,,,,,,,,,/en/squads/19538871/2025-2026/Manchester-United-Stats
ENG-Premier League,2526,Newcastle,2,38,55,5,,,,,,,,,,,,,,,,,,,,,,,,/en/squads/b2b47a98/2025-2026/Newcastle-United-Stats
ENG-Premier League,2526,Nottingham,4,38,51,5,,,,,,,,,,,,,,,,,,,,,,,,/en/squads/e4a775cb/2025-2026/Nottingham-Forest-Stats
ENG-Premier League,2526,Sunderland,2,38,48,2,,,,,,,,,,,,,,,,,,,,,,,,/en/squads/8ef52968/2025-2026/Sunderland-Stats
ENG-Premier League,2526,Tottenham,2,38,57,3,,,,,,,,,,,,,,,,,,,,,,,,/en/squads/361ca564/2025-2026/Tottenham-Hotspur-Stats
ENG-Premier League,2526,West Ham,2,38,65,6,,,,,,,,,,,,,,,,,,,,,,,,/en/squads/7c21e445/2025-2026/West-Ham-United-Stats
ENG-Premier League,2526,Wolves,3,38,68,5,,,,,,,,,,,,,,,,,,,,,,,,/en/squads/8cec06e1/2025-2026/Wolverhampton-Wanderers-Stats
ESP-La Liga,2425,Alavés,3,38,48,11,,,,,,,,,,,,,,,,,,,,,,,,/en/squads/8d6fd021/2024-2025/Alaves-Stats
ESP-La Liga,2425,Athletic Club,3,38,29,3,,,,,,,,,,,,,,,,,,,,,,,,/en/squads/2b390eca/2024-2025/Athletic-Club-Stats
ESP-La Liga,2425,Atlético Madrid,2,38,30,5,,,,,,,,,,,,,,,,,,,,,,,,/en/squads/db3b9613/2024-2025/Atletico-Madrid-Stats
ESP-La Liga,2425,Barcelona,3,38,39,4,,,,,,,,,,,,,,,,,,,,,,,,/en/squads/206d90db/2024-2025/Barcelona-Stats
ESP-La Liga,2425,Celta Vigo,2,38,57,3,,,,,,,,,,,,,,,,,,,,,,,,/en/squads/f25da7fb/2024-2025/Celta-Vigo-Stats
ESP-La Liga,2425,Espanyol,1,38,51,4,,,,,,,,,,,,,,,,,,,,,,,,/en/squads/a8661628/2024-2025/Espanyol-Stats
ESP-La Liga,2425,Getafe,1,38,39,8,,,,,,,,,,,,,,,,,,,,,,,,/en/squads/7848bd64/2024-2025/Getafe-Stats
ESP-La Liga,2425,Girona,3,38,60,3,,,,,,,,,,,,,,,,,,,,,,,,/en/squads/9024a00a/2024-2025/Girona-Stats
ESP-La Liga,2425,Las Palmas,2,38,61,5,,,,,,,,,,,,,,,,,,,,,,,,/en/squads/0049d422/2024-2025/Las-Palmas-Stats
ESP-La Liga,2425,Leganés,2,38,56,7,,,,,,,,,,,,,,,,,,,,,,,,/en/squads/7c6f2c78/2024-2025/Leganes-Stats
ESP-La Liga,2425,Mallorca,2,38,44,3,,,,,,,,,,,,,,,,,,,,,,,,/en/squads/2aa12281/2024-2025/Mallorca-Stats
ESP-La Liga,2425,Osasuna,2,38,52,7,,,,,,,,,,,,,,,,,,,,,,,,/en/squads/03c57e2b/2024-2025/Osasuna-Stats
ESP-La Liga,2425,Rayo Vallecano,2,38,45,6,,,,,,,,,,,,,,,,,,,,,,,,/en/squads/98e8af82/2024-2025/Rayo-Vallecano-Stats
ESP-La Liga,2425,Real Betis,3,38,50,4,,,,,,,,,,,,,,,,,,,,,,,,/en/squads/fc536746/2024-2025/Real-Betis-Stats
ESP-La Liga,2425,Real Madrid,3,38,38,3,,,,,,,,,,,,,,,,,,,,,,,,/en/squads/53a2f082/2024-2025/Real-Madrid-Stats
ESP-La Liga,2425,Real Sociedad,2,38,46,5,,,,,,,,,,,,,,,,,,,,,,,,/en/squads/e31d1cd9/2024-2025/Real-Sociedad-Stats
ESP-La Liga,2425,Sevilla,2,38,55,5,,,,,,,,,,,,,,,,,,,,,,,,/en/squads/ad2be733/2024-2025/Sevilla-Stats
ESP-La Liga,2425,Valencia,2,38,54,6,,,,,,,,,,,,,,,,,,,,,,,,/en/squads/dcc91a7b/2024-2025/Valencia-Stats
ESP-La Liga,2425,Valladolid,3,38,90,7,,,,,,,,,,,,,,,,,,,,,,,,/en/squads/17859612/2024-2025/Valladolid-Stats
ESP-La Liga,2425,Villarreal,2,38,51,7,,,,,,,,,,,,,,,,,,,,,,,,/en/squads/2a8183b3/2024-2025/Villarreal-Stats
ESP-La Liga,2526,Alavés,1,38,56,5,,,,,,,,,,,,,,,,,,,,,,,,/en/squads/8d6fd021/2025-2026/Alaves-Stats
ESP-La Liga,2526,Athletic Club,2,38,58,3,,,,,,,,,,,,,,,,,,,,,,,,/en/squads/2b390eca/2025-2026/Athletic-Club-Stats
ESP-La Liga,2526,Atlético Madrid,2,38,44,5,,,,,,,,,,,,,,,,,,,,,,,,/en/squads/db3b9613/2025-2026/Atletico-Madrid-Stats
ESP-La Liga,2526,Barcelona,2,38,36,4,,,,,,,,,,,,,,,,,,,,,,,,/en/squads/206d90db/2025-2026/Barcelona-Stats
ESP-La Liga,2526,Celta Vigo,1,38,48,6,,,,,,,,,,,,,,,,,,,,,,,,/en/squads/f25da7fb/2025-2026/Celta-Vigo-Stats
ESP-La Liga,2526,Elche,2,38,57,6,,,,,,,,,,,,,,,,,,,,,,,,/en/squads/6c8b07df/2025-2026/Elche-Stats
ESP-La Liga,2526,Espanyol,2,38,55,5,,,,,,,,,,,,,,,,,,,,,,,,/en/squads/a8661628/2025-2026/Espanyol-Stats
ESP-La Liga,2526,Getafe,1,38,38,1,,,,,,,,,,,,,,,,,,,,,,,,/en/squads/7848bd64/2025-2026/Getafe-Stats
ESP-La Liga,2526,Girona,3,38,55,5,,,,,,,,,,,,,,,,,,,,,,,,/en/squads/9024a00a/2025-2026/Girona-Stats
ESP-La Liga,2526,Levante,2,38,61,3,,,,,,,,,,,,,,,,,,,,,,,,/en/squads/9800b6a1/2025-2026/Levante-Stats
ESP-La Liga,2526,Mallorca,2,38,57,6,,,,,,,,,,,,,,,,,,,,,,,,/en/squads/2aa12281/2025-2026/Mallorca-Stats
ESP-La Liga,2526,Osasuna,2,38,50,9,,,,,,,,,,,,,,,,,,,,,,,,/en/squads/03c57e2b/2025-2026/Osasuna-Stats
ESP-La Liga,2526,Oviedo,2,38,60,5,,,,,,,,,,,,,,,,,,,,,,,,/en/squads/ab358912/2025-2026/Oviedo-Stats
ESP-La Liga,2526,Rayo Vallecano,2,38,44,6,,,,,,,,,,,,,,,,,,,,,,,,/en/squads/98e8af82/2025-2026/Rayo-Vallecano-Stats
ESP-La Liga,2526,Real Betis,3,38,48,4,,,,,,,,,,,,,,,,,,,,,,,,/en/squads/fc536746/2025-2026/Real-Betis-Stats
ESP-La Liga,2526,Real Madrid,2,38,35,4,,,,,,,,,,,,,,,,,,,,,,,,/en/squads/53a2f082/2025-2026/Real-Madrid-Stats
ESP-La Liga,2526,Real Sociedad,2,38,61,5,,,,,,,,,,,,,,,,,,,,,,,,/en/squads/e31d1cd9/2025-2026/Real-Sociedad-Stats
ESP-La Liga,2526,Sevilla,2,38,60,9,,,,,,,,,,,,,,,,,,,,,,,,/en/squads/ad2be733/2025-2026/Sevilla-Stats
ESP-La Liga,2526,Valencia,2,38,55,6,,,,,,,,,,,,,,,,,,,,,,,,/en/squads/dcc91a7b/2025-2026/Valencia-Stats
ESP-La Liga,2526,Villarreal,2,38,46,7,,,,,,,,,,,,,,,,,,,,,,,,/en/squads/2a8183b3/2025-2026/Villarreal-Stats
FRA-Ligue 1,2425,Angers,2,34,53,4,,,,,,,,,,,,,,,,,,,,,,,,/en/squads/69236f98/2024-2025/Angers-Stats
FRA-Ligue 1,2425,Auxerre,2,34,51,6,,,,,,,,,,,,,,,,,,,,,,,,/en/squads/5ae09109/2024-2025/Auxerre-Stats
FRA-Ligue 1,2425,Brest,2,34,59,8,,,,,,,,,,,,,,,,,,,,,,,,/en/squads/fb08dbb3/2024-2025/Brest-Stats
FRA-Ligue 1,2425,Le Havre,2,34,71,5,,,,,,,,,,,,,,,,,,,,,,,,/en/squads/5c2737db/2024-2025/Le-Havre-Stats
FRA-Ligue 1,2425,Lens,3,34,39,8,,,,,,,,,,,,,,,,,,,,,,,,/en/squads/fd4e0f7d/2024-2025/Lens-Stats
FRA-Ligue 1,2425,Lille,1,34,36,4,,,,,,,,,,,,,,,,,,,,,,,,/en/squads/cb188c0c/2024-2025/Lille-Stats
FRA-Ligue 1,2425,Lyon,2,34,46,3,,,,,,,,,,,,,,,,,,,,,,,,/en/squads/d53c0b06/2024-2025/Lyon-Stats
FRA-Ligue 1,2425,Marseille,1,34,47,3,,,,,,,,,,,,,,,,,,,,,,,,/en/squads/5725cc7b/2024-2025/Marseille-Stats
FRA-Ligue 1,2425,Monaco,2,34,41,3,,,,,,,,,,,,,,,,,,,,,,,,/en/squads/fd6114db/2024-2025/Monaco-Stats
FRA-Ligue 1,2425,Montpellier,2,34,79,8,,,,,,,,,,,,,,,,,,,,,,,,/en/squads/281b0e73/2024-2025/Montpellier-Stats
FRA-Ligue 1,2425,Nantes,3,34,52,7,,,,,,,,,,,,,,,,,,,,,,,,/en/squads/d7a486cd/2024-2025/Nantes-Stats
FRA-Ligue 1,2425,Nice,1,34,41,2,,,,,,,,,,,,,,,,,,,,,,,,/en/squads/132ebc33/2024-2025/Nice-Stats
FRA-Ligue 1,2425,PSG,3,34,35,3,,,,,,,,,,,,,,,,,,,,,,,,/en/squads/e2d8892c/2024-2025/Paris-Saint-Germain-Stats
FRA-Ligue 1,2425,Reims,1,34,47,4,,,,,,,,,,,,,,,,,,,,,,,,/en/squads/7fdd64e0/2024-2025/Reims-Stats
FRA-Ligue 1,2425,Rennes,3,34,50,3,,,,,,,,,,,,,,,,,,,,,,,,/en/squads/b3072e00/2024-2025/Rennes-Stats
FRA-Ligue 1,2425,Saint-Étienne,1,34,77,13,,,,,,,,,,,,,,,,,,,,,,,,/en/squads/d298ef2c/2024-2025/Saint-Etienne-Stats
FRA-Ligue 1,2425,Strasbourg,2,34,44,8,,,,,,,,,,,,,,,,,,,,,,,,/en/squads/c0d3eab4/2024-2025/Strasbourg-Stats
FRA-Ligue 1,2425,Toulouse,3,34,43,1,,,,,,,,,,,,,,,,,,,,,,,,/en/squads/3f8c4b5f/2024-2025/Toulouse-Stats
FRA-Ligue 1,2526,Angers,3,34,48,3,,,,,,,,,,,,,,,,,,,,,,,,/en/squads/69236f98/2025-2026/Angers-Stats
FRA-Ligue 1,2526,Auxerre,2,34,44,3,,,,,,,,,,,,,,,,,,,,,,,,/en/squads/5ae09109/2025-2026/Auxerre-Stats
FRA-Ligue 1,2526,Brest,2,34,58,4,,,,,,,,,,,,,,,,,,,,,,,,/en/squads/fb08dbb3/2025-2026/Brest-Stats
FRA-Ligue 1,2526,Le Havre,3,34,44,6,,,,,,,,,,,,,,,,,,,,,,,,/en/squads/5c2737db/2025-2026/Le-Havre-Stats
FRA-Ligue 1,2526,Lens,2,34,35,3,,,,,,,,,,,,,,,,,,,,,,,,/en/squads/fd4e0f7d/2025-2026/Lens-Stats
FRA-Ligue 1,2526,Lille,2,34,37,2,,,,,,,,,,,,,,,,,,,,,,,,/en/squads/cb188c0c/2025-2026/Lille-Stats
FRA-Ligue 1,2526,Lorient,2,34,51,4,,,,,,,,,,,,,,,,,,,,,,,,/en/squads/d2c87802/2025-2026/Lorient-Stats
FRA-Ligue 1,2526,Lyon,2,34,40,2,,,,,,,,,,,,,,,,,,,,,,,,/en/squads/d53c0b06/2025-2026/Lyon-Stats
FRA-Ligue 1,2526,Marseille,2,34,45,5,,,,,,,,,,,,,,,,,,,,,,,,/en/squads/5725cc7b/2025-2026/Marseille-Stats
FRA-Ligue 1,2526,Metz,2,34,76,7,,,,,,,,,,,,,,,,,,,,,,,,/en/squads/f83960ae/2025-2026/Metz-Stats
FRA-Ligue 1,2526,Monaco,2,34,54,4,,,,,,,,,,,,,,,,,,,,,,,,/en/squads/fd6114db/2025-2026/Monaco-Stats
FRA-Ligue 1,2526,Nantes,2,33,52,5,,,,,,,,,,,,,,,,,,,,,,,,/en/squads/d7a486cd/2025-2026/Nantes-Stats
FRA-Ligue 1,2526,Nice,2,34,60,8,,,,,,,,,,,,,,,,,,,,,,,,/en/squads/132ebc33/2025-2026/Nice-Stats
FRA-Ligue 1,2526,PSG,3,34,29,1,,,,,,,,,,,,,,,,,,,,,,,,/en/squads/e2d8892c/2025-2026/Paris-Saint-Germain-Stats
FRA-Ligue 1,2526,Paris,2,34,50,8,,,,,,,,,,,,,,,,,,,,,,,,/en/squads/056a5a75/2025-2026/Paris-FC-Stats
FRA-Ligue 1,2526,Rennes,2,34,50,4,,,,,,,,,,,,,,,,,,,,,,,,/en/squads/b3072e00/2025-2026/Rennes-Stats
FRA-Ligue 1,2526,Strasbourg,2,34,47,4,,,,,,,,,,,,,,,,,,,,,,,,/en/squads/c0d3eab4/2025-2026/Strasbourg-Stats
FRA-Ligue 1,2526,Toulouse,2,33,46,5,,,,,,,,,,,,,,,,,,,,,,,,/en/squads/3f8c4b5f/2025-2026/Toulouse-Stats
ITA-Serie A,2425,Atalanta,3,38,37,2,,,,,,,,,,,,,,,,,,,,,,,,/en/squads/922493f3/2024-2025/Atalanta-Stats
ITA-Serie A,2425,Bologna,2,38,47,2,,,,,,,,,,,,,,,,,,,,,,,,/en/squads/1d8099f8/2024-2025/Bologna-Stats
ITA-Serie A,2425,Cagliari,4,38,56,6,,,,,,,,,,,,,,,,,,,,,,,,/en/squads/c4260e09/2024-2025/Cagliari-Stats
ITA-Serie A,2425,Como,3,38,52,7,,,,,,,,,,,,,,,,,,,,,,,,/en/squads/28c9c3cd/2024-2025/Como-Stats
ITA-Serie A,2425,Empoli,3,38,59,1,,,,,,,,,,,,,,,,,,,,,,,,/en/squads/a3d88bd8/2024-2025/Empoli-Stats
ITA-Serie A,2425,Fiorentina,2,38,41,1,,,,,,,,,,,,,,,,,,,,,,,,/en/squads/421387cf/2024-2025/Fiorentina-Stats
ITA-Serie A,2425,Genoa,4,38,49,6,,,,,,,,,,,,,,,,,,,,,,,,/en/squads/658bf2de/2024-2025/Genoa-Stats
ITA-Serie A,2425,Hellas Verona,2,38,66,2,,,,,,,,,,,,,,,,,,,,,,,,/en/squads/0e72edf2/2024-2025/Hellas-Verona-Stats
ITA-Serie A,2425,Inter,2,38,35,3,,,,,,,,,,,,,,,,,,,,,,,,/en/squads/d609edc0/2024-2025/Internazionale-Stats
ITA-Serie A,2425,Juventus,2,38,35,5,,,,,,,,,,,,,,,,,,,,,,,,/en/squads/e0652b02/2024-2025/Juventus-Stats
ITA-Serie A,2425,Lazio,2,38,49,4,,,,,,,,,,,,,,,,,,,,,,,,/en/squads/7213da33/2024-2025/Lazio-Stats
ITA-Serie A,2425,Lecce,1,38,58,8,,,,,,,,,,,,,,,,,,,,,,,,/en/squads/ffcbe334/2024-2025/Lecce-Stats
ITA-Serie A,2425,Milan,2,38,43,1,,,,,,,,,,,,,,,,,,,,,,,,/en/squads/dc56fe14/2024-2025/Milan-Stats
ITA-Serie A,2425,Monza,3,38,69,2,,,,,,,,,,,,,,,,,,,,,,,,/en/squads/21680aa4/2024-2025/Monza-Stats
ITA-Serie A,2425,Napoli,3,38,27,1,,,,,,,,,,,,,,,,,,,,,,,,/en/squads/d48ad4ff/2024-2025/Napoli-Stats
ITA-Serie A,2425,Parma,2,38,58,5,,,,,,,,,,,,,,,,,,,,,,,,/en/squads/eab4234c/2024-2025/Parma-Stats
ITA-Serie A,2425,Roma,1,38,35,4,,,,,,,,,,,,,,,,,,,,,,,,/en/squads/cf74a709/2024-2025/Roma-Stats
ITA-Serie A,2425,Torino,2,38,45,3,,,,,,,,,,,,,,,,,,,,,,,,/en/squads/105360fe/2024-2025/Torino-Stats
ITA-Serie A,2425,Udinese,3,38,56,7,,,,,,,,,,,,,,,,,,,,,,,,/en/squads/04eea015/2024-2025/Udinese-Stats
ITA-Serie A,2425,Venezia,3,38,56,10,,,,,,,,,,,,,,,,,,,,,,,,/en/squads/af5d5982/2024-2025/Venezia-Stats
ITA-Serie A,2526,Atalanta,2,38,36,2,,,,,,,,,,,,,,,,,,,,,,,,/en/squads/922493f3/2025-2026/Atalanta-Stats
ITA-Serie A,2526,Bologna,3,38,49,4,,,,,,,,,,,,,,,,,,,,,,,,/en/squads/1d8099f8/2025-2026/Bologna-Stats
ITA-Serie A,2526,Cagliari,1,38,53,2,,,,,,,,,,,,,,,,,,,,,,,,/en/squads/c4260e09/2025-2026/Cagliari-Stats
ITA-Serie A,2526,Como,1,38,29,5,,,,,,,,,,,,,,,,,,,,,,,,/en/squads/28c9c3cd/2025-2026/Como-Stats
ITA-Serie A,2526,Cremonese,2,38,57,4,,,,,,,,,,,,,,,,,,,,,,,,/en/squads/9aad3a77/2025-2026/Cremonese-Stats
ITA-Serie A,2526,Fiorentina,3,38,50,5,,,,,,,,,,,,,,,,,,,,,,,,/en/squads/421387cf/2025-2026/Fiorentina-Stats
ITA-Serie A,2526,Genoa,3,38,52,7,,,,,,,,,,,,,,,,,,,,,,,,/en/squads/658bf2de/2025-2026/Genoa-Stats
ITA-Serie A,2526,Hellas Verona,2,38,61,2,,,,,,,,,,,,,,,,,,,,,,,,/en/squads/0e72edf2/2025-2026/Hellas-Verona-Stats
ITA-Serie A,2526,Inter,3,38,35,4,,,,,,,,,,,,,,,,,,,,,,,,/en/squads/d609edc0/2025-2026/Internazionale-Stats
ITA-Serie A,2526,Juventus,2,38,34,1,,,,,,,,,,,,,,,,,,,,,,,,/en/squads/e0652b02/2025-2026/Juventus-Stats
ITA-Serie A,2526,Lazio,3,38,40,3,,,,,,,,,,,,,,,,,,,,,,,,/en/squads/7213da33/2025-2026/Lazio-Stats
ITA-Serie A,2526,Lecce,1,38,50,4,,,,,,,,,,,,,,,,,,,,,,,,/en/squads/ffcbe334/2025-2026/Lecce-Stats
ITA-Serie A,2526,Milan,2,38,35,5,,,,,,,,,,,,,,,,,,,,,,,,/en/squads/dc56fe14/2025-2026/Milan-Stats
ITA-Serie A,2526,Napoli,3,38,36,7,,,,,,,,,,,,,,,,,,,,,,,,/en/squads/d48ad4ff/2025-2026/Napoli-Stats
ITA-Serie A,2526,Parma,3,38,46,5,,,,,,,,,,,,,,,,,,,,,,,,/en/squads/eab4234c/2025-2026/Parma-Stats
ITA-Serie A,2526,Pisa,3,38,71,5,,,,,,,,,,,,,,,,,,,,,,,,/en/squads/4cceedfc/2025-2026/Pisa-Stats
ITA-Serie A,2526,Roma,1,38,31,1,,,,,,,,,,,,,,,,,,,,,,,,/en/squads/cf74a709/2025-2026/Roma-Stats
ITA-Serie A,2526,Sassuolo,3,38,50,5,,,,,,,,,,,,,,,,,,,,,,,,/en/squads/e2befd26/2025-2026/Sassuolo-Stats
ITA-Serie A,2526,Torino,2,38,63,4,,,,,,,,,,,,,,,,,,,,,,,,/en/squads/105360fe/2025-2026/Torino-Stats
ITA-Serie A,2526,Udinese,3,38,53,6,,,,,,,,,,,,,,,,,,,,,,,,/en/squads/04eea015/2025-2026/Udinese-Stats
GER-Bundesliga,2425,Augsburg,2,34,51,5,,,,,,,,,,,,,,,,,,,,,,,,/en/squads/0cdc4311/2024-2025/Augsburg-Stats
GER-Bundesliga,2425,Bayern Munich,4,34,32,1,,,,,,,,,,,,,,,,,,,,,,,,/en/squads/054efa67/2024-2025/Bayern-Munich-Stats
GER-Bundesliga,2425,Bochum,2,34,68,3,,,,,,,,,,,,,,,,,,,,,,,,/en/squads/b42c6323/2024-2025/Bochum-Stats
GER-Bundesliga,2425,Dortmund,2,34,51,4,,,,,,,,,,,,,,,,,,,,,,,,/en/squads/add600ae/2024-2025/Dortmund-Stats
GER-Bundesliga,2425,Frankfurt,2,34,46,1,,,,,,,,,,,,,,,,,,,,,,,,/en/squads/f0ac8ee6/2024-2025/Eintracht-Frankfurt-Stats
GER-Bundesliga,2425,Freiburg,2,34,53,2,,,,,,,,,,,,,,,,,,,,,,,,/en/squads/a486e511/2024-2025/Freiburg-Stats
GER-Bundesliga,2425,Gladbach,4,34,57,7,,,,,,,,,,,,,,,,,,,,,,,,/en/squads/32f3ee20/2024-2025/Monchengladbach-Stats
GER-Bundesliga,2425,Heidenheim,2,34,64,6,,,,,,,,,,,,,,,,,,,,,,,,/en/squads/18d9d2a7/2024-2025/Heidenheim-Stats
GER-Bundesliga,2425,Hoffenheim,2,34,68,3,,,,,,,,,,,,,,,,,,,,,,,,/en/squads/033ea6b8/2024-2025/Hoffenheim-Stats
GER-Bundesliga,2425,Holstein Kiel,2,34,80,6,,,,,,,,,,,,,,,,,,,,,,,,/en/squads/2ac661d9/2024-2025/Holstein-Kiel-Stats
GER-Bundesliga,2425,Leverkusen,2,34,43,4,,,,,,,,,,,,,,,,,,,,,,,,/en/squads/c7a9f859/2024-2025/Leverkusen-Stats
GER-Bundesliga,2425,Mainz 05,2,34,43,4,,,,,,,,,,,,,,,,,,,,,,,,/en/squads/a224b06a/2024-2025/Mainz-05-Stats
GER-Bundesliga,2425,RB Leipzig,2,34,48,2,,,,,,,,,,,,,,,,,,,,,,,,/en/squads/acbb6a5b/2024-2025/RB-Leipzig-Stats
GER-Bundesliga,2425,St Pauli,2,34,41,1,,,,,,,,,,,,,,,,,,,,,,,,/en/squads/54864664/2024-2025/St-Pauli-Stats
GER-Bundesliga,2425,Stuttgart,1,34,53,2,,,,,,,,,,,,,,,,,,,,,,,,/en/squads/598bc722/2024-2025/Stuttgart-Stats
GER-Bundesliga,2425,Union Berlin,2,34,50,2,,,,,,,,,,,,,,,,,,,,,,,,/en/squads/7a41008f/2024-2025/Union-Berlin-Stats
GER-Bundesliga,2425,Werder Bremen,1,34,57,3,,,,,,,,,,,,,,,,,,,,,,,,/en/squads/62add3bf/2024-2025/Werder-Bremen-Stats
GER-Bundesliga,2425,Wolfsburg,2,34,54,2,,,,,,,,,,,,,,,,,,,,,,,,/en/squads/4eaa11d7/2024-2025/Wolfsburg-Stats
GER-Bundesliga,2526,Augsburg,1,34,61,6,,,,,,,,,,,,,,,,,,,,,,,,/en/squads/0cdc4311/2025-2026/Augsburg-Stats
GER-Bundesliga,2526,Bayern Munich,3,34,36,2,,,,,,,,,,,,,,,,,,,,,,,,/en/squads/054efa67/2025-2026/Bayern-Munich-Stats
GER-Bundesliga,2526,Dortmund,1,34,34,5,,,,,,,,,,,,,,,,,,,,,,,,/en/squads/add600ae/2025-2026/Dortmund-Stats
GER-Bundesliga,2526,Frankfurt,2,34,65,3,,,,,,,,,,,,,,,,,,,,,,,,/en/squads/f0ac8ee6/2025-2026/Eintracht-Frankfurt-Stats
GER-Bundesliga,2526,Freiburg,1,34,57,0,,,,,,,,,,,,,,,,,,,,,,,,/en/squads/a486e511/2025-2026/Freiburg-Stats
GER-Bundesliga,2526,Gladbach,1,34,53,5,,,,,,,,,,,,,,,,,,,,,,,,/en/squads/32f3ee20/2025-2026/Monchengladbach-Stats
GER-Bundesliga,2526,Hamburger SV,2,34,54,6,,,,,,,,,,,,,,,,,,,,,,,,/en/squads/26790c6a/2025-2026/Hamburger-SV-Stats
GER-Bundesliga,2526,Heidenheim,2,34,72,5,,,,,,,,,,,,,,,,,,,,,,,,/en/squads/18d9d2a7/2025-2026/Heidenheim-Stats
GER-Bundesliga,2526,Hoffenheim,1,34,52,5,,,,,,,,,,,,,,,,,,,,,,,,/en/squads/033ea6b8/2025-2026/Hoffenheim-Stats
GER-Bundesliga,2526,Köln,1,34,63,5,,,,,,,,,,,,,,,,,,,,,,,,/en/squads/bc357bf7/2025-2026/Koln-Stats
GER-Bundesliga,2526,Leverkusen,2,34,47,7,,,,,,,,,,,,,,,,,,,,,,,,/en/squads/c7a9f859/2025-2026/Leverkusen-Stats
GER-Bundesliga,2526,Mainz 05,3,34,53,2,,,,,,,,,,,,,,,,,,,,,,,,/en/squads/a224b06a/2025-2026/Mainz-05-Stats
GER-Bundesliga,2526,RB Leipzig,2,34,47,2,,,,,,,,,,,,,,,,,,,,,,,,/en/squads/acbb6a5b/2025-2026/RB-Leipzig-Stats
GER-Bundesliga,2526,St Pauli,1,34,60,3,,,,,,,,,,,,,,,,,,,,,,,,/en/squads/54864664/2025-2026/St-Pauli-Stats
GER-Bundesliga,2526,Stuttgart,1,34,49,9,,,,,,,,,,,,,,,,,,,,,,,,/en/squads/598bc722/2025-2026/Stuttgart-Stats
GER-Bundesliga,2526,Union Berlin,3,34,58,6,,,,,,,,,,,,,,,,,,,,,,,,/en/squads/7a41008f/2025-2026/Union-Berlin-Stats
GER-Bundesliga,2526,Werder Bremen,2,34,60,6,,,,,,,,,,,,,,,,,,,,,,,,/en/squads/62add3bf/2025-2026/Werder-Bremen-Stats
GER-Bundesliga,2526,Wolfsburg,1,34,69,7,,,,,,,,,,,,,,,,,,,,,,,,/en/squads/4eaa11d7/2025-2026/Wolfsburg-Stats
