player,team,league,age,season_nineties,seasons_played,np_xg_p90,npxg_per_shot,xa_p90,xg_chain_p90,big_chances_created_p90,box_shot_share,fifa_pace,ss_aerialDuelsWonPercentage,np_g_minus_xg,fifa_value_eur,fifa_release_clause_eur,fifa_contract_end,no_pace_data,team_poss,style_fit,score
Ousmane Dembélé,PSG,FRA-Ligue 1,28.0,31.0,2,0.7128980043794839,0.1556326629279155,0.45190256569654713,1.3637983445678987,0.7096774193548387,0.7253521126760564,91.0,36.6666666666665,5.900161864235997,122500000.0,226600000.0,2028.0,False,68.4,possession,2.1220458016606996
Bradley Barcola,PSG,FRA-Ligue 1,22.0,43.599999999999994,2,0.6192356336930204,0.19284766877868345,0.33755851768538225,1.2714225777911896,0.6651376146788992,0.8085106382978723,92.0,57.142857142857494,-1.9986736290156841,61500000.0,118400000.0,2028.0,False,68.4,possession,1.9507338945989345
Emanuel Emegha,Strasbourg,FRA-Ligue 1,22.0,30.4,2,0.7196357784682493,0.2804734316081382,0.10737672411395531,0.8554428353856663,0.19736842105263158,0.9487179487179487,89.0,69.8529411764705,-3.8769276654347777,22000000.0,43500000.0,2028.0,False,51.95,balanced,1.665172272482796
Kylian Mbappé,Real Madrid,ESP-La Liga,26.0,61.199999999999996,2,0.6953131801333109,0.13860966327087498,0.2718095851794275,1.0813792232497066,0.37581699346405234,0.7133550488599348,96.0,55.0,-1.5531666241586208,157000000.0,333600000.0,2029.0,False,59.95,possession,1.621345820905932
Erling Haaland,Manchester City,ENG-Premier League,25.0,63.199999999999996,2,0.7383002880135481,0.1994041803523771,0.14381193748934643,0.879439847732458,0.22151898734177217,0.905982905982906,88.0,57.321092278719505,-3.660578202456236,172500000.0,332100000.0,2034.0,False,61.0,possession,1.5102404170226496
Alexander Sørloth,Atlético Madrid,ESP-La Liga,29.0,39.4,2,0.8537858862637868,0.22883784978770885,0.06416996212931454,0.9502805321983199,0.10152284263959391,0.9251700680272109,77.0,62.07845262411951,-1.6391639187932014,36500000.0,76700000.0,2028.0,False,53.0,balanced,1.3949731973684842
Gonçalo Ramos,PSG,FRA-Ligue 1,24.0,26.4,2,0.826980406347888,0.1932060418370287,0.1846887854591125,0.996375286979883,0.26515151515151514,0.8761061946902655,73.0,50.0,-8.832282727584243,30500000.0,58700000.0,2028.0,False,68.4,possession,1.3732517428102404
Mateo Retegui,Atalanta,ITA-Serie A,25.0,26.5,1,0.7265025344940851,0.18511843427012747,0.20606294949099702,1.008912592845143,0.22641509433962265,0.9230769230769231,,42.148760330579,1.747682835906744,,,,True,55.25,possession,1.3698279343402393
Hugo Ekitike,Liverpool,ENG-Premier League,23.0,48.5,2,0.6752481849998543,0.17994251083787327,0.20595673840377748,0.9980225619888797,0.30927835051546393,0.7582417582417582,86.0,41.911288581912004,-7.749536972492933,74500000.0,143400000.0,2031.0,False,58.5,possession,1.320267897449115
Mika Biereth,Monaco,FRA-Ligue 1,22.0,25.5,2,0.5448138091494056,0.22775003497229251,0.2784881721816811,0.9941078915315515,0.47058823529411764,0.9180327868852459,75.0,31.888440860215,0.10724786669015707,21500000.0,45200000.0,2030.0,False,54.4,balanced,1.2667973808492943
Luis Díaz,Liverpool,ENG-Premier League,28.0,53.9,2,0.5049407485602959,0.17117173803396196,0.3036717825322127,1.18000714630165,0.463821892393321,0.8176100628930818,83.0,31.108597285068,0.78369365260005,80000000.0,132000000.0,2029.0,False,58.5,possession,1.2632961178998068
Lautaro Martínez,Inter,ITA-Serie A,27.0,52.5,2,0.6116520949062847,0.16552440712670075,0.21908076103954088,0.9182159601222901,0.4,0.8556701030927835,82.0,45.1127819548875,-3.1117349825799465,99000000.0,163400000.0,2029.0,False,59.599999999999994,possession,1.2122524203281595
Georges Mikautadze,Lyon,FRA-Ligue 1,24.0,41.5,2,0.5658486704510378,0.192481310030476,0.2281982582511313,0.8805964147470083,0.3855421686746988,0.8512396694214877,83.0,25.2642706131075,-2.482719823718071,25500000.0,55500000.0,2031.0,False,55.5,possession,1.1948122998999635
Karim Adeyemi,Dortmund,GER-Bundesliga,23.0,29.200000000000003,2,0.37525193625423187,0.142303331670436,0.3707338339483289,0.938623876706378,0.5136986301369862,0.7142857142857143,96.0,42.0833333333335,3.0426434613764286,43500000.0,77200000.0,2027.0,False,56.099999999999994,possession,1.181224371646406
Jamal Musiala,Bayern Munich,GER-Bundesliga,22.0,27.6,2,0.5542837978219208,0.15610441652943893,0.303871923841644,1.1978258984838275,0.43478260869565216,0.7448979591836735,80.0,66.6666666666665,-1.2982328198850155,116500000.0,201000000.0,2030.0,False,67.7,possession,1.1553691372296209
Nicolas Jackson,Bayern Munich,GER-Bundesliga,24.0,35.9,2,0.6218961702561147,0.1958427413350396,0.15493121932060938,0.8336952290287589,0.2785515320334262,0.8596491228070176,82.0,42.298850574713,-4.326072512194514,24500000.0,0.0,,False,67.7,possession,1.1166890000489207
Yoane Wissa,Newcastle,ENG-Premier League,28.0,38.3,2,0.6258287762751312,0.23271108865376236,0.0944912055259274,0.8376203286741173,0.10443864229765014,0.8640776699029126,85.0,44.155844155844,-4.9692421313375235,26500000.0,50400000.0,2029.0,False,51.9,balanced,1.1087242416269882
Alexander Isak,Liverpool,ENG-Premier League,25.0,38.4,2,0.5874380458165737,0.19446224964962439,0.16392745113989804,0.7932946791697759,0.3125,0.853448275862069,83.0,31.079875055779,-0.5576209593564272,96500000.0,185800000.0,2031.0,False,58.5,possession,1.0836603873890482
Marcus Thuram,Inter,ITA-Serie A,27.0,46.5,2,0.5165324795550557,0.17279683668568407,0.19384624368400985,0.7952998416718616,0.27956989247311825,0.8992805755395683,87.0,55.546097433211,2.981239700689912,58500000.0,96500000.0,2028.0,False,59.599999999999994,possession,1.0663443567431803
Jonathan Burkardt,Frankfurt,GER-Bundesliga,25.0,38.2,2,0.6309309985040058,0.21328817825533647,0.10194060531644764,0.7832988216761129,0.13089005235602094,0.8849557522123894,83.0,19.722222222222,0.8984358571469784,42000000.0,74600000.0,2030.0,False,52.35,balanced,1.047520427325059
Bukayo Saka,Arsenal,ENG-Premier League,23.0,43.9,2,0.3672501110686053,0.11682811504283892,0.4586908637051702,0.8103315847032706,0.7517084282460137,0.7608695652173914,83.0,37.820512820512505,-5.122279875911772,103500000.0,199200000.0,2030.0,False,56.65,possession,1.0283190357192282
Serhou Guirassy,Dortmund,GER-Bundesliga,29.0,54.9,2,0.7155149820208115,0.2270622688609396,0.10668044455200162,0.8745278911376696,0.14571948998178508,0.896551724137931,72.0,55.120726885218005,-5.281772512942553,54000000.0,91800000.0,2028.0,False,56.099999999999994,possession,1.0234010126327415
Rômulo,RB Leipzig,GER-Bundesliga,23.0,24.3,1,0.6246445901354645,0.24093434190939342,0.14842808269608168,0.9767886360057096,0.24691358024691357,0.9682539682539683,67.0,38.686131386861,-6.178863540291786,21500000.0,38200000.0,2030.0,False,53.1,balanced,0.9948835897770709
Folarin Balogun,Monaco,FRA-Ligue 1,24.0,31.6,2,0.5370863146867745,0.15714747726020437,0.16836503326091207,0.7083979171193853,0.3481012658227848,0.9074074074074074,84.0,25.123287671233,-2.9719275441020727,25500000.0,50400000.0,2028.0,False,54.4,balanced,0.9797723482313137
Breel Embolo,Monaco,FRA-Ligue 1,28.0,41.3,2,0.5184834401774926,0.2353117151574774,0.17792657967070546,0.802191023378843,0.26634382566585957,0.9130434782608695,78.0,46.7333654773385,-6.413366079330444,11000000.0,20900000.0,2029.0,False,54.4,balanced,0.9765750778679462
Jonathan David,Juventus,ITA-Serie A,25.0,48.2,2,0.5152929971512422,0.2178694952867533,0.18539581648789005,0.7648565886248505,0.2697095435684647,0.8859649122807017,81.0,27.8988431530805,-8.837122462689877,34500000.0,61200000.0,2030.0,False,57.400000000000006,possession,0.9723255027112404
Ragnar Ache,Köln,GER-Bundesliga,27.0,19.1,1,0.5760489821590054,0.2115872222930193,0.15555986803005503,0.6788655368523447,0.31413612565445026,0.8461538461538461,80.0,55.172413793103,-4.002535559237003,5000000.0,9400000.0,2029.0,False,47.0,COUNTER-risk,0.9605947526864577
Ermedin Demirović,Stuttgart,GER-Bundesliga,27.0,37.2,2,0.6339045633031155,0.22038551172781212,0.12125148312739466,0.8387671906240685,0.24193548387096772,0.9252336448598131,72.0,38.3453436807095,2.4187502451241016,23000000.0,39100000.0,2028.0,False,57.45,possession,0.9521851389094047
Said El Mala,Köln,GER-Bundesliga,18.0,21.7,1,0.5449294413049375,0.15979687670698842,0.19291376240105124,0.7946888171994742,0.3686635944700461,0.76,85.0,44.736842105263,0.17503112368285656,16000000.0,32000000.0,2030.0,False,47.0,COUNTER-risk,0.9470833802084138
Deniz Undav,Stuttgart,GER-Bundesliga,29.0,44.099999999999994,2,0.6865044241842906,0.15213490003280006,0.2322415906995062,1.1418243196883713,0.36281179138322,0.7715736040609137,67.0,39.285714285714505,-2.2748451065272093,31000000.0,52700000.0,2027.0,False,57.45,possession,0.9375340156719627
Désiré Doué,PSG,FRA-Ligue 1,20.0,34.2,2,0.3957787102186366,0.12305119899524884,0.40492396213506393,1.122424487046331,0.6140350877192982,0.6272727272727273,83.0,30.5555555555555,-0.5356318894773722,101000000.0,194400000.0,2029.0,False,68.4,possession,0.936943317970688
Maximilian Beier,Dortmund,GER-Bundesliga,22.0,40.2,2,0.44121633093822654,0.19279235330126857,0.2031337518467387,0.748190636982891,0.3731343283582089,0.8369565217391305,86.0,46.0227272727275,-0.7368965037167072,31000000.0,55000000.0,2029.0,False,56.099999999999994,possession,0.9331598495864807
Ibrahim Mbaye,PSG,FRA-Ligue 1,17.0,15.0,2,0.40180779149134954,0.16741991312139565,0.2126712283740441,0.8912232371668021,0.3333333333333333,0.8333333333333334,89.0,34.523809523809504,-2.027116872370243,8500000.0,17400000.0,2028.0,False,68.4,possession,0.9208152460138928
Patrik Schick,Leverkusen,GER-Bundesliga,29.0,40.8,2,0.7030167122481062,0.20487915614087668,0.10012612568543239,0.7808847248773365,0.14705882352941177,0.900709219858156,72.0,50.730837789660995,3.3169181402772665,54000000.0,91800000.0,2030.0,False,59.2,possession,0.9070924917983794
Gabriel Martinelli,Arsenal,ENG-Premier League,24.0,37.4,2,0.38958618985140386,0.1714179235346177,0.20944715945677644,0.7179410640090544,0.29411764705882354,0.9047619047619048,90.0,30.563186813187002,-5.570523500442505,35000000.0,67400000.0,2027.0,False,56.65,possession,0.9047560593947133
Orri Steinn Óskarsson,Real Sociedad,ESP-La Liga,20.0,19.8,2,0.6540610831268507,0.28153064012851403,0.03272874417216188,0.6673846410756761,0.10101010101010101,0.8913043478260869,74.0,39.644877435575,-0.9504094459116459,6500000.0,15000000.0,2030.0,False,52.55,balanced,0.8781345347083551
Tammy Abraham,Aston Villa,ENG-Premier League,27.0,16.3,2,0.5072790413432143,0.22347698307822686,0.1607966030507914,0.7362921410840163,0.36809815950920244,0.8918918918918919,76.0,48.069738480697,-4.268648373894393,11500000.0,21900000.0,2030.0,False,52.1,balanced,0.8745720158288908
Rafael Leão,Milan,ITA-Serie A,26.0,46.400000000000006,2,0.36100696844594743,0.1288517179683997,0.2698870298878193,0.7696752455928523,0.43103448275862066,0.7751937984496124,93.0,51.454545454545496,-1.750723335891962,49500000.0,87900000.0,2028.0,False,52.849999999999994,balanced,0.872559523675927
Ollie Watkins,Aston Villa,ENG-Premier League,29.0,60.4,2,0.5949974523715379,0.21519668337269993,0.11080175150950618,0.6729544028763148,0.18211920529801326,0.9161676646706587,77.0,39.989759344598,-5.937846123240888,30500000.0,58000000.0,2028.0,False,52.1,balanced,0.8630601593816551
Kai Havertz,Arsenal,ENG-Premier League,26.0,27.3,2,0.6126787725003647,0.2355793026656332,0.16138663747426354,0.7523577061273676,0.18315018315018314,0.8732394366197183,72.0,42.6518883415435,-5.726130489259958,38000000.0,73200000.0,2028.0,False,56.65,possession,0.8621070817096625
Kevin Schade,Brentford,ENG-Premier League,23.0,56.0,2,0.3667771217213677,0.18338856086068386,0.14785321178247354,0.591834690887481,0.26785714285714285,0.9553571428571429,92.0,51.615096905814,-1.539518816396594,25000000.0,49400000.0,2028.0,False,47.7,COUNTER-risk,0.8536361821825054
Christian Pulisic,Milan,ITA-Serie A,26.0,45.4,2,0.38357487137097096,0.15688557802019892,0.2699132503055463,0.8423122119092863,0.3744493392070485,0.7747747747747747,88.0,26.506390748630498,-1.4142991602420807,59000000.0,100300000.0,2027.0,False,52.849999999999994,balanced,0.8457995920846612
Martial Godo,Fulham,ENG-Premier League,22.0,17.900000000000002,2,0.48117416198027196,0.21007359754748461,0.13088039242189023,0.8587432138663429,0.11173184357541899,0.8536585365853658,85.0,25.0,1.386982500553131,9500000.0,20000000.0,2030.0,False,52.0,balanced,0.8341398055217147
Ademola Lookman,Atalanta,ITA-Serie A,27.0,40.7,2,0.4152439080673002,0.15504978952604695,0.27440887905602374,0.7602327622711219,0.34398034398034394,0.8058252427184466,86.0,40.625,-0.900427058339119,39500000.0,83000000.0,2030.0,False,55.25,possession,0.8321395167493507
Dango Ouattara,Bournemouth,ENG-Premier League,23.0,47.6,2,0.41235299522698926,0.16633900485427702,0.2490061876058829,0.6664936875869684,0.4621848739495798,0.788135593220339,85.0,45.2081563296515,-5.628002572804689,20000000.0,39500000.0,2030.0,False,49.3,balanced,0.8168489382538049
Viktor Gyökeres,Arsenal,ENG-Premier League,27.0,24.7,1,0.4691467293903895,0.21068953119895673,0.10743881507893564,0.5981863618862292,0.16194331983805668,0.9272727272727272,86.0,30.927835051546,-0.5879242159426195,73500000.0,136000000.0,2030.0,False,56.65,possession,0.8110997977680168
Artem Dovbyk,Roma,ITA-Serie A,28.0,31.299999999999997,2,0.5089489312860341,0.21240135399003823,0.1346475722048039,0.5990770382705494,0.22364217252396168,0.8533333333333334,83.0,53.482482059941,-2.9301015492528677,26500000.0,45100000.0,2029.0,False,55.099999999999994,possession,0.8052119689651822
Moise Kean,Fiorentina,ITA-Serie A,25.0,52.6,2,0.6506057957916772,0.16858061506720307,0.045342959849581754,0.6490913460194044,0.07604562737642585,0.7832512315270936,86.0,48.623930189629,-10.22186485864222,48500000.0,86100000.0,2029.0,False,51.05,balanced,0.7915275278747871
Lukas Nmecha,Wolfsburg,GER-Bundesliga,26.0,17.2,2,0.6007982128256456,0.20667458521202206,0.11045278883864021,0.7222645703248334,0.11627906976744186,0.9,74.0,48.785344484269004,-3.3337292606011033,9000000.0,17800000.0,2027.0,False,45.7,COUNTER-risk,0.7389482641387077
Gaëtan Laborde,Nice,FRA-Ligue 1,30.0,20.3,1,0.4669193161899233,0.12808732592777625,0.2514512062513182,0.7384462764697709,0.44334975369458124,0.8243243243243243,,50.515463917526,-2.478462118655443,,,,True,46.9,COUNTER-risk,0.7322807441488988
Nicolas Pépé,Villarreal,ESP-La Liga,30.0,43.3,2,0.31407448340542876,0.13076370318706793,0.31373779218446024,0.8180024585413466,0.5080831408775982,0.7425742574257426,87.0,44.459644322845506,-3.599425131455064,25000000.0,52500000.0,2028.0,False,46.05,COUNTER-risk,0.7246497316702497
Abdallah Sima,Lens,FRA-Ligue 1,24.0,21.8,2,0.5058819502421201,0.16217980169526794,0.11282338466016797,0.6328367699501575,0.09174311926605504,0.8805970149253731,87.0,50.3676470588235,-3.02822651527822,4400000.0,8700000.0,2029.0,False,52.650000000000006,balanced,0.7183600695294228
Thierno Barry,Everton,ENG-Premier League,22.0,47.1,2,0.4982085595196093,0.21140201039075315,0.0991552639080334,0.6224051460172911,0.19108280254777069,0.9090909090909091,80.0,56.220657276995496,-5.465623153373599,17000000.0,35700000.0,2029.0,False,42.349999999999994,COUNTER-risk,0.7153448786808921
Wesley Saïd,Lens,FRA-Ligue 1,30.0,32.2,2,0.44255279941681,0.18506753430157513,0.21317405360085623,0.7689281684919173,0.40372670807453415,0.8831168831168831,74.0,36.811201445348004,-0.25020014122128487,10000000.0,19000000.0,2030.0,False,52.650000000000006,balanced,0.7037776047284882
Noni Madueke,Arsenal,ENG-Premier League,23.0,36.1,2,0.3838957677959075,0.1319870211184025,0.19758114286819653,0.7035037685299184,0.3601108033240997,0.8301886792452831,88.0,41.060606060606,-4.8586372174322605,30000000.0,57800000.0,2030.0,False,56.65,possession,0.6975787375169775
Oliver Burke,Werder Bremen,GER-Bundesliga,28.0,28.6,2,0.3919831266743945,0.16247416554909686,0.13198052513432668,0.5922479414335498,0.17482517482517482,0.8529411764705882,93.0,54.985337243401496,-0.21071742288768291,3100000.0,5600000.0,2029.0,False,50.6,balanced,0.689950368358233
Pavel Šulc,Lyon,FRA-Ligue 1,24.0,17.4,1,0.47131789719750145,0.1863848048008301,0.19823616284919884,0.848861858676905,0.2873563218390805,0.8636363636363636,74.0,25.806451612903,1.7990685887634754,19000000.0,37500000.0,2029.0,False,55.5,possession,0.6805891035642622
Endrick,Real Madrid,ESP-La Liga,19.0,17.6,2,0.49110542707653204,0.11840350022667075,0.2961355282671072,0.825763946314427,0.056818181818181816,0.7083333333333334,87.0,30.0,-3.6434555165469646,30000000.0,0.0,,False,59.95,possession,0.674439226303096
Sirlord Conteh,Heidenheim,GER-Bundesliga,29.0,16.8,2,0.2926693622222436,0.21377588197103012,0.17180895532614418,0.5219381539306293,0.11904761904761904,0.8695652173913043,95.0,39.5299145299145,-1.916845285333693,1400000.0,2500000.0,2027.0,False,42.95,COUNTER-risk,0.6708812075822077
Richarlison,Tottenham,ENG-Premier League,28.0,27.4,2,0.5171232683121832,0.1816561224583823,0.15446894676390574,0.5368469525672441,0.21897810218978103,0.9358974358974359,76.0,35.093711683307,0.830822448246181,18000000.0,34200000.0,2027.0,False,52.55,balanced,0.6530625142125068
Beto,Everton,ENG-Premier League,27.0,34.4,2,0.5876303962865022,0.21972266991582254,0.0694923959997331,0.593393407383024,0.0872093023255814,0.9239130434782609,74.0,46.486928104575,-3.2144856322556734,8000000.0,15200000.0,2027.0,False,42.349999999999994,COUNTER-risk,0.6493095553983936
Bryan Mbeumo,Manchester Utd,ENG-Premier League,25.0,66.9,2,0.3344447902015372,0.14071922304706191,0.23120326459162793,0.6979559639800111,0.34379671150971597,0.759493670886076,90.0,24.0612648221345,3.625643535517156,64500000.0,127400000.0,2030.0,False,52.7,balanced,0.6266823659957425
Marvin Ducksch,Werder Bremen,GER-Bundesliga,30.0,26.9,1,0.33201978344567207,0.12579341091110674,0.37397747797039804,0.719548031466158,0.6319702602230484,0.7222222222222222,,40.816326530612,-1.9313321746885777,,,,True,50.6,balanced,0.6231384476513133
Dušan Vlahović,Juventus,ITA-Serie A,25.0,30.6,2,0.6152678421375896,0.1494221902334146,0.09775712282634248,0.786203126106533,0.13071895424836602,0.7857142857142857,77.0,46.928635953026,-6.827195969410241,34500000.0,61200000.0,2028.0,False,57.400000000000006,possession,0.6114300034472995
Amine Gouiri,Marseille,FRA-Ligue 1,25.0,37.8,2,0.4742839899919336,0.15065491446802595,0.22617510303105945,0.7619066730082509,0.3703703703703704,0.7416666666666667,77.0,33.3333333333335,3.0720651783049107,23500000.0,46400000.0,2029.0,False,60.2,possession,0.598600574537642
Matias Fernandez-Pardo,Lille,FRA-Ligue 1,20.0,38.1,2,0.33423570779169326,0.13993824688861004,0.19586499362421317,0.6650061657031376,0.2887139107611548,0.7692307692307693,92.0,10.22727272727265,-2.734380466863513,16500000.0,34700000.0,2029.0,False,56.8,possession,0.5954072871467807
Charles De Ketelaere,Atalanta,ITA-Serie A,24.0,47.2,2,0.29663971262210503,0.14895100463578043,0.36743918638992107,0.882260001943273,0.635593220338983,0.8191489361702128,71.0,47.9376108811355,-4.001394435763359,43500000.0,77200000.0,2028.0,False,55.25,possession,0.5825786347898435
Nick Woltemade,Stuttgart,GER-Bundesliga,23.0,40.1,2,0.4525391923314764,0.22403483472212596,0.20551463695907235,0.6855048726491648,0.22443890274314213,0.9795918367346939,67.0,22.3684210526315,-1.1468216124922037,32000000.0,63200000.0,2031.0,False,57.45,possession,0.5751948360735323
João Pedro,Brighton,ENG-Premier League,23.0,51.2,2,0.4058887227802188,0.1731791883862267,0.18754079461359652,0.6873115489725024,0.33203125,0.8333333333333334,79.0,47.6214796439515,-0.7815026063472033,44000000.0,86900000.0,2033.0,False,53.099999999999994,balanced,0.5715402342934206
Noah Okafor,Milan,ITA-Serie A,25.0,22.3,2,0.3823660406797723,0.17764088973247757,0.13558072309456598,0.6519261651542957,0.22421524663677128,0.7755102040816326,88.0,36.931818181818,0.47323729284107685,10000000.0,19800000.0,2029.0,False,52.849999999999994,balanced,0.5602389175493956
Julián Álvarez,Atlético Madrid,ESP-La Liga,25.0,49.0,2,0.364305196776606,0.14167424319090233,0.2596733041715865,0.8696782345674476,0.3877551020408163,0.6015625,86.0,24.861111111111,1.1490453579463065,91000000.0,197900000.0,2030.0,False,53.0,balanced,0.5495655741327473
Lucas Stassin,Saint-Étienne,FRA-Ligue 1,19.0,21.0,1,0.400430828332901,0.19111471352252093,0.183286024213192,0.5957101438460606,0.3333333333333333,0.8181818181818182,,34.69387755102,3.590952605009079,,,,True,47.1,COUNTER-risk,0.5373859516733454
Ansgar Knauff,Frankfurt,GER-Bundesliga,23.0,32.4,2,0.27589746348467875,0.1396730908891186,0.2564828188652978,0.7266236175955446,0.3395061728395062,0.7538461538461538,89.0,33.621453900709,-0.9390778169035912,15000000.0,26600000.0,2028.0,False,52.35,balanced,0.5231539991192028
Benjamin Šeško,Manchester Utd,ENG-Premier League,22.0,44.7,2,0.4884049155951479,0.1692379823806443,0.07023648656821357,0.6506378689918342,0.11185682326621924,0.7596899224806202,86.0,55.1348055818995,0.16830027289688587,43000000.0,90300000.0,2030.0,False,52.7,balanced,0.5212730834957824
Tim Kleindienst,Gladbach,GER-Bundesliga,29.0,30.5,2,0.46314173008574816,0.18834430356820425,0.2021104436917383,0.7266911551600597,0.36065573770491804,0.88,67.0,51.8817204301075,0.8741772323846817,21000000.0,35700000.0,2029.0,False,48.150000000000006,balanced,0.5100149658669402
Loïs Openda,Juventus,ITA-Serie A,25.0,35.3,2,0.3661028439015488,0.12547019795849196,0.12361251329607398,0.5884487462090197,0.226628895184136,0.7307692307692307,95.0,34.0970350404315,-2.923430389724672,38500000.0,0.0,,False,57.400000000000006,possession,0.5009194678219696
Brahim Díaz,Real Madrid,ESP-La Liga,25.0,29.4,2,0.27385417346646185,0.18723983023055765,0.23590653989033233,0.8629581379089631,0.3741496598639456,0.813953488372093,,18.8235294117645,-3.0513126999139786,,,,True,59.95,possession,0.4919954732998206
Jeremy Doku,Manchester City,ENG-Premier League,23.0,36.6,2,0.16104892356819955,0.08668221474406035,0.3333289547482393,0.8035297809382442,0.5737704918032787,0.7058823529411765,92.0,16.6666666666665,2.105609397403896,49500000.0,95300000.0,2028.0,False,61.0,possession,0.48794177740763917
Christopher Nkunku,Chelsea,ENG-Premier League,27.0,25.299999999999997,2,0.4411830589646408,0.20670243318158169,0.14337359408557182,0.6122925461973009,0.158102766798419,0.8518518518518519,77.0,38.125802310655004,-6.16193139180541,27500000.0,46800000.0,2030.0,False,57.400000000000006,possession,0.4866403352533516
Malick Fofana,Lyon,FRA-Ligue 1,20.0,26.0,2,0.27297913877723307,0.1419491521641612,0.20043244227193868,0.71062780257601,0.34615384615384615,0.84,86.0,7.142857142857,-0.09745760820806026,31000000.0,65099999.99999999,2028.0,False,55.5,possession,0.4730654473800666
Omar Marmoush,Manchester City,ENG-Premier League,26.0,37.0,2,0.34334705296803164,0.11872748560576796,0.23145924548845034,0.5881167479060792,0.3783783783783784,0.6915887850467289,89.0,33.333333333333,3.296159040182829,39500000.0,73100000.0,2029.0,False,61.0,possession,0.4707223626053197
Kaoru Mitoma,Brighton,ENG-Premier League,28.0,48.0,2,0.3127474451903254,0.1686727794284901,0.17692427760145316,0.6811178725523254,0.25,0.8202247191011236,85.0,45.8333333333335,-2.011877369135618,26000000.0,49400000.0,2027.0,False,53.099999999999994,balanced,0.4591441922838848
Mohamed Amoura,Wolfsburg,GER-Bundesliga,25.0,48.7,2,0.38083723038664463,0.1363733317634529,0.170042156079283,0.6363148438061532,0.22587268993839835,0.6888888888888889,90.0,32.7825159914715,-3.546773119829595,28500000.0,50600000.0,2029.0,False,45.7,COUNTER-risk,0.45448581784304876
Jean-Philippe Mateta,Crystal Palace,ENG-Premier League,28.0,54.0,2,0.5045007141996865,0.20638665580896265,0.09448897110781183,0.6254329921815682,0.16666666666666666,0.7969924812030075,75.0,39.016480595428,-7.243038566783071,31000000.0,58900000.0,2027.0,False,44.349999999999994,COUNTER-risk,0.4498179179264715
M'Bala Nzola,Pisa,ITA-Serie A,28.0,33.2,2,0.45045057771705,0.17389487418844257,0.0739226854092116,0.5804305772734694,0.06024096385542168,0.872093023255814,83.0,52.281052281052496,-6.95495918020606,3100000.0,0.0,,False,40.2,COUNTER-risk,0.4458419421673393
Vladyslav Vanat,Girona,ESP-La Liga,23.0,21.6,1,0.33643516470436696,0.26914813176349356,0.09741320542094334,0.40977378186114405,0.13888888888888887,0.9259259259259259,80.0,33.333333333333,-1.2669995576143265,16000000.0,34800000.0,2030.0,False,53.5,balanced,0.4397652936361134
Santiago Giménez,Milan,ITA-Serie A,24.0,17.3,2,0.43284552117992686,0.1497645503282547,0.12908941274778002,0.5895126229851921,0.23121387283236994,0.9,78.0,32.487922705314,-2.488227516412735,27000000.0,47900000.0,2029.0,False,52.849999999999994,balanced,0.4392291605308049
Vinicius Júnior,Real Madrid,ESP-La Liga,25.0,56.3,2,0.3771335261726676,0.11730727913547616,0.2805416121231938,0.8267565436833282,0.3552397868561279,0.7142857142857143,,6.25,-0.23261752352118492,,,,True,59.95,possession,0.43832725563948194
Bazoumana Touré,Hoffenheim,GER-Bundesliga,19.0,32.4,2,0.2152138414654743,0.1040735591564383,0.27698232752075536,0.6203622260004467,0.4012345679012346,0.7910447761194029,91.0,43.9851097178685,-1.9729284634813666,23000000.0,43700000.0,2029.0,False,52.0,balanced,0.43759811598024173
Rasmus Højlund,Manchester Utd,ENG-Premier League,22.0,52.900000000000006,2,0.3481325285688803,0.2001762039271062,0.10224577314123538,0.5315740193136472,0.17013232514177692,0.8586956521739131,85.0,30.218253968254,-2.416210761293769,22000000.0,0.0,,False,52.7,balanced,0.4366075226774627
Christoph Baumgartner,RB Leipzig,GER-Bundesliga,25.0,48.8,2,0.4595979880236212,0.1869031817962726,0.12421387669508209,0.653129434480225,0.1639344262295082,0.85,74.0,50.7158418923125,-7.4283818155527115,32500000.0,57700000.0,2028.0,False,53.1,balanced,0.39718549668172
Rodrygo,Real Madrid,ESP-La Liga,24.0,29.0,2,0.261128404274069,0.09349041634503706,0.2374629076441814,0.7647540336153631,0.41379310344827586,0.7654320987654321,87.0,15.217391304348,-0.5727237239480019,57500000.0,122200000.0,2028.0,False,59.95,possession,0.39545787587359177
Sheraldo Becker,Mainz 05,GER-Bundesliga,30.0,23.4,2,0.28647670912373274,0.13144225477441854,0.22771628446176523,0.6498143702554398,0.17094017094017094,0.72,92.0,14.5833333333335,-1.7035549934953451,3000000.0,5100000.0,2030.0,False,47.2,COUNTER-risk,0.38789275075976787
Junior Adamu,Freiburg,GER-Bundesliga,24.0,22.2,2,0.36526013916643624,0.1801950019887752,0.14861610739047196,0.47767126043369107,0.2702702702702703,0.8837209302325582,,38.609625668449,-5.108775089494884,,,,True,48.45,balanced,0.3860971128245059
Fábio Silva,Dortmund,GER-Bundesliga,23.0,29.799999999999997,2,0.3071373637965662,0.12712074223802322,0.1760885338830268,0.57143834669568,0.3691275167785235,0.9166666666666666,81.0,39.111635220126004,0.8473065588623285,28500000.0,54200000.0,2030.0,False,56.099999999999994,possession,0.38470983410916365
Boulaye Dia,Lazio,ITA-Serie A,28.0,38.1,2,0.2519031822329431,0.1881864949622575,0.1659307899711326,0.5264413946129753,0.26246719160104987,0.9019607843137255,84.0,27.187028657617,0.40248875692486763,14500000.0,24700000.0,2027.0,False,52.75,balanced,0.3825048689140309
Francesco Esposito,Inter,ITA-Serie A,20.0,17.5,1,0.5636865868100098,0.1730616713890381,0.11752445335899081,0.7714694463780948,0.11428571428571428,0.9122807017543859,64.0,52.5,-2.864515269175172,16500000.0,30500000.0,2027.0,False,59.599999999999994,possession,0.38157348806545427
Harvey Barnes,Newcastle,ENG-Premier League,27.0,41.3,2,0.38124928688382415,0.1301288888289416,0.18057800218300585,0.643438451921175,0.2905569007263923,0.743801652892562,83.0,31.126482213439,0.2544044516980648,22500000.0,42800000.0,2028.0,False,51.9,balanced,0.37955037043767476
Rémy Labeau Lascary,Lens,FRA-Ligue 1,22.0,20.4,2,0.40909789164788,0.173866603950349,0.18675865970698058,0.6538068655622649,0.29411764705882354,0.75,76.0,36.826923076922995,-1.3455969896167517,6000000.0,0.0,,False,52.650000000000006,balanced,0.374384017180959
Jonathan Rowe,Marseille,FRA-Ligue 1,22.0,27.5,2,0.3279298209331252,0.10735797709120172,0.2526971543377096,0.6521754675290802,0.4727272727272727,0.6428571428571429,84.0,36.363636363636,-3.018070075660944,11500000.0,21900000.0,2029.0,False,60.2,possession,0.35121469517086884
Brennan Johnson,Crystal Palace,ENG-Premier League,24.0,43.4,2,0.3169593900819802,0.17864983804620704,0.09745934600448279,0.5003962823305674,0.1152073732718894,0.8961038961038961,86.0,37.962962962963,-0.7560375295579416,24000000.0,47400000.0,2030.0,False,44.349999999999994,COUNTER-risk,0.3401830618623177
Brian Brobbey,Sunderland,ENG-Premier League,23.0,21.4,1,0.33233109339375366,0.19755237218406468,0.07048752829084329,0.43402273791067514,0.09345794392523366,0.9444444444444444,84.0,46.762589928058,-0.1118853986263284,17000000.0,35700000.0,2030.0,False,44.9,COUNTER-risk,0.3394284441254778
Umar Sadiq,Valencia,ESP-La Liga,28.0,23.5,2,0.42286735709677353,0.18067968894134867,0.11098680657116657,0.5915413744589115,0.1702127659574468,0.7407407407407407,81.0,42.763157894737,-0.9373828917741776,7500000.0,15800000.0,2028.0,False,48.05,balanced,0.33872945797431103
Dominic Calvert-Lewin,Everton,ENG-Premier League,28.0,48.099999999999994,2,0.48752608834891714,0.19065044593156838,0.047500325122890756,0.5344138657693557,0.06237006237006238,0.9354838709677419,73.0,45.4833920950085,-10.45000484958291,11000000.0,20900000.0,2028.0,False,42.349999999999994,COUNTER-risk,0.3188370700248696
Dominic Solanke,Tottenham,ENG-Premier League,27.0,35.6,2,0.4281244348483474,0.1905153735075146,0.08592117860327275,0.5900636335227931,0.19662921348314605,0.9375,71.0,37.8887697257545,-4.241229880601168,23000000.0,43700000.0,2030.0,False,52.55,balanced,0.3157326083806938
Adam Daghim,Wolfsburg,GER-Bundesliga,19.0,15.2,1,0.20452690139216814,0.11514107041336873,0.202282000896766,0.6438570351977098,0.39473684210526316,0.8148148148148148,88.0,44.186046511628,-1.1088089011609554,5000000.0,0.0,,False,45.7,COUNTER-risk,0.3143940658542829
Hugo Duro,Valencia,ESP-La Liga,25.0,46.1,2,0.40783857381266264,0.22382569348528272,0.06913893821764405,0.47262196006847307,0.08676789587852494,0.9764705882352941,73.0,34.1098484848485,0.19864174723625183,13500000.0,29400000.0,2028.0,False,48.05,balanced,0.3053381972334428
Álvaro Rodríguez,Getafe,ESP-La Liga,21.0,34.0,2,0.3965531064690474,0.1361899557570466,0.132339653230327,0.5171298848410302,0.23529411764705882,0.8415841584158416,80.0,55.7625534188035,-4.482805619947612,5000000.0,12000000.0,2029.0,False,41.0,COUNTER-risk,0.3048338173013452
Evanilson,Bournemouth,ENG-Premier League,25.0,56.3,2,0.4401986700934267,0.1709185181121374,0.08853116436641445,0.5566060777297028,0.08880994671403197,0.8951048951048951,76.0,37.803030303030496,-8.783185126259923,21500000.0,42500000.0,2029.0,False,49.3,balanced,0.29244063886790606
Anthony Gordon,Newcastle,ENG-Premier League,24.0,46.9,2,0.30163889079650585,0.13221368204071143,0.18207823885465738,0.5593272033276588,0.2345415778251599,0.6635514018691588,91.0,36.764705882353,-6.146863978356123,41500000.0,82000000.0,2030.0,False,51.9,balanced,0.2834249896260399
Jonathan Ikone,Como,ITA-Serie A,27.0,21.9,2,0.3224435470760141,0.14123027361929416,0.1384528437586816,0.6163275284377951,0.31963470319634707,0.84,80.0,32.887700534759,-2.0615136809647083,6000000.0,11400000.0,2027.0,False,58.1,possession,0.28297107703357904
Leandro Trossard,Arsenal,ENG-Premier League,30.0,50.5,2,0.3068370703829102,0.12396217643469572,0.23824558628372627,0.6440441085412951,0.4158415841584158,0.72,80.0,25.7894736842105,-1.495272054336965,35000000.0,64800000.0,2027.0,False,56.65,possession,0.2743011658963522
Joaquín Panichelli,Strasbourg,FRA-Ligue 1,22.0,24.4,1,0.4162057597556564,0.17509345755237957,0.12100307492264471,0.6002303867860407,0.20491803278688525,0.9491525423728814,69.0,43.165467625899,0.8445794619619846,24000000.0,50400000.0,2030.0,False,51.95,balanced,0.2695774683334187
Andrej Ilic,Union Berlin,GER-Bundesliga,25.0,35.5,2,0.4300054170611039,0.1557672684251958,0.1435376267198106,0.496934086451648,0.19718309859154928,0.94,71.0,47.039199332777,-4.2651923056691885,5500000.0,10300000.0,2027.0,False,40.1,COUNTER-risk,0.2673681645411759
Williot Swedberg,Celta Vigo,ESP-La Liga,21.0,29.1,2,0.3644025867926501,0.19280209592120215,0.1489617306854307,0.6218592297682647,0.24054982817869414,0.8181818181818182,74.0,23.641304347826,-1.6041152756661177,11500000.0,26500000.0,2029.0,False,52.0,balanced,0.2659811900726719
Mikel Oyarzabal,Real Sociedad,ESP-La Liga,28.0,55.1,2,0.3293780466294873,0.1487600849941373,0.16077956316583603,0.6243995031149223,0.308529945553539,0.8032786885245902,,32.831275033378,-5.148730369284749,,,,True,52.55,balanced,0.26436895019223994
Afonso Moreira,Lyon,FRA-Ligue 1,20.0,19.1,1,0.16550892798220299,0.07903051311150193,0.3103302821458478,0.6929685917551293,0.5235602094240838,0.625,91.0,22.5,0.8387794755399227,12500000.0,26300000.0,2029.0,False,55.5,possession,0.26088414345567745
Oumar Diakité,Reims,FRA-Ligue 1,20.0,18.1,1,0.29654099672868106,0.19879229780700472,0.09600090624466126,0.565936952541217,0.11049723756906077,0.9629629629629629,,29.411764705882,-1.3673920407891273,,,,True,44.1,COUNTER-risk,0.260675933235278
Joshua Zirkzee,Manchester Utd,ENG-Premier League,24.0,22.6,2,0.40110706079718284,0.17103810517011947,0.14274304576086258,0.6966136383568555,0.2654867256637168,0.8490566037735849,70.0,34.165834165834,-4.065019574016333,16000000.0,31600000.0,2029.0,False,52.7,balanced,0.25693757746763446
Arda Güler,Real Madrid,ESP-La Liga,20.0,36.3,2,0.24271281066635425,0.10011903439987112,0.41373455312010676,0.790128236887951,0.6887052341597797,0.5227272727272727,77.0,36.437246963563,-1.8104750271886587,56500000.0,127100000.0,2029.0,False,59.95,possession,0.25494761881248423
Justin Njinmah,Werder Bremen,GER-Bundesliga,24.0,32.2,2,0.3505985567820553,0.12139003793959335,0.0930413869007126,0.6143487950567132,0.12422360248447203,0.7849462365591398,88.0,44.590643274853505,-3.289273528382182,3600000.0,6400000.0,2027.0,False,50.6,balanced,0.2533391146050018
Rodrigo Muniz,Fulham,ENG-Premier League,24.0,21.799999999999997,2,0.5221841187822983,0.15810574707575142,0.07993094746980373,0.5745096017666367,0.09174311926605505,0.9295774647887324,68.0,52.299843014128996,-2.3836137894541025,11500000.0,22700000.0,2030.0,False,52.0,balanced,0.24840760853864174
Emersonn,Toulouse,FRA-Ligue 1,21.0,16.7,1,0.4440141726887512,0.145392876154944,0.1125040164072357,0.48916778822769663,0.059880239520958084,0.7884615384615384,81.0,43.971631205674,-0.41503668390214443,5000000.0,11000000.0,2029.0,False,43.65,COUNTER-risk,0.23301866386799264
Cameron Archer,Southampton,ENG-Premier League,23.0,16.0,1,0.38540445046965033,0.2126369381901519,0.02959282597294077,0.4667018223553896,0.0,0.9310344827586207,,23.076923076923,-4.166471207514405,,,,True,48.5,balanced,0.232288222853985
Jorge de Frutos,Rayo Vallecano,ESP-La Liga,28.0,55.099999999999994,2,0.33389490151848855,0.15997920933624973,0.13573490680717676,0.5465682727468967,0.21778584392014522,0.8521739130434782,,37.377450980392,-3.3976090736687183,,,,True,52.6,balanced,0.22929400396257205
Khvicha Kvaratskhelia,Napoli,ITA-Serie A,24.0,39.7,2,0.2683342547538298,0.09263365142371344,0.23798893133098592,0.6532945686608778,0.3526448362720403,0.6869565217391305,86.0,40.217391304348,0.34713008627295494,125000000.0,240600000.0,2029.0,False,56.8,possession,0.21055208935297565
Dženan Pejčinović,Wolfsburg,GER-Bundesliga,20.0,16.2,1,0.5118166355784108,0.1625770489484364,0.10157331502364006,0.6087606866487566,0.1851851851851852,0.82,67.0,36.95652173913,-0.29142949637025595,4700000.0,8900000.0,2029.0,False,45.7,COUNTER-risk,0.19795667327017802
Tiago Tomás,Stuttgart,GER-Bundesliga,23.0,32.2,2,0.34464472627139975,0.144124158258949,0.12005660520947496,0.5396991115503059,0.18633540372670807,0.7012987012987013,86.0,26.84331797235,-0.09756018593907356,12000000.0,22800000.0,2029.0,False,57.45,possession,0.1937746129317352
Phil Harres,Holstein Kiel,GER-Bundesliga,22.0,17.2,1,0.35284907004774313,0.16402713526543733,0.09808407841943378,0.5118346413554148,0.11627906976744186,0.8918918918918919,,43.548387096774,1.9309959951788187,,,,True,43.6,COUNTER-risk,0.19196057290434917
Gorka Guruzeta,Athletic Club,ESP-La Liga,28.0,46.7,2,0.3805589573996289,0.12428044273120749,0.10605798023144616,0.5416979359530661,0.19271948608137043,0.8601398601398601,,37.561705310396505,-1.7721033105626702,,,,True,48.5,balanced,0.19001325974219174
Sofiane Diop,Nice,FRA-Ligue 1,25.0,35.5,2,0.3439366109931553,0.16065460118759228,0.1885235258706019,0.7290584466774279,0.3380281690140845,0.5921052631578947,,28.1524926686215,-0.20974969025701284,,,,True,46.9,COUNTER-risk,0.18947400033792444
Pedro Neto,Chelsea,ENG-Premier League,25.0,54.4,2,0.1759302573319634,0.0911486285605601,0.26654901933130426,0.6194984054138118,0.4227941176470588,0.6476190476190476,91.0,27.5898520084565,-0.5706059988588095,36500000.0,72100000.0,2031.0,False,57.400000000000006,possession,0.18501144645846299
Mohamed Ali Cho,Nice,FRA-Ligue 1,21.0,36.5,2,0.23482698008213956,0.12422006917388542,0.2182146468748377,0.6090103106649771,0.4383561643835616,0.7761194029850746,80.0,27.536231884058,-1.5711847729980946,11500000.0,24200000.0,2028.0,False,46.9,COUNTER-risk,0.17897609667092432
Tim Lemperle,Hoffenheim,GER-Bundesliga,23.0,21.6,1,0.40066193090751767,0.16328863599249777,0.11923428150583748,0.6187569568175132,0.09259259259259259,0.8301886792452831,75.0,43.023255813953,-1.6542977076023817,11000000.0,19500000.0,2029.0,False,52.0,balanced,0.17162778554885066
Esteban Lepaul,Angers,FRA-Ligue 1,25.0,47.900000000000006,2,0.4179433562709232,0.15640224035450956,0.09467221255995534,0.5246410889469382,0.0835073068893528,0.8515625,76.0,43.506411868242,6.9805132346227765,23500000.0,46400000.0,2029.0,False,41.55,COUNTER-risk,0.16152981971411012
Goduine Koyalipou,Angers,FRA-Ligue 1,25.0,19.9,2,0.45953854497278757,0.14288776632747613,0.06259741448801966,0.5476912577173219,0.15075376884422112,0.8076923076923077,75.0,44.0650406504065,-4.144817044958472,3100000.0,0.0,,False,41.55,COUNTER-risk,0.1530164740458932
Sergio Camello,Rayo Vallecano,ESP-La Liga,24.0,21.7,2,0.3606348831532738,0.13264028753264476,0.17977975952666478,0.5902597474681068,0.3225806451612903,0.7288135593220338,76.0,29.1505791505795,0.17422303557395935,4700000.0,10200000.0,2027.0,False,52.6,balanced,0.15145648984465349
Valentín Castellanos,West Ham,ENG-Premier League,26.0,49.6,2,0.422728783544904,0.1327047320495395,0.088246408211548,0.5243881589980915,0.2620967741935484,0.7109375,,50.746268656716495,-6.9673476638272405,,,,True,45.5,COUNTER-risk,0.14613656247975698
Julian Brandt,Dortmund,GER-Bundesliga,29.0,43.400000000000006,2,0.22313603742932253,0.11809882956625121,0.33007071126029236,0.8472703914437013,0.5529953917050691,0.6341463414634146,74.0,40.4941860465115,2.3158959755674005,30000000.0,51000000.0,2030.0,False,56.099999999999994,possession,0.14434067793294722
Phil Foden,Manchester City,ENG-Premier League,25.0,42.9,2,0.3000621590546239,0.11809785893067308,0.2678185820119295,0.7843500373576766,0.4195804195804196,0.5045871559633027,81.0,25.0,1.127333376556635,71500000.0,137600000.0,2027.0,False,61.0,possession,0.1407742296860881
David Neres,Napoli,ITA-Serie A,28.0,24.5,2,0.18281040108781688,0.0973664092750329,0.29230792820453644,0.6890789045363056,0.6122448979591837,0.5217391304347826,86.0,21.825396825396503,0.5211451733484864,26000000.0,44200000.0,2028.0,False,56.8,possession,0.1344861084181623
Álex Baena,Atlético Madrid,ESP-La Liga,24.0,46.1,2,0.1786144483034497,0.08317299057362658,0.41601156266385975,0.7577868565561455,0.737527114967462,0.48484848484848486,79.0,35.472972972973,0.765873933210969,46000000.0,100100000.0,2030.0,False,53.0,balanced,0.12887142875492177
Iván Romero,Levante,ESP-La Liga,24.0,25.1,1,0.3526192108740607,0.1500125795413377,0.1149696044891004,0.5865107719003559,0.199203187250996,0.7627118644067796,,46.153846153846,-1.8507421929389238,,,,True,42.9,COUNTER-risk,0.12745778715766437
Jacob Murphy,Newcastle,ENG-Premier League,30.0,44.2,2,0.2197043828211084,0.11424627906697638,0.3196123023664924,0.6170137398939461,0.588235294117647,0.5411764705882353,81.0,30.325814536341,1.2890662793070078,17000000.0,32300000.0,2027.0,False,51.9,balanced,0.11934451551644437
Cyle Larin,Mallorca,ESP-La Liga,29.0,19.6,1,0.33168632812721993,0.16669364182803875,0.08069338790160052,0.3421223351769909,0.1020408163265306,0.9487179487179487,,43.421052631579,-0.5010520312935114,,,,True,46.9,COUNTER-risk,0.11746547524499885
Amine Adli,Leverkusen,GER-Bundesliga,25.0,20.7,2,0.30840585629145306,0.16369233910854047,0.10606504283881418,0.556543259319044,0.0966183574879227,0.75,84.0,48.7647690655205,-1.384001225233078,14000000.0,27700000.0,2030.0,False,59.2,possession,0.10589021508016601
Dennis Man,Parma,ITA-Serie A,25.0,22.2,1,0.3155166709476763,0.14294836928649823,0.2092503151344555,0.5655132618371967,0.22522522522522523,0.7142857142857143,,34.615384615385,-3.004470095038414,,,,True,44.2,COUNTER-risk,0.10559067611688133
Jeremie Boga,Juventus,ITA-Serie A,28.0,26.4,2,0.29018594064947334,0.14186868209529807,0.15055877064834491,0.5539376171531551,0.1893939393939394,0.7222222222222222,84.0,35.064935064935,-2.6609088331460953,7500000.0,0.0,,False,57.400000000000006,possession,0.10245103633958444
Roberto Piccoli,Fiorentina,ITA-Serie A,24.0,53.300000000000004,2,0.44994034046939735,0.16654041768763111,0.051259296434262226,0.495640594891393,0.05628517823639775,0.8620689655172413,73.0,39.510844855714,-10.98182014701888,8500000.0,15100000.0,2030.0,False,51.05,balanced,0.09979238255199133
Thijs Dallinga,Bologna,ITA-Serie A,24.0,21.8,2,0.4322217886737727,0.17131699987433174,0.05776038248126113,0.5498075809483545,0.04587155963302752,0.9074074074074074,71.0,45.0,-4.422434993088245,8500000.0,15100000.0,2028.0,False,56.650000000000006,possession,0.09960204428397613
Arnaut Danjuma,Girona,ESP-La Liga,28.0,35.1,2,0.2535783741463963,0.12361945739636819,0.18592651174576194,0.4684902782793398,0.2564102564102564,0.7777777777777778,84.0,46.0526315789475,-1.9006009325385094,5500000.0,11600000.0,2028.0,False,53.5,balanced,0.09913194088807153
Anton Kade,Augsburg,GER-Bundesliga,21.0,19.4,1,0.34599448573420344,0.13983943798424056,0.15949477047957097,0.5627131830785693,0.2061855670103093,0.7916666666666666,76.0,41.860465116279,-0.7122930232435465,6000000.0,12000000.0,2029.0,False,44.15,COUNTER-risk,0.0969870768408752
Ange-Yoan Bonny,Inter,ITA-Serie A,21.0,40.8,2,0.2737819841679405,0.13141535240061142,0.17012419678983007,0.5190364422970543,0.3431372549019608,0.7906976744186046,,31.4912280701755,-2.1703049540519714,,,,True,59.599999999999994,possession,0.09655773624609286
Takuma Asano,Mallorca,ESP-La Liga,30.0,19.1,2,0.27206405246367005,0.11547607560124662,0.1020676451515777,0.5194033941751375,0.15706806282722513,0.9111111111111111,83.0,23.168103448276,-2.196423402056098,4100000.0,8600000.0,2028.0,False,46.9,COUNTER-risk,0.09356881876474188
Jørgen Strand Larsen,Wolves,ENG-Premier League,25.0,54.3,2,0.30721092195306693,0.1702199292046075,0.07449702013277108,0.43531838200753126,0.1289134438305709,0.9081632653061225,,39.667723376775996,0.31844693794846535,,,,True,45.45,COUNTER-risk,0.08808143092788201
Giacomo Raspadori,Atalanta,ITA-Serie A,25.0,23.700000000000003,2,0.3616609950530252,0.12244807975366712,0.14305901737247084,0.6115032130467237,0.16877637130801687,0.7142857142857143,80.0,30.625,0.42863441724330187,19000000.0,33700000.0,2030.0,False,55.25,possession,0.08290443797046662
Henrik Meister,Rennes,FRA-Ligue 1,21.0,17.5,2,0.3103483266596283,0.24686798711561345,0.05863429542098727,0.4460687744830336,0.05714285714285714,0.95,72.0,42.307692307692,-2.4310957165434957,2900000.0,5800000.0,2028.0,False,52.2,balanced,0.08241672558058336
Benedict Hollerbach,Mainz 05,GER-Bundesliga,24.0,37.9,2,0.3181942723357269,0.12305676450534743,0.11272132671917334,0.45462063250763435,0.158311345646438,0.7608695652173914,85.0,29.4705469845725,-2.059562921524048,8000000.0,14200000.0,2029.0,False,47.2,COUNTER-risk,0.07158009278499955
Giovanni Simeone,Napoli,ITA-Serie A,30.0,29.5,2,0.4558635039917998,0.14777992711822083,0.09680226404156723,0.6001968165638588,0.1016949152542373,0.7934782608695652,71.0,26.115123194562,-1.4479733677580953,7500000.0,0.0,,False,56.8,possession,0.07025196693735798
Domenico Berardi,Sassuolo,ITA-Serie A,30.0,21.8,1,0.20640564710756235,0.11249107767362147,0.2320309120033859,0.5978720501885502,0.36697247706422015,0.725,82.0,40.625,1.500356893055141,29500000.0,53100000.0,2029.0,False,46.2,COUNTER-risk,0.06002380055013801
Randal Kolo Muani,Juventus,ITA-Serie A,26.0,35.4,2,0.19058259217184312,0.14666573397572275,0.09237779367525699,0.2923606794411685,0.11299435028248588,0.9130434782608695,90.0,33.2665999332665,1.253376237116754,21000000.0,0.0,,False,57.400000000000006,possession,0.05640276861798566
Anthony Elanga,Newcastle,ENG-Premier League,23.0,42.5,2,0.17356066186638439,0.12092341195608748,0.1965981296318419,0.4032597913461573,0.25882352941176473,0.7049180327868853,92.0,38.24355971896949,-1.3763281293213367,24000000.0,47400000.0,2030.0,False,51.9,balanced,0.0558485320183373
Eli Junior Kroupi,Bournemouth,ENG-Premier League,19.0,18.6,1,0.39391311736757395,0.1408996919814784,0.09762203786522149,0.6267036814042316,0.16129032258064516,0.6346153846153846,80.0,26.666666666667,3.6732160169631243,30500000.0,64099999.99999999,2030.0,False,49.3,balanced,0.05031762719426468
Tijjani Noslin,Lazio,ITA-Serie A,26.0,22.4,2,0.31141661203167004,0.12918022425017422,0.17799087126539756,0.6134912440237323,0.13392857142857142,0.7777777777777778,78.0,44.275862068965495,-0.9757321095094085,5500000.0,9800000.0,2029.0,False,52.75,balanced,0.04014005956187346
Mattia Zaccagni,Lazio,ITA-Serie A,30.0,53.2,2,0.20631855175151187,0.13385545064854185,0.15046171780983755,0.4798872021370028,0.20676691729323307,0.7439024390243902,88.0,44.642857142857494,-1.9761469531804323,35000000.0,59500000.0,2029.0,False,52.75,balanced,0.0331395794085342
Crysencio Summerville,West Ham,ENG-Premier League,23.0,36.099999999999994,2,0.20811827275437667,0.11048631832989701,0.1494315713179657,0.42777890571679444,0.19390581717451527,0.7941176470588235,89.0,29.5031055900625,-1.5130696464329967,21000000.0,41500000.0,2029.0,False,45.5,COUNTER-risk,0.02958344897753385
Ché Adams,Torino,ITA-Serie A,29.0,50.5,2,0.3041873923180127,0.13129455822273198,0.10678458466461979,0.4901977782644848,0.21782178217821782,0.7521367521367521,82.0,36.660029865605,-0.3614633120596409,14500000.0,24700000.0,2027.0,False,45.8,COUNTER-risk,0.02705199507364001
Mateo Joseph,Mallorca,ESP-La Liga,21.0,18.9,1,0.28554677913980514,0.16354042805279745,0.0841442709936509,0.38196640158141104,0.15873015873015875,0.8181818181818182,82.0,19.607843137255,-3.3968341257423162,5500000.0,0.0,,False,46.9,COUNTER-risk,0.026040233111454536
Fisnik Asllani,Hoffenheim,GER-Bundesliga,22.0,25.9,1,0.36698170991535356,0.13020309981928296,0.208561302137536,0.7627290990707037,0.3088803088803089,0.726027397260274,67.0,26.373626373626,0.4951737131923437,26000000.0,46200000.0,2029.0,False,52.0,balanced,0.02478578577194525
Issa Soumaré,Le Havre,FRA-Ligue 1,24.0,53.9,2,0.2999514086838943,0.13472817440051585,0.13157915296326764,0.42079419118796296,0.22263450834879406,0.725,83.0,60.337378194520994,-4.1673809280619025,4200000.0,8700000.0,2029.0,False,45.0,COUNTER-risk,0.02470464804545982
Diego López,Valencia,ESP-La Liga,23.0,50.0,2,0.20808202639222145,0.14450140721682045,0.1602457443997264,0.5030138655006886,0.3,0.75,83.0,27.123287671233,1.5958986803889275,16000000.0,34800000.0,2029.0,False,48.05,balanced,0.02277506094121861
Shuto Machino,Gladbach,GER-Bundesliga,25.0,33.7,2,0.3131888946932837,0.1426279155562657,0.10005642723524251,0.5479655121605103,0.14836795252225518,0.7402597402597403,81.0,43.44581440623,1.4455342488363385,4100000.0,7300000.0,2029.0,False,48.150000000000006,balanced,0.0035763233004219887
Patrick Cutrone,Parma,ITA-Serie A,27.0,32.6,2,0.34710990856373053,0.12038067041678314,0.10873094658178785,0.4579312023221075,0.21472392638036808,0.7684210526315789,,29.304029304029,-3.3157830191776156,,,,True,44.2,COUNTER-risk,0.0031785068449846424
Oliver McBurnie,Las Palmas,ESP-La Liga,28.0,20.4,1,0.2959473039863595,0.18866640629130416,0.16913845669478178,0.5018697584084436,0.0,,,,-3.037325001321733,,,,True,50.7,balanced,0.0029929982630903518
Mama Samba Baldé,Brest,FRA-Ligue 1,29.0,21.2,2,0.29991795686688627,0.10423378173078669,0.13365036333506963,0.4770547758682438,0.0,,88.0,,-2.3582606855779886,3000000.0,6000000.0,2027.0,False,45.95,COUNTER-risk,-0.0005558507889971698
Matthis Abline,Nantes,FRA-Ligue 1,22.0,58.5,2,0.2794351732183216,0.10346175717260642,0.14168939010327697,0.48354641881445026,0.2222222222222222,0.6666666666666666,87.0,46.468253968254004,-2.3469576332718134,12000000.0,26400000.0,2028.0,False,41.25,COUNTER-risk,-0.0074460800796055104
Liam Delap,Chelsea,ENG-Premier League,22.0,41.1,2,0.37563853713609,0.14844946034897405,0.07186640661273269,0.5407038426656647,0.072992700729927,0.7596153846153846,78.0,42.828231722742004,-4.438743876293302,17000000.0,35700000.0,2031.0,False,57.400000000000006,possession,-0.007504583475057818
Randy Nteka,Rayo Vallecano,ESP-La Liga,27.0,16.7,2,0.35972593603153785,0.20715252178367868,0.05353525392488091,0.5105613773231378,0.059880239520958084,0.8620689655172413,71.0,50.6144393241165,-0.007423131726682186,1700000.0,3600000.0,2028.0,False,52.6,balanced,-0.012596000062625567
Adam Hložek,Hoffenheim,GER-Bundesliga,23.0,21.3,2,0.33053343249878414,0.11355422761651777,0.13183816454150307,0.5991974110964318,0.32863849765258213,0.6612903225806451,78.0,58.641975308642,0.959637887775898,17000000.0,32300000.0,2029.0,False,52.0,balanced,-0.015176079845197615
Samuel Chukwueze,Milan,ITA-Serie A,26.0,22.6,2,0.22672586736425887,0.08989481758653071,0.26472647464216015,0.6197091984043342,0.22123893805309733,0.59375,87.0,20.5882352941175,0.875995397567749,19000000.0,0.0,,False,52.849999999999994,balanced,-0.016532808909380498
Lucas Boyé,Alavés,ESP-La Liga,29.0,21.8,1,0.4070630747346429,0.14085674649547963,0.12429393665574559,0.5593335196597997,0.2293577981651376,0.7619047619047619,69.0,29.906542056075,-0.8739750292152166,10500000.0,23100000.0,2029.0,False,46.7,COUNTER-risk,-0.022838630293624453
Tolu Arokodare,Wolves,ENG-Premier League,24.0,15.8,1,0.42186015804262855,0.144899793414642,0.07339607216889343,0.34205448424702956,0.06329113924050632,0.851063829787234,74.0,51.832460732984,-3.665390497073531,10500000.0,20700000.0,2029.0,False,45.45,COUNTER-risk,-0.024626814142528194
Moses Simon,Paris,FRA-Ligue 1,30.0,51.2,2,0.1317719699909503,0.0864964726094443,0.25498094531940296,0.4883108467038255,0.41015625,0.6794871794871795,88.0,21.5277777777775,0.2532751364633441,7500000.0,14300000.0,2028.0,False,50.4,balanced,-0.02683097007869273
Isaac Romero,Sevilla,ESP-La Liga,25.0,40.5,2,0.3020623349297194,0.12877394278582774,0.09069194709077294,0.45714308263986936,0.1728395061728395,0.7368421052631579,83.0,38.828397212544004,-4.233524564653635,5500000.0,12000000.0,2028.0,False,50.75,balanced,-0.03541522734840863
James Maddison,Tottenham,ENG-Premier League,28.0,20.5,2,0.3141256298233823,0.15706281491169116,0.2934972254968271,0.7901733503109072,0.2926829268292683,0.6097560975609756,67.0,19.230769230769,2.5604245886206627,36500000.0,69400000.0,2028.0,False,52.55,balanced,-0.03780322904257783
Dejan Kulusevski,Tottenham,ENG-Premier League,24.0,26.5,1,0.20842612837001961,0.11751685961288341,0.24538304024147536,0.6042535036521138,0.33962264150943394,0.8085106382978723,74.0,38.461538461538,1.47670759819448,47500000.0,93800000.0,2028.0,False,52.55,balanced,-0.03833401000531979
Rafa Mir,Valencia,ESP-La Liga,28.0,28.4,2,0.3280884113398866,0.09705948835471645,0.09312481927672323,0.5079571154414558,0.17605633802816903,0.7083333333333334,84.0,33.480392156863,-1.3177108820527792,6000000.0,0.0,,False,48.05,balanced,-0.038418451275109934
Santiago Castro,Bologna,ITA-Serie A,20.0,51.7,2,0.31090532957325817,0.1275698852296623,0.11342999426291343,0.45719346498108576,0.15473887814313345,0.8015873015873016,79.0,39.8615001556175,-1.0738055389374495,21000000.0,39900000.0,2028.0,False,56.650000000000006,possession,-0.04037637269803432
Federico Viñas,Oviedo,ESP-La Liga,27.0,27.1,1,0.3096820460804274,0.13987305747965972,0.11172515467304146,0.32459081085295693,0.18450184501845018,0.8596491228070176,77.0,46.733668341709,-1.392383448779583,6500000.0,14800000.0,2027.0,False,46.1,COUNTER-risk,-0.04287812996596137
Roberto Férnandez,Espanyol,ESP-La Liga,23.0,43.1,2,0.2737523125821677,0.14748405840364284,0.09397450914463837,0.40426657286639,0.16241299303944315,0.8625,,36.388888888889,0.20127532770857215,,,,True,41.099999999999994,COUNTER-risk,-0.043763308131012896
Martijn Kaars,St Pauli,GER-Bundesliga,26.0,15.0,1,0.20313374884426594,0.13247853185495603,0.08931965846568346,0.4129513554895918,0.2,0.9166666666666666,82.0,25.490196078431,-1.047006232663989,2800000.0,5300000.0,2027.0,False,44.3,COUNTER-risk,-0.04602343423198387
Mathys Tel,Tottenham,ENG-Premier League,20.0,27.9,2,0.17435994560039172,0.08387314624570567,0.2122272203232439,0.40471106654159916,0.35842293906810035,0.7413793103448276,86.0,33.868092691621996,0.13535751774907112,23500000.0,49400000.0,2031.0,False,52.55,balanced,-0.05716715576162494
Daniel Mosquera,Hellas Verona,ITA-Serie A,25.0,21.9,2,0.37736438163747527,0.11320931449124258,0.13002550535618443,0.5525355672965583,0.18264840182648404,0.863013698630137,69.0,38.0655770380705,-3.2642799578607082,2500000.0,4700000.0,2028.0,False,39.45,COUNTER-risk,-0.060369202322273524
Gaëtan Perrin,Lille,FRA-Ligue 1,29.0,33.699999999999996,2,0.2016908464848288,0.10298456858392015,0.28594779729489406,0.49182810375704616,0.5934718100890208,0.5303030303030303,80.0,9.375,4.20301847346127,10500000.0,20000000.0,2028.0,False,56.8,possession,-0.06497454197725928
Arnaud Kalimuendo,Frankfurt,GER-Bundesliga,23.0,45.400000000000006,2,0.26763160622756643,0.15188093653414397,0.06373553101941615,0.3996016637377014,0.17621145374449337,0.839622641509434,80.0,24.489337822671,-0.15047492273151875,20500000.0,0.0,,False,52.35,balanced,-0.06541656830486947
Armand Lauriente,Sassuolo,ITA-Serie A,26.0,28.8,1,0.15250864112102944,0.06186266006036124,0.2956572714093555,0.5148500189857763,0.5208333333333334,0.4647887323943662,91.0,24.137931034483,2.607751135714352,23000000.0,41400000.0,2029.0,False,46.2,COUNTER-risk,-0.06792840231080857
Amad Diallo,Manchester Utd,ENG-Premier League,23.0,47.1,2,0.22241769937873518,0.10372152119542997,0.2208735599655128,0.6570311573644478,0.29723991507430997,0.7,,40.3125,-0.47587364073842764,,,,True,52.7,balanced,-0.07136290426854369
Riccardo Orsolini,Bologna,ITA-Serie A,28.0,44.4,2,0.32424061336797905,0.09169607155119917,0.1432757671116977,0.594371456174633,0.20270270270270271,0.7070063694267515,79.0,55.7282003710575,3.60371676646173,36500000.0,62100000.0,2027.0,False,56.650000000000006,possession,-0.0744882984153343
Mikel Merino,Arsenal,ENG-Premier League,29.0,29.1,2,0.4152225261342894,0.20138292517513037,0.15310107547905027,0.6658583238746497,0.24054982817869414,0.8666666666666667,53.0,45.3593355001805,-1.082975510507822,35500000.0,65700000.0,2028.0,False,56.65,possession,-0.0766598292821224
Neal Maupay,Sevilla,ESP-La Liga,28.0,21.2,2,0.3212967625696142,0.18920809351321724,0.1345665285908529,0.5396291761184638,0.18867924528301888,0.7777777777777778,69.0,31.417112299464996,-0.8114913664758205,4300000.0,0.0,,False,50.75,balanced,-0.07670160354898915
Igor Matanović,Frankfurt,GER-Bundesliga,22.0,21.0,2,0.42259449219065054,0.1431368441290913,0.10860011788705982,0.5649863332953481,0.19047619047619047,0.8125,65.0,47.091346153846004,2.125515663996339,6000000.0,10700000.0,2029.0,False,52.35,balanced,-0.07702154031249908
Frank Magri,Toulouse,FRA-Ligue 1,25.0,30.700000000000003,2,0.3127711618786332,0.12470226843732518,0.0833530570547239,0.4241710087035688,0.1302931596091205,0.8701298701298701,77.0,38.622222222222,0.3979253303259611,3100000.0,6400000.0,2030.0,False,43.65,COUNTER-risk,-0.08529071903547475
Keinan Davis,Udinese,ITA-Serie A,27.0,34.7,2,0.28572748229981154,0.12550308399751217,0.19535181576906774,0.5454895089270402,0.23054755043227665,0.8987341772151899,68.0,45.583479626721,-1.914743635803461,4600000.0,8300000.000000001,2027.0,False,46.400000000000006,COUNTER-risk,-0.08643255030768413
Walid Cheddira,Espanyol,ESP-La Liga,27.0,20.799999999999997,2,0.2871654637587759,0.1298487314387508,0.07913068689119358,0.3780257313897332,0.09615384615384617,0.8913043478260869,79.0,35.4166666666665,-0.9730416461825371,2500000.0,0.0,,False,41.099999999999994,COUNTER-risk,-0.0945411572610224
Casper Tengstedt,Hellas Verona,ITA-Serie A,24.0,16.9,1,0.28463460042102806,0.1265874933451414,0.07449399817668828,0.42235509475924565,0.1183431952662722,0.868421052631579,,24.691358024691,0.1896752528846264,,,,True,39.45,COUNTER-risk,-0.10826887606686633
Moritz Broschinski,Bochum,GER-Bundesliga,23.0,15.4,1,0.28196049551781893,0.117356530566876,0.1469089084776578,0.523374689767113,0.2597402597402597,0.6857142857142857,,40.0,-3.342191630974412,,,,True,45.5,COUNTER-risk,-0.11109298641922412
Lassine Sinayoko,Auxerre,FRA-Ligue 1,25.0,56.3,2,0.300851412130715,0.10998658768155357,0.1842887826482261,0.5285954161763826,0.23090586145648315,0.7320261437908496,75.0,28.8642052565705,-3.9379345029592514,7500000.0,15600000.0,2029.0,False,43.2,COUNTER-risk,-0.1139260761399141
Lee Kang-in,PSG,FRA-Ligue 1,24.0,35.4,2,0.2109898138517714,0.0957569155173424,0.37900362221660927,0.9237420980392371,0.0,,72.0,,1.530960589647293,29000000.0,55800000.0,2028.0,False,68.4,possession,-0.11950579589581112
Wilson Odobert,Tottenham,ENG-Premier League,20.0,20.3,2,0.22542511608469956,0.13459205460351178,0.1383307926228334,0.49253464414935394,0.14778325123152708,0.6571428571428571,86.0,31.3725490196075,-3.576129856519401,21000000.0,44100000.0,2029.0,False,52.55,balanced,-0.11963874334889743
Samuel Essende,Augsburg,GER-Bundesliga,27.0,22.799999999999997,2,0.3169795823397867,0.11847761438273993,0.09628864066479238,0.36740852193089957,0.08771929824561404,0.8360655737704918,,39.56658786446,0.7728655226528645,,,,True,44.15,COUNTER-risk,-0.12083851844689569
Gift Orban,Hoffenheim,GER-Bundesliga,23.0,32.2,2,0.4347186341233875,0.14581187519555291,0.08316933125350046,0.5730213517589228,0.09316770186335403,0.5625,76.0,34.149277688603505,-4.997940018773079,8500000.0,0.0,,False,52.0,balanced,-0.12510890857289117
Simon Adingra,Monaco,FRA-Ligue 1,23.0,29.0,2,0.20829109725510253,0.10786503250710666,0.12157153909833267,0.37583441210204155,0.1724137931034483,0.7636363636363637,87.0,47.2027972027975,-1.040441820397973,12000000.0,0.0,,False,54.4,balanced,-0.12695055971533847
Félix Lemaréchal,Strasbourg,FRA-Ligue 1,21.0,26.0,2,0.19175162424261755,0.14244406372308732,0.15354828221293595,0.6301175469102768,0.2692307692307692,0.7142857142857143,,46.5201465201465,-0.9855422303080559,,,,True,51.95,balanced,-0.1297108809904489
Ferran Jutglà,Celta Vigo,ESP-La Liga,26.0,18.4,1,0.3585847157924234,0.146621306012902,0.08446693116718014,0.4886763692712007,0.10869565217391305,0.7111111111111111,76.0,35.416666666667,2.4020412294194102,6000000.0,12600000.0,2029.0,False,52.0,balanced,-0.1301754095995415
Tanguy Coulibaly,Montpellier,FRA-Ligue 1,23.0,16.5,1,0.30041706691862957,0.16522938680524626,0.09081107660224944,0.38396117085534515,0.06060606060606061,0.7666666666666667,,48.888888888889,-1.9568816041573882,,,,True,45.3,COUNTER-risk,-0.13482104943479417
Nikola Krstović,Atalanta,ITA-Serie A,25.0,53.9,2,0.47464319038272235,0.1084036778035116,0.12620457074845104,0.6200015555776947,0.1855287569573284,0.6779661016949152,66.0,43.9606597684665,-6.583267961628735,10000000.0,17800000.0,2030.0,False,55.25,possession,-0.13821926389481204
Keito Nakamura,Reims,FRA-Ligue 1,24.0,29.4,1,0.31404576321341554,0.10862288751146372,0.10973666766088229,0.5569657402075067,0.17006802721088435,0.7023809523809523,,33.333333333333,1.7670545615255833,,,,True,44.1,COUNTER-risk,-0.14030947512307987
André Silva,Werder Bremen,GER-Bundesliga,29.0,26.2,2,0.3852403399584289,0.12776325198621313,0.10167400018518208,0.5061522899693206,0.11450381679389313,0.759493670886076,72.0,39.523809523809504,-3.0932969069108367,7500000.0,16500000.0,2030.0,False,50.6,balanced,-0.14325935792883301
Lyle Foster,Burnley,ENG-Premier League,24.0,15.2,1,0.2363279307457177,0.17960922736674545,0.07539182999416402,0.3930973951508732,0.13157894736842105,0.75,81.0,28.571428571429,-0.592184547334909,4000000.0,7900000.0,2028.0,False,42.5,COUNTER-risk,-0.14846057353956288
Juanmi Latasa,Valladolid,ESP-La Liga,23.0,15.5,1,0.2935296560247098,0.11374274170957506,0.037226413046160055,0.4334409026609313,0.0,0.95,,61.538461538462,-1.5497096683830023,,,,True,42.8,COUNTER-risk,-0.14913891232531737
Mohammed Kudus,Tottenham,ENG-Premier League,24.0,45.900000000000006,2,0.20881356036367626,0.09489645961081923,0.1373596160118681,0.4562650361222119,0.15250544662309368,0.6831683168316832,89.0,29.749830966869503,-2.584542420692742,33500000.0,66200000.0,2031.0,False,52.55,balanced,-0.15127776168656276
Jarrod Bowen,West Ham,ENG-Premier League,28.0,70.8,2,0.23400226210659675,0.09980337444064488,0.22691095655647206,0.42143186512219033,0.38135593220338987,0.7108433734939759,76.0,28.3333333333335,3.43263984285295,36500000.0,69400000.0,2030.0,False,45.5,COUNTER-risk,-0.15743929842910526
Georginio Rutter,Brighton,ENG-Premier League,23.0,38.2,2,0.22540081699539696,0.09359033923069744,0.20238357440066274,0.5508466884103744,0.36649214659685864,0.6956521739130435,77.0,36.361111111111,-0.6103112092241645,16500000.0,34700000.0,2029.0,False,53.099999999999994,balanced,-0.15995659110604551
Gustav Isaksen,Lazio,ITA-Serie A,24.0,42.3,2,0.2516468175319211,0.10334621729708991,0.09377110155021891,0.47323780039646807,0.09456264775413713,0.6764705882352942,88.0,37.475633528265,-1.6446603816002607,10000000.0,17800000.0,2028.0,False,52.75,balanced,-0.16510762328032483
Brenden Aaronson,Leeds United,ENG-Premier League,24.0,27.2,1,0.2162238512434723,0.1278541033439662,0.20818786188850508,0.48542614718077376,0.33088235294117646,0.5957446808510638,80.0,33.333333333333,-1.8812887538224459,10000000.0,19800000.0,2027.0,False,45.7,COUNTER-risk,-0.1737064640265374
Iliman Ndiaye,Everton,ENG-Premier League,25.0,57.9,2,0.17606204658720984,0.1274249062174931,0.10994358280985675,0.4658527655562383,0.17271157167530224,0.725,86.0,26.516942474389502,0.8060075026005507,36500000.0,72100000.0,2029.0,False,42.349999999999994,COUNTER-risk,-0.18200272536049109
Brajan Gruda,Brighton,ENG-Premier League,21.0,24.0,2,0.18933796479056278,0.1420034735929221,0.22270442630785206,0.5291092012388011,0.375,0.6363636363636364,76.0,35.4166666666665,-0.5441111549735069,12500000.0,0.0,,False,53.099999999999994,balanced,-0.18473974934030662
Phillip Tietz,Mainz 05,GER-Bundesliga,28.0,38.8,2,0.4305072019558362,0.1637615630969259,0.0876845973879867,0.5932172359034573,0.1288659793814433,0.8173076923076923,59.0,47.27078506304,-4.703679435886443,3300000.0,5600000.0,2028.0,False,47.2,COUNTER-risk,-0.21351367985347225
Joel Roca,Girona,ESP-La Liga,20.0,16.4,1,0.27549185807157944,0.09412638484112297,0.11896591542697538,0.5059061422603341,0.12195121951219513,0.6666666666666666,83.0,20.0,-1.5180664723739028,6500000.0,15000000.0,2029.0,False,53.5,balanced,-0.2188116073828444
Amin Sarr,Hellas Verona,ITA-Serie A,24.0,33.4,2,0.1919745317030096,0.15266546092572666,0.10447383113763112,0.3724970955479734,0.08982035928143713,0.7142857142857143,85.0,38.894230769231,-2.41194935888052,2900000.0,5400000.0,2029.0,False,39.45,COUNTER-risk,-0.23215993233543403
Bryan Gil,Girona,ESP-La Liga,24.0,36.6,2,0.15017259026282145,0.09315791192575026,0.17902854280393632,0.5175247644913978,0.27322404371584696,0.6779661016949152,84.0,20.098039215686498,-2.4963168036192656,10000000.0,21800000.0,2030.0,False,53.5,balanced,-0.2429881210498755
Ludovic Blas,Rennes,FRA-Ligue 1,27.0,42.7,2,0.20619140268331806,0.08465743167863156,0.2954636514623076,0.6381047601905374,0.4449648711943794,0.6057692307692307,72.0,25.636363636363498,0.19562710542231798,8000000.0,15200000.0,2027.0,False,52.2,balanced,-0.24408389548512413
Ruben Vargas,Sevilla,ESP-La Liga,26.0,28.6,2,0.19119562568156034,0.09427922231883838,0.14492203982976767,0.34549285905188193,0.17482517482517482,0.6724137931034483,88.0,54.700854700855004,-1.4681948944926262,15500000.0,32600000.0,2029.0,False,50.75,balanced,-0.24651705542883592
Johannes Eggestein,St Pauli,GER-Bundesliga,26.0,20.6,1,0.21031849646886575,0.12034891742385095,0.10525796820129295,0.3992318155840762,0.24271844660194172,0.7777777777777778,,25.217391304348,-2.3325610272586346,,,,True,44.3,COUNTER-risk,-0.24986717633198985
Zian Flemming,Burnley,ENG-Premier League,26.0,19.7,1,0.4077389350794445,0.15447032732817417,0.03476328731793438,0.39722158668118385,0.0,0.7924528301886793,70.0,44.736842105263,0.9675429789349437,6500000.0,12800000.0,2029.0,False,42.5,COUNTER-risk,-0.2533685044300342
Martin Baturina,Como,ITA-Serie A,22.0,17.4,1,0.10925817779725656,0.067896153345438,0.38483548352773167,0.681560897942761,0.4597701149425288,0.5357142857142857,78.0,37.5,4.098907706327736,27000000.0,47900000.0,2030.0,False,58.1,possession,-0.2547353713813785
Akor Adams,Montpellier,FRA-Ligue 1,25.0,36.3,2,0.3538809620490498,0.14765378071701732,0.05311215817209939,0.4304591879587282,0.027548209366391185,0.6825396825396826,77.0,40.288461538461505,-2.845878922380507,7500000.0,16300000.0,2029.0,False,45.3,COUNTER-risk,-0.25507018942702864
Ransford Königsdörffer,Hamburger SV,GER-Bundesliga,23.0,25.9,1,0.28340591617561445,0.11292635736843715,0.04992575230055334,0.40385748493452794,0.0,0.8153846153846154,81.0,39.655172413793,-2.3402132289484143,3200000.0,6400000.0,2029.0,False,45.4,COUNTER-risk,-0.2550720314716214
Kamory Doumbia,Brest,FRA-Ligue 1,22.0,34.099999999999994,2,0.25655543909591144,0.13459293035647044,0.19642433334589882,0.5844206897722137,0.43988269794721413,0.6153846153846154,68.0,30.0986842105265,-0.7485404731705785,9000000.0,19800000.0,2029.0,False,45.95,COUNTER-risk,-0.26586701968590926
Lucas Beltrán,Valencia,ESP-La Liga,24.0,36.9,2,0.2309770389967333,0.13528655141237236,0.13370250833793706,0.6128504687571914,0.21680216802168023,0.7777777777777778,71.0,36.038961038961,-4.523052738979459,8000000.0,0.0,,False,48.05,balanced,-0.2670859016348482
Joel Pohjanpalo,Venezia,ITA-Serie A,29.0,17.8,1,0.24706136398645262,0.11572874418312781,0.0978686770926533,0.3830854839572076,0.16853932584269662,0.7631578947368421,,43.809523809524,-1.397692278958857,,,,True,45.1,COUNTER-risk,-0.27211178737668795
Matheus Cunha,Manchester Utd,ENG-Premier League,26.0,56.599999999999994,2,0.27424736096533575,0.07761200315319002,0.1962753923366327,0.629409007109412,0.3003533568904594,0.53,78.0,34.3951093951095,9.477599369361997,43000000.0,84900000.0,2030.0,False,52.7,balanced,-0.27376796536573683
Dany Mota,Monza,ITA-Serie A,26.0,23.4,1,0.21113866701340064,0.11763440019318036,0.08380825671120587,0.3867740352821147,0.12820512820512822,0.8571428571428571,,46.268656716418,0.05935519188642502,,,,True,48.5,balanced,-0.27458049198939477
Eren Dinkçi,Heidenheim,GER-Bundesliga,23.0,28.700000000000003,2,0.18080705504228428,0.1206781972026409,0.1241953465892878,0.46049346790392637,0.20905923344947733,0.627906976744186,85.0,29.285714285714498,-2.189162479713559,4800000.0,0.0,,False,42.95,COUNTER-risk,-0.2797771063627632
Pablo Pagis,Lorient,FRA-Ligue 1,22.0,19.5,1,0.3213500190430727,0.10620890459898165,0.24364885019186217,0.521641440403003,0.41025641025641024,0.5423728813559322,68.0,25.806451612903,1.7336746286600828,7000000.0,15400000.0,2027.0,False,45.4,COUNTER-risk,-0.28242947183994904
Jack Grealish,Manchester City,ENG-Premier League,29.0,26.1,2,0.16690006304774932,0.10624613769625019,0.24804132726485928,0.6140945291225138,0.2681992337164751,0.7560975609756098,72.0,14.945652173913,-1.3560916455462575,30000000.0,0.0,,False,61.0,possession,-0.28647844587641624
Javi Puado,Espanyol,ESP-La Liga,27.0,40.5,2,0.2859717417554355,0.13467273884994346,0.0969674706367063,0.4086858612703688,0.1728395061728395,0.627906976744186,,19.230769230769,-3.5818555410951376,,,,True,41.099999999999994,COUNTER-risk,-0.28805988947217576
Musa Al-Taamari,Montpellier,FRA-Ligue 1,28.0,43.3,2,0.22157264645394223,0.09137233896624475,0.19235459035886215,0.5854017435256865,0.0,,,,-0.594095591455698,,,,True,45.3,COUNTER-risk,-0.294797781063727
Marco Grüll,Werder Bremen,GER-Bundesliga,27.0,35.4,2,0.23839386443128693,0.12410504118922878,0.12370509213878442,0.4925054985514216,0.14124293785310735,0.6764705882352942,79.0,30.288461538461497,0.5608571991324425,4600000.0,7800000.0,2027.0,False,50.6,balanced,-0.29702882224695565
Mostafa Mohamed,Nantes,FRA-Ligue 1,27.0,26.700000000000003,2,0.36029724878597347,0.1249342408127986,0.059785318773672366,0.38132394918620804,0.07490636704119849,0.8205128205128205,70.0,51.150793650794,-0.6199365425854921,2000000.0,4000000.0,2027.0,False,41.25,COUNTER-risk,-0.3082727089242432
Nicolò Cambiaghi,Bologna,ITA-Serie A,24.0,23.799999999999997,2,0.1531542405220015,0.09592291906377987,0.2143651873123746,0.46835792090493344,0.33613445378151263,0.7631578947368421,75.0,30.30303030303,0.354929075576365,9500000.0,16900000.0,2029.0,False,56.650000000000006,possession,-0.3084047136305794
Marvin Pieringer,Heidenheim,GER-Bundesliga,25.0,42.8,2,0.28683099839140047,0.1334387688168689,0.17057137759663513,0.45737895044002025,0.28037383177570097,0.7717391304347826,65.0,42.8067806780675,-5.276366731151938,3700000.0,6900000.0,2027.0,False,42.95,COUNTER-risk,-0.3104999106845096
Nicolás Paz,Como,ITA-Serie A,20.0,61.9,2,0.267890272346086,0.07178531540356158,0.20212448504490113,0.593195215698109,0.3877221324717286,0.44155844155844154,79.0,56.588319088319,1.417592141777277,60500000.0,115000000.0,2028.0,False,58.1,possession,-0.3194998950851907
Pablo Durán,Celta Vigo,ESP-La Liga,24.0,31.3,2,0.2364513583885976,0.11747503996131912,0.17018271196550264,0.43047815620803986,0.22364217252396165,0.7619047619047619,72.0,37.6344086021505,-1.4009275175631046,6000000.0,13100000.0,2027.0,False,52.0,balanced,-0.3224480030365893
Jeff Ekhator,Genoa,ITA-Serie A,18.0,19.1,2,0.23639865473146837,0.1505071435123682,0.11745341380580245,0.37655463096007935,0.15706806282722513,0.8666666666666667,69.0,39.880952380951996,-0.5152143053710461,2200000.0,4400000.0,2029.0,False,47.2,COUNTER-risk,-0.33748670529223074
Yann Gboho,Toulouse,FRA-Ligue 1,24.0,54.8,2,0.2015575411369222,0.10227178939169755,0.1573942752595801,0.5240190012319299,0.1642335766423358,0.6728971962616822,79.0,13.8257575757575,1.9546467456966639,10000000.0,20800000.0,2027.0,False,43.65,COUNTER-risk,-0.35214544896800526
Romain Del Castillo,Brest,FRA-Ligue 1,29.0,43.2,2,0.08276992766359062,0.06501201591031118,0.25473300039906194,0.4251850674929166,0.43981481481481477,0.6481481481481481,82.0,44.193548387096996,2.424339124932885,7500000.0,15000000.0,2027.0,False,45.95,COUNTER-risk,-0.3595231421409723
Josué Casimir,Auxerre,FRA-Ligue 1,23.0,39.099999999999994,2,0.14549172476238914,0.11609645792264112,0.12452959585601413,0.38547257294930765,0.15345268542199492,0.7551020408163265,82.0,38.6363636363635,-0.6887264382094145,2800000.0,5800000.0,2028.0,False,43.2,COUNTER-risk,-0.3642413592099813
Adam Armstrong,Wolves,ENG-Premier League,28.0,26.6,2,0.1962296690623787,0.11862975447861986,0.13183271550902523,0.3343124570030915,0.22556390977443608,0.7727272727272727,76.0,37.422360248447504,-2.2197091970592737,3100000.0,5900000.0,2029.0,False,45.45,COUNTER-risk,-0.36462860041479894
Mattéo Tramoni,Pisa,ITA-Serie A,25.0,17.8,1,0.13775530375875114,0.08757301453234893,0.1620505160516065,0.3994660640365622,0.2247191011235955,0.5714285714285714,89.0,60.0,-1.4520444069057703,5500000.0,10300000.0,2028.0,False,40.2,COUNTER-risk,-0.3672747945265112
Matteo Cancellieri,Parma,ITA-Serie A,23.0,35.0,2,0.22075089966612202,0.12263938870340113,0.07034850902855397,0.3582059470670564,0.11428571428571428,0.6666666666666666,83.0,49.285714285714505,-0.726281488314271,6500000.0,11500000.0,2027.0,False,44.2,COUNTER-risk,-0.3777902897919121
Irvin Cardona,Saint-Étienne,FRA-Ligue 1,26.0,18.5,1,0.23060633659966895,0.17775905112891147,0.11496464606072451,0.40796753824562637,0.05405405405405406,0.6,,45.0,0.7337827729061246,,,,True,47.1,COUNTER-risk,-0.37874433825117715
Xavi Simons,Tottenham,ENG-Premier League,22.0,44.4,2,0.2013487160323305,0.09717264121560298,0.24408990020133758,0.5933715765960179,0.2702702702702703,0.52,77.0,21.111111111111,3.060117008164525,42500000.0,83900000.0,2030.0,False,52.55,balanced,-0.38052236704369957
Mathias Honsak,Heidenheim,GER-Bundesliga,28.0,27.0,2,0.2247107193839771,0.1011198237227897,0.09623745483932672,0.36379670489717414,0.1111111111111111,0.65,84.0,45.0,0.932810576632618,2400000.0,4300000.0,2027.0,False,42.95,COUNTER-risk,-0.3827384476468294
Lameck Banda,Lecce,ITA-Serie A,24.0,26.3,2,0.18282390755562275,0.08742306852205232,0.16370317109014143,0.3942298964232546,0.2661596958174905,0.4727272727272727,88.0,25.0,0.19173123128712177,2200000.0,4100000.0,2030.0,False,42.75,COUNTER-risk,-0.38816534441645534
Antonio Sanabria,Cremonese,ITA-Serie A,29.0,25.1,2,0.19095059944339007,0.15460838858158357,0.09176390089717994,0.26526749245377174,0.1195219123505976,0.8387096774193549,75.0,36.799719887955,-1.7928600460290909,5500000.0,9900000.0,2028.0,False,46.6,COUNTER-risk,-0.3912791896896079
Hugo Álvarez,Celta Vigo,ESP-La Liga,22.0,32.4,2,0.15314237214624882,0.1272259707061144,0.12496410880559757,0.6009701108215032,0.2160493827160494,0.8717948717948718,69.0,25.0,3.0381871424615383,9000000.0,20700000.0,2028.0,False,52.0,balanced,-0.39498607892603843
Andrea Pinamonti,Sassuolo,ITA-Serie A,26.0,60.099999999999994,2,0.29856751962702804,0.11805202585252884,0.060266575926353864,0.4060358207164559,0.09983361064891848,0.8344370860927153,69.0,40.114533707498495,1.056092070415616,6500000.0,12200000.0,2027.0,False,46.2,COUNTER-risk,-0.4207524742126504
Zuriko Davitashvili,Saint-Étienne,FRA-Ligue 1,23.0,30.9,1,0.2107024214510779,0.09301006889769009,0.18340171751804338,0.4073584454682653,0.29126213592233013,0.5571428571428572,,24.615384615385,0.4892951771616936,,,,True,47.1,COUNTER-risk,-0.423211837960749
Alieu Fadera,Sassuolo,ITA-Serie A,23.0,29.3,2,0.14195584695239521,0.1014464955050044,0.14451232500399747,0.4494863807671916,0.23890784982935154,0.6341463414634146,82.0,39.335664335664,-1.1593063157051802,3000000.0,0.0,,False,46.2,COUNTER-risk,-0.42699371696994226
Jonas Wind,Wolfsburg,GER-Bundesliga,26.0,27.1,2,0.2289977527440034,0.12664977753801004,0.1855181385436511,0.4491520443470715,0.33210332103321033,0.9183673469387755,57.0,45.708955223881,2.7941609006375074,9000000.0,16000000.0,2028.0,False,45.7,COUNTER-risk,-0.43184088406344007
Martin Satriano,Lens,FRA-Ligue 1,24.0,26.5,2,0.19535499392955932,0.12942268347833305,0.0996207392440652,0.3624270689445284,0.18867924528301888,0.775,74.0,43.4684684684685,0.8230926608666778,8000000.0,17400000.0,2030.0,False,52.650000000000006,balanced,-0.43797204520369953
Abde Rebbach,Alavés,ESP-La Liga,26.0,20.900000000000002,2,0.1571720848350148,0.08212241432629525,0.24999402418875236,0.3506136488650689,0.0,,80.0,,-2.28489657305181,2600000.0,5700000.0,2028.0,False,46.7,COUNTER-risk,-0.43997353620788643
Borja Mayoral,Getafe,ESP-La Liga,28.0,24.200000000000003,2,0.2520728820919498,0.17429039276071956,0.0775572756874906,0.35667354031273524,0.12396694214876032,0.8571428571428571,65.0,31.304347826087,1.899836253374815,11000000.0,23100000.0,2027.0,False,41.0,COUNTER-risk,-0.44058235547207203
Daniel Maldini,Lazio,ITA-Serie A,23.0,27.9,2,0.3411563158061983,0.13219807237490183,0.10343247033174961,0.5138546855966678,0.10752688172043011,0.5416666666666666,72.0,40.6031746031745,-1.5182612109929323,8500000.0,0.0,,False,52.75,balanced,-0.4452929183457237
Igor Jesus,Nottingham,ENG-Premier League,24.0,25.5,1,0.25246710808692024,0.09197016080309238,0.08942550537632961,0.3347041953866388,0.19607843137254902,0.8571428571428571,70.0,39.130434782609,-1.4379112562164664,15500000.0,30600000.0,2029.0,False,44.0,COUNTER-risk,-0.450954203050536
Gaetano Oristanio,Parma,ITA-Serie A,22.0,35.2,2,0.22989029609809883,0.12077818541273252,0.08323848311027342,0.3499350952915847,0.056818181818181816,0.5588235294117647,85.0,37.8351539225425,-4.092138422653079,4900000.0,0.0,,False,44.2,COUNTER-risk,-0.4559787723094584
Eberechi Eze,Arsenal,ENG-Premier League,27.0,49.8,2,0.264298681685903,0.07977014756338163,0.19383676954167317,0.584717026152405,0.30120481927710846,0.47878787878787876,74.0,22.24025974026,0.8379256520420313,48500000.0,93400000.0,2029.0,False,56.65,possession,-0.4642547997135157
Alexis Saelemaekers,Roma,ITA-Serie A,26.0,47.4,2,0.14071653449695698,0.09808770198758472,0.1643094099578664,0.646141352513137,0.2320675105485232,0.5588235294117647,80.0,60.2272727272725,3.3300362648442388,23000000.0,39100000.0,2031.0,False,55.099999999999994,possession,-0.4650780028727387
Gonçalo Guedes,Wolves,ENG-Premier League,28.0,31.4,2,0.2379671362626135,0.10235846683076799,0.13056871297348077,0.5624601751518478,0.25477707006369427,0.4657534246575342,,32.9769736842105,2.527831921353936,,,,True,45.45,COUNTER-risk,-0.4653017210455435
Abel Ruiz,Girona,ESP-La Liga,25.0,17.1,2,0.21672976208709135,0.1323599618460451,0.0333717569970248,0.3590586231422354,0.0,0.8928571428571429,74.0,31.456043956044,-0.7060789316892624,3100000.0,6700000.0,2029.0,False,53.5,balanced,-0.46598070672991365
Carlos Martín,Rayo Vallecano,ESP-La Liga,23.0,19.8,2,0.18331461374393918,0.10370369577514274,0.15995294024998494,0.32862098835822606,0.20202020202020202,0.7142857142857143,76.0,42.857142857143,-1.6296293521299958,3200000.0,0.0,,False,52.6,balanced,-0.47096036148734505
Bryan Zaragoza,Celta Vigo,ESP-La Liga,23.0,34.5,2,0.12854528257056422,0.06521782718653626,0.1922825128649888,0.3968324889091478,0.2318840579710145,0.6617647058823529,82.0,14.5833333333335,-3.434812248684466,16500000.0,0.0,,False,52.0,balanced,-0.4788041244953387
Aitor Ruibal,Real Betis,ESP-La Liga,29.0,34.7,2,0.1640628397690202,0.12112724553159576,0.12822983421449702,0.48949705479768574,0.23054755043227665,0.5319148936170213,81.0,35.0,-0.6929805399850011,10500000.0,22100000.0,2028.0,False,51.349999999999994,balanced,-0.48177646621121023
Ilyas Chaira,Oviedo,ESP-La Liga,24.0,27.2,1,0.2654729802024496,0.08596267930365034,0.0764097215826897,0.4119549184928046,0.11029411764705882,0.6125,80.0,38.181818181818,-0.220865061506629,4200000.0,9600000.0,2028.0,False,46.1,COUNTER-risk,-0.4855432090368922
Lorenzo Lucca,Napoli,ITA-Serie A,24.0,32.0,2,0.3249919944209978,0.12839189903051765,0.06498199014458805,0.4115930773550644,0.0625,0.8625,63.0,44.579124579124496,1.6002561785280704,8000000.0,0.0,,False,56.8,possession,-0.4869871062819777
Sekou Mara,Strasbourg,FRA-Ligue 1,23.0,22.1,2,0.23489315189185184,0.09982958955403703,0.09996169031812593,0.3488097606201517,0.13574660633484162,0.7115384615384616,76.0,42.452574525745,-1.191138656809926,3300000.0,0.0,,False,51.95,balanced,-0.48996395934688536
Isaac Palazón Camacho,Rayo Vallecano,ESP-La Liga,30.0,49.0,2,0.1753861826217296,0.07605241547313939,0.1788331769520835,0.4463940031674443,0.0,,,,-3.5939229484647512,,,,True,52.6,balanced,-0.4901498478309607
Chidera Ejuke,Sevilla,ESP-La Liga,27.0,21.1,2,0.13613426715788823,0.06680076830305678,0.11965532637073246,0.3745697043235833,0.14218009478672985,0.6046511627906976,89.0,31.0096153846155,0.12756696296855807,8000000.0,16800000.0,2027.0,False,50.75,balanced,-0.4949949853466693
Raúl,Osasuna,ESP-La Liga,24.0,19.9,2,0.07969319848484131,0.09328792057931423,0.061419989384860554,1.0210658014569451,0.0,,,,0.41410535015165806,,,,True,46.45,COUNTER-risk,-0.5115125182595351
Paul Wanner,Heidenheim,GER-Bundesliga,18.0,19.7,1,0.17700885550170986,0.13948297813534738,0.07466394321870078,0.3657687176491706,0.10152284263959391,0.68,,40.0,-1.4870744533836842,,,,True,42.95,COUNTER-risk,-0.512642786097008
Nicolò Zaniolo,Atalanta,ITA-Serie A,26.0,32.9,2,0.24494898010124552,0.08759588527533671,0.21090014865989926,0.5095131676587472,0.27355623100303955,0.4782608695652174,74.0,32.2727272727275,-1.0588214453309774,7000000.0,0.0,,False,55.25,possession,-0.5138099576792323
Tim Skarke,Union Berlin,GER-Bundesliga,28.0,19.8,2,0.14111155192508842,0.08217672729755149,0.14661088938627279,0.41876966180750214,0.15151515151515152,0.53125,87.0,20.8333333333335,-1.7940087281167507,3100000.0,5600000.0,2030.0,False,40.1,COUNTER-risk,-0.5237308842855873
Iker Losada,Celta Vigo,ESP-La Liga,23.0,17.7,2,0.21782092529080682,0.17524683534760366,0.08391280558570631,0.3521339819466664,0.16949152542372883,0.6363636363636364,72.0,23.9583333333335,0.1445696223527193,3500000.0,0.0,,False,52.0,balanced,-0.5243277671895159
Amine Sbai,Angers,FRA-Ligue 1,24.0,20.2,1,0.17757422419836616,0.1054999802590293,0.13667320675852865,0.42792159160322485,0.19801980198019803,0.6470588235294118,76.0,20.0,-0.5869993288069963,3000000.0,6200000.0,2027.0,False,41.55,COUNTER-risk,-0.5349715332373388
Brais Méndez,Real Sociedad,ESP-La Liga,28.0,35.4,2,0.24286330601274125,0.1343337661382975,0.1581809365869326,0.5301325972386672,0.22598870056497175,0.53125,70.0,50.0,-0.5973610328510404,14000000.0,29400000.0,2028.0,False,52.55,balanced,-0.5369798890446482
Harry Wilson,Fulham,ENG-Premier League,28.0,42.6,2,0.21984634732941227,0.07740044955564432,0.1634710397300236,0.4170184666859292,0.2347417840375587,0.5619834710743802,77.0,20.0,6.634545603767037,21000000.0,39900000.0,2030.0,False,52.0,balanced,-0.5371754180123472
Jack Harrison,Fiorentina,ITA-Serie A,28.0,37.0,2,0.11603565843826211,0.10222188957656424,0.13466981179206758,0.35664198577806755,0.1891891891891892,0.7857142857142857,76.0,18.014705882353,-2.2933193622156978,3100000.0,0.0,,False,51.05,balanced,-0.5471221402436162
Mason Mount,Manchester Utd,ENG-Premier League,26.0,18.200000000000003,2,0.25737149118967767,0.12010669588851626,0.09406729222653987,0.6374132545194127,0.05494505494505494,0.717948717948718,67.0,32.051282051282,-0.6841611396521339,16500000.0,32600000.0,2028.0,False,52.7,balanced,-0.5579759154024941
Jon Guridi,Alavés,ESP-La Liga,30.0,36.900000000000006,2,0.14142752337322484,0.13381219519158968,0.04562785742970985,0.3048613506462677,0.054200542005420044,0.7948717948717948,,42.621259029928,-3.2186756124719977,,,,True,46.7,COUNTER-risk,-0.5589128172717196
Derek Cornelius,Marseille,FRA-Ligue 1,27.0,16.400000000000002,2,0.07625374511429449,0.13895126887493664,0.007393889515319974,0.5003553486951603,0.0,0.8888888888888888,,33.3333333333335,-1.2505614198744297,,,,True,60.2,possession,-0.5614498267483816
Jan Virgili,Mallorca,ESP-La Liga,19.0,19.9,1,0.13031548787675912,0.08103994402335957,0.18947094112597226,0.35495424245357815,0.35175879396984927,0.46875,83.0,37.837837837838,-0.5932782087475061,12000000.0,27600000.0,2030.0,False,46.9,COUNTER-risk,-0.5621390682501555
Sidiki Cherif,Angers,FRA-Ligue 1,18.0,16.5,2,0.21195141186542582,0.10597570593271291,0.04844559300126451,0.42475549921844946,0.06060606060606061,0.6666666666666666,,24.561403508772003,0.5028017042204738,,,,True,41.55,COUNTER-risk,-0.5700967509942431
Ilan Kebbal,Paris,FRA-Ligue 1,27.0,24.7,1,0.12799904760923467,0.06323152951896192,0.20299326749103755,0.556535236084992,0.2834008097165992,0.6,76.0,12.5,2.838423524051904,11500000.0,21900000.0,2028.0,False,50.4,balanced,-0.5872134933534716
Christantus Uche,Getafe,ESP-La Liga,22.0,32.5,2,0.15330703063653064,0.0889728302801294,0.1512039743936979,0.39251018493221357,0.24615384615384617,0.7857142857142857,70.0,49.034090909091,0.017521504312753677,12000000.0,0.0,,False,41.0,COUNTER-risk,-0.5892206589573296
Habib Diallo,Metz,FRA-Ligue 1,30.0,21.2,1,0.24377550894640526,0.13600107341220505,0.03505916554340214,0.3044779304819146,0.0,0.7894736842105263,71.0,49.315068493151,-1.1680407896637917,2300000.0,4600000.0,2028.0,False,48.9,balanced,-0.6152893458205272
Jan Thielmann,Köln,GER-Bundesliga,23.0,17.1,1,0.11999778569354648,0.07599859760591278,0.058376070068419314,0.41677397528761306,0.05847953216374269,0.7857142857142857,81.0,55.882352941176,0.9480378646403551,3500000.0,6600000.0,2028.0,False,47.0,COUNTER-risk,-0.6189678892687804
Ilyas Ansah,Union Berlin,GER-Bundesliga,20.0,21.0,1,0.18219127519322292,0.11593990239568731,0.07249261509804499,0.31321523063594386,0.047619047619047616,0.5757575757575758,83.0,24.285714285714,1.1739832209423184,6500000.0,13000000.0,2030.0,False,40.1,COUNTER-risk,-0.6214664760616665
Mamadou Sylla,Valladolid,ESP-La Liga,30.0,17.6,1,0.11363282852636818,0.09090626282109454,0.05475955009883777,0.21137358165684747,0.11363636363636363,0.8636363636363636,,41.176470588235,-0.99993778206408,,,,True,42.8,COUNTER-risk,-0.6264235267898582
Lorenzo Colombo,Empoli,ITA-Serie A,23.0,50.6,2,0.2687835675690014,0.11147908622124156,0.08965192988456,0.45080856668575126,0.1383399209486166,0.7049180327868853,66.0,31.22117090479,-2.6004485189914703,4700000.0,9400000.0,2029.0,False,41.7,COUNTER-risk,-0.6267481698680852
Romain Faivre,Auxerre,FRA-Ligue 1,27.0,16.5,2,0.14404073312427057,0.07922240321834882,0.19806783917275342,0.3977563090509538,0.42424242424242425,0.6666666666666666,68.0,70.5882352941175,-0.37667209655046463,8000000.0,0.0,,False,43.2,COUNTER-risk,-0.6343232953951139
Mateo Pellegrino,Parma,ITA-Serie A,24.0,41.400000000000006,2,0.3388205076374365,0.14765441069673552,0.062148590608171496,0.39767048260925897,0.12077294685990336,0.8210526315789474,55.0,49.40074002574,-3.027169016189873,2200000.0,4400000.0,2029.0,False,44.2,COUNTER-risk,-0.6348844542598513
Gauthier Hein,Metz,FRA-Ligue 1,28.0,26.1,1,0.13240306698842066,0.07853909200904044,0.17080280180463844,0.35993608564024226,0.2681992337164751,0.6136363636363636,77.0,35.0,-0.45572004839777946,7500000.0,15000000.0,2028.0,False,48.9,balanced,-0.6351866808298526
Santiago Pierotti,Lecce,ITA-Serie A,24.0,50.4,2,0.15932985867876265,0.12547226370952558,0.10843669581744406,0.2910136390617857,0.15873015873015872,0.8153846153846154,69.0,40.310559006210994,-3.030224877409637,2200000.0,4100000.0,2027.0,False,42.75,COUNTER-risk,-0.6373360109042155
Dehmaine Assoumani,Nantes,FRA-Ligue 1,20.0,15.299999999999999,2,0.12063991448848077,0.057680959114804864,0.2162418054307209,0.33297629886933794,0.0,,,,-0.8457906916737556,,,,True,41.25,COUNTER-risk,-0.6398521840966138
Chemsdine Talbi,Sunderland,ENG-Premier League,20.0,17.3,1,0.13432218919298208,0.0929509549215436,0.034704037721274214,0.18657522060709192,0.0,0.64,90.0,7.1428571428571,1.67622612696141,16500000.0,34700000.0,2030.0,False,44.9,COUNTER-risk,-0.6452590813818078
Sebastiano Esposito,Empoli,ITA-Serie A,23.0,55.599999999999994,2,0.17443866566955885,0.08219313399345314,0.14274866548835857,0.38287320598899627,0.2517985611510792,0.5932203389830508,75.0,37.693631669535506,3.3012101887725294,11500000.0,0.0,,False,41.7,COUNTER-risk,-0.654117807607275
Elias Saad,Augsburg,GER-Bundesliga,25.0,15.5,2,0.20057000520248566,0.097151096269954,0.11643893097437197,0.3498855421860372,0.06451612903225806,0.5757575757575758,,35.9801488833745,-0.10883508063852787,,,,True,44.15,COUNTER-risk,-0.6611033556808886
Farid El Melali,Angers,FRA-Ligue 1,27.0,21.0,1,0.16680260042526895,0.07614901323762278,0.17554670953679652,0.42402772623158635,0.2857142857142857,0.43478260869565216,,22.222222222222,-1.5028546089306478,,,,True,41.55,COUNTER-risk,-0.6781791224947871
Gabriel Strefezza,Parma,ITA-Serie A,28.0,40.3,2,0.12517637060146328,0.06227910784245641,0.13383046601420598,0.34106052982119417,0.19851116625310175,0.4878048780487805,86.0,32.1428571428575,2.9553922647610307,7500000.0,0.0,,False,44.2,COUNTER-risk,-0.6873503821173792
Loum Tchaouna,Lazio,ITA-Serie A,21.0,21.4,2,0.17959506881954238,0.08355074940735231,0.08812050082694704,0.4040225619606883,0.09345794392523366,0.5217391304347826,82.0,25.761217948718,-0.8433344727382064,3800000.0,8000000.0,2029.0,False,52.75,balanced,-0.6964867652397656
Zito Luvumbo,Mallorca,ESP-La Liga,23.0,27.1,2,0.0,,0.0,0.0,0.2952029520295203,0.75,86.0,17.588932806324053,0.0,3800000.0,0.0,,False,46.9,COUNTER-risk,-0.7154880207157684
Bilal El Khannouss,Stuttgart,GER-Bundesliga,21.0,42.3,2,0.10720504383968264,0.06298296325581355,0.24089751540557713,0.43473887585332494,0.3782505910165485,0.4166666666666667,78.0,51.5047879616965,1.4652266455814242,22500000.0,0.0,,False,57.45,possession,-0.7182969041913521
Hwang Hee-chan,Wolves,ENG-Premier League,29.0,23.400000000000002,2,0.11536844225966525,0.11248423120317363,0.092591205611825,0.3064658183158717,0.17094017094017092,0.5833333333333334,80.0,27.5,0.30037845112383277,4200000.0,8000000.0,2028.0,False,45.45,COUNTER-risk,-0.71992561354468
Arnaud Nordin,Rennes,FRA-Ligue 1,27.0,25.4,2,0.16465204012558218,0.08712837123312056,0.10301294666898297,0.2997575749782479,0.0,0.7142857142857143,76.0,20.8333333333335,-0.1821618191897869,3200000.0,0.0,,False,52.2,balanced,-0.7520406415066907
Haissem Hassan,Oviedo,ESP-La Liga,23.0,21.6,1,0.09082030022033938,0.057697602492921496,0.08321676317050501,0.24956343626534497,0.09259259259259259,0.5294117647058824,91.0,25.0,-1.9617184847593307,4800000.0,11500000.0,2027.0,False,46.1,COUNTER-risk,-0.756161843160886
Anass Zaroury,Lens,FRA-Ligue 1,23.0,15.6,1,0.12117149105343297,0.05400786458381584,0.22788457423209763,0.5254148799352921,0.25641025641025644,0.4,,28.571428571429,0.10972473956644557,,,,True,52.650000000000006,balanced,-0.7664729827650166
Peque,Sevilla,ESP-La Liga,22.0,23.5,2,0.115446190845142,0.07979369073120109,0.08310332355347086,0.3646460615415522,0.0,,77.0,,0.287014515139163,8500000.0,19600000.0,2028.0,False,50.75,balanced,-0.7800391678582892
Yaser Asprilla,Girona,ESP-La Liga,21.0,22.4,2,0.1133765810352218,0.04791764934318808,0.21626873881489572,0.46421548569924204,0.3125,0.41509433962264153,,45.5357142857145,0.4603645848110318,,,,True,53.5,balanced,-0.7815173736784997
Sandro Ramírez,Las Palmas,ESP-La Liga,29.0,22.6,1,0.15733400664696123,0.06837977981194854,0.1548072326499804,0.3289932348823125,0.2654867256637168,0.4423076923076923,,42.857142857143,4.444251449778676,,,,True,50.7,balanced,-0.7829833404676674
Giovane,Hellas Verona,ITA-Serie A,21.0,20.8,1,0.2052559570158617,0.07623792689160577,0.20949077407399622,0.4236073024535122,0.28846153846153844,0.5357142857142857,66.0,24.666666666667,-1.269323905929923,3200000.0,6100000.0,2030.0,False,39.45,COUNTER-risk,-0.7830567432137546
Abdou Harroui,Hellas Verona,ITA-Serie A,27.0,15.2,2,0.1883807884970386,0.10605140685759208,0.11388461463962143,0.5036713583946326,0.13157894736842105,0.5925925925925926,69.0,29.7916666666665,-1.8633879851549864,2000000.0,3600000.0,2028.0,False,39.45,COUNTER-risk,-0.785257133428292
Idrissa Guèye,Udinese,ITA-Serie A,18.0,29.5,1,0.06488849626759352,0.06600726344462099,0.05741324402013068,0.30978600639786763,0.0,0.85,,51.219512195122,0.08578936010599114,,,,True,46.400000000000006,COUNTER-risk,-0.8166913012810348
Luka Sučić,Real Sociedad,ESP-La Liga,22.0,31.299999999999997,2,0.17322333755727395,0.08214985553852537,0.12106118527368998,0.461033447868765,0.22364217252396168,0.3484848484848485,78.0,48.3473389355745,-1.421890465542674,11500000.0,25000000.0,2028.0,False,52.55,balanced,-0.8500743602412446
Lucas Paquetá,West Ham,ENG-Premier League,27.0,43.2,2,0.1048694505934017,0.07078687915054616,0.13299755570996138,0.34330200886836754,0.23148148148148145,0.5,,43.989824040704,-0.530360265634954,,,,True,45.5,COUNTER-risk,-0.8533990019768791
Fabio Vieira,Hamburger SV,GER-Bundesliga,25.0,24.5,1,0.16885079926221955,0.07011600986312506,0.18933269537377115,0.5019909339595814,0.2857142857142857,0.4067796610169492,71.0,31.25,1.8631554180756211,14500000.0,0.0,,False,45.4,COUNTER-risk,-0.8655674651362153
Anastasios Douvikas,Celta Vigo,ESP-La Liga,25.0,39.5,2,0.0,,0.0,0.0,0.05063291139240506,0.927710843373494,,41.654650324441,0.0,,,,True,52.0,balanced,-0.8690919848934263
Mathias Pereira Lage,Brest,FRA-Ligue 1,28.0,39.9,2,0.0,,0.0,0.0,0.32581453634085217,0.6329113924050633,84.0,43.786795626577,0.0,3100000.0,5600000.0,2028.0,False,45.95,COUNTER-risk,-0.8706062458387711
Nikola Štulić,Lecce,ITA-Serie A,23.0,19.0,1,0.24789576612314895,0.14272786534363122,0.11055490761799247,0.329797842343779,0.10526315789473684,0.7272727272727273,56.0,35.971223021583,-1.7100195563398302,2500000.0,5000000.0,2029.0,False,42.75,COUNTER-risk,-0.8730200160159757
Alexis Claude-Maurice,Augsburg,GER-Bundesliga,27.0,46.7,2,0.20291863041241878,0.07289461569430736,0.09598613892157404,0.46958080399183183,0.1284796573875803,0.4461538461538462,75.0,35.585585585585505,3.5236999597400427,8500000.0,15900000.0,2027.0,False,44.15,COUNTER-risk,-0.8753562189667293
Adrián Liso,Getafe,ESP-La Liga,20.0,18.9,1,0.14588350804631042,0.10604608854135641,0.007977639793088197,0.1634950188811494,0.0,0.5769230769230769,83.0,30.508474576271,0.24280169792473316,5000000.0,0.0,,False,41.0,COUNTER-risk,-0.8781592536691438
Elif Elmas,Torino,ITA-Serie A,25.0,31.6,2,0.11711692142807228,0.13217481132596728,0.05544863986087185,0.2610579624630605,0.03164556962025316,0.717391304347826,72.0,29.090909090909,-2.7008947171270843,11500000.0,0.0,,False,45.8,COUNTER-risk,-0.8838412919247559
Albert Guðmundsson,Fiorentina,ITA-Serie A,28.0,39.1,2,0.0,,0.0,0.0,0.2813299232736573,0.5735294117647058,87.0,22.5,0.0,14500000.0,24700000.0,2029.0,False,51.05,balanced,-0.8869910211415696
Jacopo Fazzini,Fiorentina,ITA-Serie A,22.0,21.9,2,0.20894046847338546,0.13073703598763262,0.08297998589978099,0.40720761672819045,0.09132420091324202,0.5277777777777778,68.0,43.0194805194805,-0.5757962595671415,5500000.0,10500000.0,2030.0,False,51.05,balanced,-0.8877853935939869
Igor Thiago,Brentford,ENG-Premier League,24.0,38.4,2,0.0,,0.0,0.0,0.15625,0.9534883720930233,74.0,46.1670631773725,0.0,37500000.0,74100000.0,2031.0,False,47.7,COUNTER-risk,-0.8934096093410736
Jean-Ricner Bellegarde,Wolves,ENG-Premier League,27.0,32.5,2,0.08196028213088329,0.06194672486636528,0.16212801102262278,0.4452629448989263,0.3384615384615385,0.37209302325581395,79.0,32.241379310344996,0.33629083074629307,6500000.0,12800000.0,2028.0,False,45.45,COUNTER-risk,-0.8995362162128593
Bamba Dieng,Angers,FRA-Ligue 1,25.0,19.4,2,0.0,,0.0,0.0,0.10309278350515465,0.8166666666666667,80.0,39.705882352941,0.0,5500000.0,11400000.0,2029.0,False,41.55,COUNTER-risk,-0.9219667557395482
Arthur Atta,Udinese,ITA-Serie A,22.0,42.3,2,0.13660502340424427,0.06961918662650039,0.11819335814767978,0.45711977314864494,0.16548463356973997,0.5542168674698795,72.0,44.451871657754,-0.7783924899995327,9500000.0,19000000.0,2029.0,False,46.400000000000006,COUNTER-risk,-0.9221082542527723
Gianluca Gaetano,Cagliari,ITA-Serie A,25.0,32.4,2,0.20451898327281262,0.10353773528186139,0.14180243708032333,0.4832724832216807,0.1851851851851852,0.484375,64.0,42.592592592592496,-2.626415058039129,4000000.0,7500000.0,2029.0,False,45.25,COUNTER-risk,-0.9451439414057065
Anuar,Valladolid,ESP-La Liga,29.0,19.1,1,0.0,,0.0,0.0,0.10471204188481674,0.8181818181818182,,41.666666666667,0.0,,,,True,42.8,COUNTER-risk,-0.9502360416868701
Cyril Ngonge,Napoli,ITA-Serie A,25.0,18.099999999999998,2,0.1852653809509225,0.09062982149220802,0.04192324324372065,0.30554730362819704,0.22099447513812157,0.3333333333333333,79.0,53.3333333333335,-2.3533033952116966,2800000.0,0.0,,False,56.8,possession,-0.9572034196567272
Federico Bonazzoli,Cremonese,ITA-Serie A,28.0,27.9,1,0.24155784089545518,0.08985951681310932,0.05493848721453366,0.367040599188951,0.10752688172043011,0.6,65.0,34.615384615385,0.2605362390168011,2400000.0,4300000.0,2028.0,False,46.6,COUNTER-risk,-0.9587175788705922
Elye Wahi,Marseille,FRA-Ligue 1,22.0,22.400000000000002,2,0.0,,0.0,0.0,0.04464285714285714,0.6875,84.0,31.4285714285715,0.0,8500000.0,0.0,,False,60.2,possession,-0.9964268202345582
Javier Guerra,Valencia,ESP-La Liga,22.0,51.599999999999994,2,0.10299676706176975,0.06813632282547843,0.1342274162326326,0.4375593339692253,0.23255813953488375,0.4358974358974359,74.0,50.2116402116405,1.6853668196126819,17000000.0,39100000.0,2029.0,False,48.05,balanced,-1.0092034018982994
Toni Martínez,Alavés,ESP-La Liga,28.0,41.4,2,0.0,,0.0,0.0,0.14492753623188406,0.7482014388489209,78.0,54.3096269153895,0.0,11000000.0,24200000.0,2028.0,False,46.7,COUNTER-risk,-1.018021344980361
Viktor Tsyhankov,Girona,ESP-La Liga,27.0,50.5,2,0.0,,0.0,0.0,0.0,,,,0.0,,,,True,53.5,balanced,-1.0806104066804407
Miguel,Leganés,ESP-La Liga,24.0,19.2,1,0.0,,0.0,0.0,0.0,,,,0.0,,,,True,42.6,COUNTER-risk,-1.0806104066804407
Cucho,Real Betis,ESP-La Liga,26.0,41.4,2,0.0,,0.0,0.0,0.0,,,,0.0,,,,True,51.349999999999994,balanced,-1.0806104066804407
Danny Loader,Auxerre,FRA-Ligue 1,24.0,28.0,1,0.0,,0.0,0.0,0.0,,,,0.0,,,,True,43.2,COUNTER-risk,-1.0806104066804407
Nikola Vlašić,Torino,ITA-Serie A,27.0,57.3,2,0.09536824184250457,0.0683075032196939,0.12778601230465098,0.39716065817400426,0.13961605584642234,0.41975308641975306,74.0,43.132183908046,0.5353997424244881,22500000.0,38300000.0,2027.0,False,45.8,COUNTER-risk,-1.1254968560567333
Jeong Woo-yeong,Union Berlin,GER-Bundesliga,25.0,27.3,2,0.0,,0.0,0.0,0.0,,76.0,,0.0,4000000.0,7500000.0,2028.0,False,40.1,COUNTER-risk,-1.1508394233530204
Danel Sinani,St Pauli,GER-Bundesliga,28.0,36.9,2,0.14577318982380194,0.06403607981545585,0.1871726034729058,0.4049933050332596,0.2981029810298103,0.43023255813953487,61.0,22.282120395328,-1.379030704498291,1900000.0,3400000.0,2029.0,False,44.3,COUNTER-risk,-1.1861351634065058
Abdoul Ouattara,Strasbourg,FRA-Ligue 1,19.0,24.8,2,0.0,,0.0,0.0,0.20161290322580644,0.59375,76.0,34.8484848484845,0.0,4000000.0,8400000.0,2029.0,False,51.95,balanced,-1.195832040480551
Aimar Oroz,Osasuna,ESP-La Liga,23.0,56.8,2,0.09517981605210775,0.06931043015076564,0.1377616876992069,0.3777568312656974,0.19366197183098594,0.45454545454545453,67.0,46.608231707317,-1.4062135517597198,16000000.0,34800000.0,2029.0,False,46.45,COUNTER-risk,-1.2253599397959378
Dani Raba,Valencia,ESP-La Liga,29.0,23.9,2,0.0,,0.0,0.0,0.5439330543933055,0.4074074074074074,71.0,11.904761904762,0.0,4100000.0,8600000.0,2027.0,False,48.05,balanced,-1.2966354254833459
Tomáš Suslov,Hellas Verona,ITA-Serie A,23.0,28.1,2,0.07452510224383496,0.047594440296630965,0.08002112810151961,0.30069199079163766,0.14234875444839856,0.3181818181818182,78.0,8.3333333333335,-2.0941553730517626,5000000.0,10000000.0,2027.0,False,39.45,COUNTER-risk,-1.3118488752262432
Karl Etta Eyong,Villarreal,ESP-La Liga,21.0,18.9,2,0.0,,0.0,0.0,0.0,0.5,80.0,100.0,0.0,12500000.0,30000000.0,2029.0,False,46.05,COUNTER-risk,-1.326247636263603
Javier Muñoz,Getafe,ESP-La Liga,30.0,34.9,2,0.06787074795179603,0.060735618038914904,0.07389105151922451,0.2681497025855932,0.11461318051575932,0.42105263157894735,72.0,38.2926829268295,-1.3686891035176814,4000000.0,8400000.0,2028.0,False,41.0,COUNTER-risk,-1.375395971531011
Fer López,Celta Vigo,ESP-La Liga,21.0,23.1,2,0.0,,0.0,0.0,0.2597402597402597,0.5757575757575758,67.0,25.757575757575502,0.0,7000000.0,0.0,,False,52.0,balanced,-1.4045860585406396
