,,,,nation,pos,age,born,90s,Goals,Goals,Goals,Goals,Goals,Expected,Expected,Expected,Expected,Launched,Launched,Launched,Passes,Passes,Passes,Passes,Goal Kicks,Goal Kicks,Goal Kicks,Crosses,Crosses,Crosses,Sweeper,Sweeper,Sweeper
,,,,Unnamed: 4_level_1,Unnamed: 5_level_1,Unnamed: 6_level_1,Unnamed: 7_level_1,Unnamed: 8_level_1,GA,PKA,FK,CK,OG,PSxG,PSxG/SoT,PSxG+/-,/90,Cmp,Att,Cmp%,Att (GK),Thr,Launch%,AvgLen,Att,Launch%,AvgLen,Opp,Stp,Stp%,#OPA,#OPA/90,AvgDist
league,season,team,player,,,,,,,,,,,,,,,,,,,,,,,,,,,,,,
ENG-Premier League,2425,Arsenal,David Raya,ESP,GK,28.0,1995.0,38.0,34,3,,,,,,,,,,,,,,,,,,,,,,,
ENG-Premier League,2425,Aston Villa,Emiliano Martínez,ARG,GK,31.0,1992.0,35.5,47,1,,,,,,,,,,,,,,,,,,,,,,,
ENG-Premier League,2425,Aston Villa,Robin Olsen,SWE,GK,34.0,1990.0,2.5,6,1,,,,,,,,,,,,,,,,,,,,,,,
ENG-Premier League,2425,Bournemouth,Kepa Arrizabalaga,ESP,GK,29.0,1994.0,31.0,39,4,,,,,,,,,,,,,,,,,,,,,,,
ENG-Premier League,2425,Bournemouth,Mark Travers,IRL,GK,25.0,1999.0,5.0,5,0,,,,,,,,,,,,,,,,,,,,,,,
ENG-Premier League,2425,Bournemouth,Neto,BRA,GK,35.0,1989.0,2.0,2,0,,,,,,,,,,,,,,,,,,,,,,,
ENG-Premier League,2425,Brentford,Hákon Valdimarsson,ISL,GK,22.0,2001.0,1.6,2,0,,,,,,,,,,,,,,,,,,,,,,,
ENG-Premier League,2425,Brentford,Mark Flekken,NED,GK,31.0,1993.0,36.4,55,1,,,,,,,,,,,,,,,,,,,,,,,
ENG-Premier League,2425,Brighton,Bart Verbruggen,NED,GK,21.0,2002.0,36.0,58,9,,,,,,,,,,,,,,,,,,,,,,,
ENG-Premier League,2425,Brighton,Jason Steele,ENG,GK,33.0,1990.0,2.0,1,0,,,,,,,,,,,,,,,,,,,,,,,
ENG-Premier League,2425,Chelsea,Filip Jørgensen,DEN,GK,22.0,2002.0,6.0,9,1,,,,,,,,,,,,,,,,,,,,,,,
ENG-Premier League,2425,Chelsea,Robert Sánchez,ESP,GK,26.0,1997.0,32.0,34,4,,,,,,,,,,,,,,,,,,,,,,,
ENG-Premier League,2425,Crystal Palace,Dean Henderson,ENG,GK,27.0,1997.0,38.0,51,1,,,,,,,,,,,,,,,,,,,,,,,
ENG-Premier League,2425,Everton,Jordan Pickford,ENG,GK,30.0,1994.0,38.0,44,0,,,,,,,,,,,,,,,,,,,,,,,
ENG-Premier League,2425,Fulham,Bernd Leno,GER,GK,32.0,1992.0,38.0,54,3,,,,,,,,,,,,,,,,,,,,,,,
ENG-Premier League,2425,Ipswich Town,Alex Palmer,ENG,GK,27.0,1996.0,13.0,30,1,,,,,,,,,,,,,,,,,,,,,,,
ENG-Premier League,2425,Ipswich Town,Arijanet Muric,KVX,GK,25.0,1998.0,18.0,33,3,,,,,,,,,,,,,,,,,,,,,,,
ENG-Premier League,2425,Ipswich Town,Christian Walton,ENG,GK,28.0,1995.0,7.0,19,2,,,,,,,,,,,,,,,,,,,,,,,
ENG-Premier League,2425,Leicester City,Danny Ward,WAL,GK,31.0,1993.0,1.5,6,0,,,,,,,,,,,,,,,,,,,,,,,
ENG-Premier League,2425,Leicester City,Jakub Stolarczyk,POL,GK,23.0,2000.0,10.0,16,0,,,,,,,,,,,,,,,,,,,,,,,
ENG-Premier League,2425,Leicester City,Mads Hermansen,DEN,GK,24.0,2000.0,26.5,58,3,,,,,,,,,,,,,,,,,,,,,,,
ENG-Premier League,2425,Liverpool,Alisson,BRA,GK,31.0,1992.0,27.9,29,1,,,,,,,,,,,,,,,,,,,,,,,
ENG-Premier League,2425,Liverpool,Caoimhín Kelleher,IRL,GK,25.0,1998.0,10.0,12,0,,,,,,,,,,,,,,,,,,,,,,,
ENG-Premier League,2425,Liverpool,Vitezslav Jaros,CZE,GK,23.0,2001.0,0.1,0,0,,,,,,,,,,,,,,,,,,,,,,,
ENG-Premier League,2425,Manchester City,Ederson Moraes,BRA,GK,30.0,1993.0,25.8,26,2,,,,,,,,,,,,,,,,,,,,,,,
ENG-Premier League,2425,Manchester City,Stefan Ortega,GER,GK,31.0,1992.0,12.2,18,2,,,,,,,,,,,,,,,,,,,,,,,
ENG-Premier League,2425,Manchester Utd,Altay Bayındır,TUR,GK,26.0,1998.0,4.0,10,0,,,,,,,,,,,,,,,,,,,,,,,
ENG-Premier League,2425,Manchester Utd,André Onana,CMR,GK,28.0,1996.0,34.0,44,3,,,,,,,,,,,,,,,,,,,,,,,
ENG-Premier League,2425,Newcastle,Martin Dúbravka,SVK,GK,35.0,1989.0,10.0,12,0,,,,,,,,,,,,,,,,,,,,,,,
ENG-Premier League,2425,Newcastle,Nick Pope,ENG,GK,32.0,1992.0,28.0,35,1,,,,,,,,,,,,,,,,,,,,,,,
ENG-Premier League,2425,Nottingham,Matz Sels,BEL,GK,32.0,1992.0,38.0,46,3,,,,,,,,,,,,,,,,,,,,,,,
ENG-Premier League,2425,Southampton,Aaron Ramsdale,ENG,GK,26.0,1998.0,30.0,66,5,,,,,,,,,,,,,,,,,,,,,,,
ENG-Premier League,2425,Southampton,Alex McCarthy,ENG,GK,34.0,1989.0,5.0,13,2,,,,,,,,,,,,,,,,,,,,,,,
ENG-Premier League,2425,Southampton,Joe Lumley,ENG,GK,29.0,1995.0,3.0,7,0,,,,,,,,,,,,,,,,,,,,,,,
ENG-Premier League,2425,Tottenham,Antonín Kinský,CZE,GK,21.0,2003.0,6.0,11,0,,,,,,,,,,,,,,,,,,,,,,,
ENG-Premier League,2425,Tottenham,Brandon Austin,ENG,GK,25.0,1999.0,1.0,2,0,,,,,,,,,,,,,,,,,,,,,,,
ENG-Premier League,2425,Tottenham,Fraser Forster,ENG,GK,36.0,1988.0,7.0,15,2,,,,,,,,,,,,,,,,,,,,,,,
ENG-Premier League,2425,Tottenham,Guglielmo Vicario,ITA,GK,27.0,1996.0,24.0,37,1,,,,,,,,,,,,,,,,,,,,,,,
ENG-Premier League,2425,West Ham,Alphonse Areola,FRA,GK,31.0,1993.0,25.1,41,0,,,,,,,,,,,,,,,,,,,,,,,
ENG-Premier League,2425,West Ham,Łukasz Fabiański,POL,GK,39.0,1985.0,12.9,21,3,,,,,,,,,,,,,,,,,,,,,,,
ENG-Premier League,2425,Wolves,Daniel Bentley,ENG,GK,31.0,1993.0,2.0,4,0,,,,,,,,,,,,,,,,,,,,,,,
ENG-Premier League,2425,Wolves,José Sá,POR,GK,31.0,1993.0,29.0,48,5,,,,,,,,,,,,,,,,,,,,,,,
ENG-Premier League,2425,Wolves,Sam Johnstone,ENG,GK,31.0,1993.0,7.0,17,2,,,,,,,,,,,,,,,,,,,,,,,
ENG-Premier League,2425,Wolves,Tom King,WAL,GK,29.0,1995.0,0.0,0,0,,,,,,,,,,,,,,,,,,,,,,,
ENG-Premier League,2526,Arsenal,David Raya,ESP,GK,29.0,1995.0,37.0,26,0,,,,,,,,,,,,,,,,,,,,,,,
ENG-Premier League,2526,Arsenal,Kepa Arrizabalaga,ESP,GK,30.0,1994.0,1.0,1,0,,,,,,,,,,,,,,,,,,,,,,,
ENG-Premier League,2526,Aston Villa,Emiliano Martínez,ARG,GK,32.0,1992.0,31.5,39,0,,,,,,,,,,,,,,,,,,,,,,,
ENG-Premier League,2526,Aston Villa,Marco Bizot,NED,GK,34.0,1991.0,6.5,10,1,,,,,,,,,,,,,,,,,,,,,,,
ENG-Premier League,2526,Bournemouth,Đorđe Petrović,SRB,GK,25.0,1999.0,38.0,54,6,,,,,,,,,,,,,,,,,,,,,,,
ENG-Premier League,2526,Brentford,Caoimhín Kelleher,IRL,GK,26.0,1998.0,37.0,49,5,,,,,,,,,,,,,,,,,,,,,,,
ENG-Premier League,2526,Brentford,Hákon Valdimarsson,ISL,GK,23.0,2001.0,1.0,3,0,,,,,,,,,,,,,,,,,,,,,,,
ENG-Premier League,2526,Brighton,Bart Verbruggen,NED,GK,22.0,2002.0,38.0,46,5,,,,,,,,,,,,,,,,,,,,,,,
ENG-Premier League,2526,Burnley,Martin Dúbravka,SVK,GK,36.0,1989.0,35.0,71,6,,,,,,,,,,,,,,,,,,,,,,,
ENG-Premier League,2526,Burnley,Max Weiß,GER,GK,21.0,2004.0,3.0,4,1,,,,,,,,,,,,,,,,,,,,,,,
ENG-Premier League,2526,Chelsea,Filip Jørgensen,DEN,GK,23.0,2002.0,4.2,5,0,,,,,,,,,,,,,,,,,,,,,,,
ENG-Premier League,2526,Chelsea,Robert Sánchez,ESP,GK,27.0,1997.0,33.8,49,2,,,,,,,,,,,,,,,,,,,,,,,
ENG-Premier League,2526,Crystal Palace,Dean Henderson,ENG,GK,28.0,1997.0,37.0,51,5,,,,,,,,,,,,,,,,,,,,,,,
ENG-Premier League,2526,Crystal Palace,Walter Benítez,ARG,GK,32.0,1993.0,1.0,0,0,,,,,,,,,,,,,,,,,,,,,,,
ENG-Premier League,2526,Everton,Jordan Pickford,ENG,GK,31.0,1994.0,38.0,50,3,,,,,,,,,,,,,,,,,,,,,,,
ENG-Premier League,2526,Fulham,Bernd Leno,GER,GK,33.0,1992.0,38.0,51,3,,,,,,,,,,,,,,,,,,,,,,,
ENG-Premier League,2526,Leeds United,Karl Darlow,WAL,GK,34.0,1990.0,22.0,27,2,,,,,,,,,,,,,,,,,,,,,,,
ENG-Premier League,2526,Leeds United,Lucas Perri,BRA,GK,27.0,1997.0,16.0,29,4,,,,,,,,,,,,,,,,,,,,,,,
ENG-Premier League,2526,Liverpool,Alisson,BRA,GK,32.0,1992.0,26.0,31,2,,,,,,,,,,,,,,,,,,,,,,,
ENG-Premier League,2526,Liverpool,Freddie Woodman,ENG,GK,28.0,1997.0,2.4,4,0,,,,,,,,,,,,,,,,,,,,,,,
ENG-Premier League,2526,Liverpool,Giorgi Mamardashvili,GEO,GK,24.0,2000.0,9.6,18,1,,,,,,,,,,,,,,,,,,,,,,,
ENG-Premier League,2526,Manchester City,Gianluigi Donnarumma,ITA,GK,26.0,1999.0,34.0,29,0,,,,,,,,,,,,,,,,,,,,,,,
ENG-Premier League,2526,Manchester City,James Trafford,ENG,GK,22.0,2002.0,4.0,6,1,,,,,,,,,,,,,,,,,,,,,,,
ENG-Premier League,2526,Manchester Utd,Altay Bayındır,TUR,GK,27.0,1998.0,6.0,11,0,,,,,,,,,,,,,,,,,,,,,,,
ENG-Premier League,2526,Manchester Utd,Senne Lammens,BEL,GK,23.0,2002.0,32.0,39,4,,,,,,,,,,,,,,,,,,,,,,,
ENG-Premier League,2526,Newcastle,Aaron Ramsdale,ENG,GK,27.0,1998.0,11.2,17,3,,,,,,,,,,,,,,,,,,,,,,,
ENG-Premier League,2526,Newcastle,Nick Pope,ENG,GK,33.0,1992.0,26.8,38,2,,,,,,,,,,,,,,,,,,,,,,,
ENG-Premier League,2526,Nottingham,Angus Gunn,SCO,GK,29.0,1996.0,0.5,0,0,,,,,,,,,,,,,,,,,,,,,,,
ENG-Premier League,2526,Nottingham,John,BRA,GK,29.0,1996.0,4.9,8,1,,,,,,,,,,,,,,,,,,,,,,,
ENG-Premier League,2526,Nottingham,Matz Sels,BEL,GK,33.0,1992.0,29.6,39,4,,,,,,,,,,,,,,,,,,,,,,,
ENG-Premier League,2526,Nottingham,Stefan Ortega,GER,GK,32.0,1992.0,3.0,4,0,,,,,,,,,,,,,,,,,,,,,,,
ENG-Premier League,2526,Sunderland,Melker Ellborg,SWE,GK,22.0,2003.0,3.0,2,0,,,,,,,,,,,,,,,,,,,,,,,
ENG-Premier League,2526,Sunderland,Robin Roefs,NED,GK,22.0,2003.0,35.0,46,2,,,,,,,,,,,,,,,,,,,,,,,
ENG-Premier League,2526,Tottenham,Antonín Kinský,CZE,GK,22.0,2003.0,7.0,7,1,,,,,,,,,,,,,,,,,,,,,,,
ENG-Premier League,2526,Tottenham,Guglielmo Vicario,ITA,GK,28.0,1996.0,31.0,50,2,,,,,,,,,,,,,,,,,,,,,,,
ENG-Premier League,2526,West Ham,Alphonse Areola,FRA,GK,32.0,1993.0,20.0,37,5,,,,,,,,,,,,,,,,,,,,,,,
ENG-Premier League,2526,West Ham,Mads Hermansen,DEN,GK,25.0,2000.0,18.0,28,1,,,,,,,,,,,,,,,,,,,,,,,
ENG-Premier League,2526,Wolves,Daniel Bentley,ENG,GK,32.0,1993.0,3.0,7,1,,,,,,,,,,,,,,,,,,,,,,,
ENG-Premier League,2526,Wolves,José Sá,POR,GK,32.0,1993.0,23.0,37,3,,,,,,,,,,,,,,,,,,,,,,,
ENG-Premier League,2526,Wolves,Sam Johnstone,ENG,GK,32.0,1993.0,12.0,24,1,,,,,,,,,,,,,,,,,,,,,,,
ESP-La Liga,2425,Alavés,Adrian Rodriguez,ESP,GK,23.0,2000.0,1.4,2,1,,,,,,,,,,,,,,,,,,,,,,,
ESP-La Liga,2425,Alavés,Antonio Sivera,ESP,GK,27.0,1996.0,31.2,39,9,,,,,,,,,,,,,,,,,,,,,,,
ESP-La Liga,2425,Alavés,Jesús Owono,EQG,GK,23.0,2001.0,5.4,7,1,,,,,,,,,,,,,,,,,,,,,,,
ESP-La Liga,2425,Athletic Club,Alex Padilla,ESP,GK,20.0,2003.0,3.6,6,1,,,,,,,,,,,,,,,,,,,,,,,
ESP-La Liga,2425,Athletic Club,Julen Agirrezabala,ESP,GK,23.0,2000.0,13.4,10,1,,,,,,,,,,,,,,,,,,,,,,,
ESP-La Liga,2425,Athletic Club,Unai Simón,ESP,GK,27.0,1997.0,21.0,14,1,,,,,,,,,,,,,,,,,,,,,,,
ESP-La Liga,2425,Atlético Madrid,Jan Oblak,SVN,GK,31.0,1993.0,36.0,30,5,,,,,,,,,,,,,,,,,,,,,,,
ESP-La Liga,2425,Atlético Madrid,Juan Musso,ARG,GK,30.0,1994.0,2.0,0,0,,,,,,,,,,,,,,,,,,,,,,,
ESP-La Liga,2425,Barcelona,Iñaki Peña,ESP,GK,25.0,1999.0,15.5,18,2,,,,,,,,,,,,,,,,,,,,,,,
ESP-La Liga,2425,Barcelona,Marc-André ter Stegen,GER,GK,32.0,1992.0,7.5,9,1,,,,,,,,,,,,,,,,,,,,,,,
ESP-La Liga,2425,Barcelona,Wojciech Szczęsny,POL,GK,34.0,1990.0,15.0,12,1,,,,,,,,,,,,,,,,,,,,,,,
ESP-La Liga,2425,Celta Vigo,Iván Villar,ESP,GK,27.0,1997.0,4.0,9,0,,,,,,,,,,,,,,,,,,,,,,,
ESP-La Liga,2425,Celta Vigo,Vicente Guaita,ESP,GK,37.0,1987.0,34.0,48,3,,,,,,,,,,,,,,,,,,,,,,,
ESP-La Liga,2425,Espanyol,Joan García,ESP,GK,23.0,2001.0,38.0,51,4,,,,,,,,,,,,,,,,,,,,,,,
ESP-La Liga,2425,Getafe,David Soria,ESP,GK,31.0,1993.0,38.0,39,8,,,,,,,,,,,,,,,,,,,,,,,
ESP-La Liga,2425,Girona,Pau López,ESP,GK,29.0,1994.0,0.5,2,0,,,,,,,,,,,,,,,,,,,,,,,
ESP-La Liga,2425,Girona,Paulo Gazzaniga,ARG,GK,32.0,1992.0,35.5,51,2,,,,,,,,,,,,,,,,,,,,,,,
ESP-La Liga,2425,Girona,Vladyslav Krapyvtsov,UKR,GK,19.0,2005.0,2.0,7,1,,,,,,,,,,,,,,,,,,,,,,,
ESP-La Liga,2425,Las Palmas,Dinko Horkaš,CRO,GK,25.0,1999.0,12.1,19,1,,,,,,,,,,,,,,,,,,,,,,,
ESP-La Liga,2425,Las Palmas,Jasper Cillessen,NED,GK,35.0,1989.0,25.9,42,4,,,,,,,,,,,,,,,,,,,,,,,
ESP-La Liga,2425,Leganés,Juan Soriano,ESP,GK,26.0,1997.0,6.0,7,0,,,,,,,,,,,,,,,,,,,,,,,
ESP-La Liga,2425,Leganés,Marko Dmitrović,SRB,GK,32.0,1992.0,32.0,49,7,,,,,,,,,,,,,,,,,,,,,,,
ESP-La Liga,2425,Mallorca,Dominik Greif,SVK,GK,27.0,1997.0,31.0,34,2,,,,,,,,,,,,,,,,,,,,,,,
ESP-La Liga,2425,Mallorca,Leo Román,ESP,GK,24.0,2000.0,7.0,10,1,,,,,,,,,,,,,,,,,,,,,,,
ESP-La Liga,2425,Osasuna,Aitor Fernández,ESP,GK,33.0,1991.0,1.0,0,0,,,,,,,,,,,,,,,,,,,,,,,
ESP-La Liga,2425,Osasuna,Sergio Herrera,ESP,GK,31.0,1993.0,37.0,52,7,,,,,,,,,,,,,,,,,,,,,,,
ESP-La Liga,2425,Rayo Vallecano,Augusto Batalla,ARG,GK,28.0,1996.0,32.0,39,6,,,,,,,,,,,,,,,,,,,,,,,
ESP-La Liga,2425,Rayo Vallecano,Dani Cárdenas,ESP,GK,27.0,1997.0,6.0,6,0,,,,,,,,,,,,,,,,,,,,,,,
ESP-La Liga,2425,Real Betis,Adrián,ESP,GK,37.0,1987.0,19.0,27,1,,,,,,,,,,,,,,,,,,,,,,,
ESP-La Liga,2425,Real Betis,Fran Vieites,ESP,GK,25.0,1999.0,4.0,5,0,,,,,,,,,,,,,,,,,,,,,,,
ESP-La Liga,2425,Real Betis,Rui Silva,POR,GK,30.0,1994.0,15.0,18,3,,,,,,,,,,,,,,,,,,,,,,,
ESP-La Liga,2425,Real Madrid,Andriy Lunin,UKR,GK,25.0,1999.0,7.0,7,0,,,,,,,,,,,,,,,,,,,,,,,
ESP-La Liga,2425,Real Madrid,Fran,ESP,GK,19.0,2005.0,1.0,2,0,,,,,,,,,,,,,,,,,,,,,,,
ESP-La Liga,2425,Real Madrid,Thibaut Courtois,BEL,GK,32.0,1992.0,30.0,29,3,,,,,,,,,,,,,,,,,,,,,,,
ESP-La Liga,2425,Real Sociedad,Unai Marrero,ESP,GK,22.0,2001.0,2.0,3,0,,,,,,,,,,,,,,,,,,,,,,,
ESP-La Liga,2425,Real Sociedad,Álex Remiro,ESP,GK,29.0,1995.0,36.0,43,5,,,,,,,,,,,,,,,,,,,,,,,
ESP-La Liga,2425,Sevilla,Álvaro Fernández,ESP,GK,26.0,1998.0,8.3,16,2,,,,,,,,,,,,,,,,,,,,,,,
ESP-La Liga,2425,Sevilla,Ørjan Nyland,NOR,GK,33.0,1990.0,29.7,39,3,,,,,,,,,,,,,,,,,,,,,,,
ESP-La Liga,2425,Valencia,Giorgi Mamardashvili,GEO,GK,23.0,2000.0,34.0,48,5,,,,,,,,,,,,,,,,,,,,,,,
ESP-La Liga,2425,Valencia,Stole Dimitrievski,MKD,GK,30.0,1993.0,4.0,6,1,,,,,,,,,,,,,,,,,,,,,,,
ESP-La Liga,2425,Valladolid,André Ferreira,POR,GK,28.0,1996.0,6.0,20,3,,,,,,,,,,,,,,,,,,,,,,,
ESP-La Liga,2425,Valladolid,Arnau Rafús,ESP,GK,21.0,2003.0,1.0,2,0,,,,,,,,,,,,,,,,,,,,,,,
ESP-La Liga,2425,Valladolid,Karl Jakob Hein,EST,GK,22.0,2002.0,31.0,68,4,,,,,,,,,,,,,,,,,,,,,,,
ESP-La Liga,2425,Villarreal,Diego Conde,ESP,GK,25.0,1998.0,21.8,33,3,,,,,,,,,,,,,,,,,,,,,,,
ESP-La Liga,2425,Villarreal,Luiz Lúcio Reis Júnior,BRA,GK,23.0,2001.0,16.2,18,4,,,,,,,,,,,,,,,,,,,,,,,
ESP-La Liga,2526,Alavés,Antonio Sivera,ESP,GK,28.0,1996.0,38.0,56,5,,,,,,,,,,,,,,,,,,,,,,,
ESP-La Liga,2526,Athletic Club,Alex Padilla,ESP,GK,21.0,2003.0,1.0,4,0,,,,,,,,,,,,,,,,,,,,,,,
ESP-La Liga,2526,Athletic Club,Unai Simón,ESP,GK,28.0,1997.0,37.0,54,3,,,,,,,,,,,,,,,,,,,,,,,
ESP-La Liga,2526,Atlético Madrid,Jan Oblak,SVN,GK,32.0,1993.0,30.0,31,2,,,,,,,,,,,,,,,,,,,,,,,
ESP-La Liga,2526,Atlético Madrid,Juan Musso,ARG,GK,31.0,1994.0,8.0,13,3,,,,,,,,,,,,,,,,,,,,,,,
ESP-La Liga,2526,Barcelona,Joan García,ESP,GK,24.0,2001.0,30.0,21,3,,,,,,,,,,,,,,,,,,,,,,,
ESP-La Liga,2526,Barcelona,Wojciech Szczęsny,POL,GK,35.0,1990.0,8.0,15,1,,,,,,,,,,,,,,,,,,,,,,,
ESP-La Liga,2526,Celta Vigo,Ionuț Radu,ROU,GK,28.0,1997.0,38.0,48,6,,,,,,,,,,,,,,,,,,,,,,,
ESP-La Liga,2526,Elche,Iñaki Peña,ESP,GK,26.0,1999.0,16.0,28,2,,,,,,,,,,,,,,,,,,,,,,,
ESP-La Liga,2526,Elche,Matías Dituro,ARG,GK,38.0,1987.0,22.0,29,4,,,,,,,,,,,,,,,,,,,,,,,
ESP-La Liga,2526,Espanyol,Fortuño,ESP,GK,23.0,2001.0,1.0,1,0,,,,,,,,,,,,,,,,,,,,,,,
ESP-La Liga,2526,Espanyol,Marko Dmitrović,SRB,GK,33.0,1992.0,37.0,54,5,,,,,,,,,,,,,,,,,,,,,,,
ESP-La Liga,2526,Getafe,David Soria,ESP,GK,32.0,1993.0,38.0,38,1,,,,,,,,,,,,,,,,,,,,,,,
ESP-La Liga,2526,Girona,Marc-André ter Stegen,GER,GK,33.0,1992.0,2.0,2,0,,,,,,,,,,,,,,,,,,,,,,,
ESP-La Liga,2526,Girona,Paulo Gazzaniga,ARG,GK,33.0,1992.0,34.5,47,4,,,,,,,,,,,,,,,,,,,,,,,
ESP-La Liga,2526,Girona,Vladyslav Krapyvtsov,UKR,GK,20.0,2005.0,1.5,6,1,,,,,,,,,,,,,,,,,,,,,,,
ESP-La Liga,2526,Levante,Mathew Ryan,AUS,GK,33.0,1992.0,36.0,56,3,,,,,,,,,,,,,,,,,,,,,,,
ESP-La Liga,2526,Levante,Pablo Cuñat,ESP,GK,23.0,2002.0,2.0,5,0,,,,,,,,,,,,,,,,,,,,,,,
ESP-La Liga,2526,Mallorca,Leo Román,ESP,GK,25.0,2000.0,33.0,50,6,,,,,,,,,,,,,,,,,,,,,,,
ESP-La Liga,2526,Mallorca,Lucas Bergström,FIN,GK,22.0,2002.0,5.0,7,0,,,,,,,,,,,,,,,,,,,,,,,
ESP-La Liga,2526,Osasuna,Aitor Fernández,ESP,GK,34.0,1991.0,1.5,3,1,,,,,,,,,,,,,,,,,,,,,,,
ESP-La Liga,2526,Osasuna,Sergio Herrera,ESP,GK,32.0,1993.0,36.5,47,8,,,,,,,,,,,,,,,,,,,,,,,
ESP-La Liga,2526,Oviedo,Aarón Escandell,ESP,GK,29.0,1995.0,36.0,56,5,,,,,,,,,,,,,,,,,,,,,,,
ESP-La Liga,2526,Oviedo,Horaţiu Moldovan,ROU,GK,27.0,1998.0,2.0,4,0,,,,,,,,,,,,,,,,,,,,,,,
ESP-La Liga,2526,Rayo Vallecano,Augusto Batalla,ARG,GK,29.0,1996.0,34.0,37,5,,,,,,,,,,,,,,,,,,,,,,,
ESP-La Liga,2526,Rayo Vallecano,Dani Cárdenas,ESP,GK,28.0,1997.0,4.0,7,1,,,,,,,,,,,,,,,,,,,,,,,
ESP-La Liga,2526,Real Betis,Adrián,ESP,GK,38.0,1987.0,1.0,1,0,,,,,,,,,,,,,,,,,,,,,,,
ESP-La Liga,2526,Real Betis,Pau López,ESP,GK,30.0,1994.0,9.0,11,0,,,,,,,,,,,,,,,,,,,,,,,
ESP-La Liga,2526,Real Betis,Álvaro Vallés,ESP,GK,28.0,1997.0,28.0,36,4,,,,,,,,,,,,,,,,,,,,,,,
ESP-La Liga,2526,Real Madrid,Andriy Lunin,UKR,GK,26.0,1999.0,6.0,7,0,,,,,,,,,,,,,,,,,,,,,,,
ESP-La Liga,2526,Real Madrid,Thibaut Courtois,BEL,GK,33.0,1992.0,32.0,28,4,,,,,,,,,,,,,,,,,,,,,,,
ESP-La Liga,2526,Real Sociedad,Unai Marrero,ESP,GK,23.0,2001.0,1.0,1,0,,,,,,,,,,,,,,,,,,,,,,,
ESP-La Liga,2526,Real Sociedad,Álex Remiro,ESP,GK,30.0,1995.0,37.0,60,5,,,,,,,,,,,,,,,,,,,,,,,
ESP-La Liga,2526,Sevilla,Odysseas Vlachodimos,GRE,GK,31.0,1994.0,33.0,52,8,,,,,,,,,,,,,,,,,,,,,,,
ESP-La Liga,2526,Sevilla,Ørjan Nyland,NOR,GK,34.0,1990.0,5.0,8,1,,,,,,,,,,,,,,,,,,,,,,,
ESP-La Liga,2526,Valencia,Julen Agirrezabala,ESP,GK,24.0,2000.0,18.0,30,3,,,,,,,,,,,,,,,,,,,,,,,
ESP-La Liga,2526,Valencia,Stole Dimitrievski,MKD,GK,31.0,1993.0,20.0,25,3,,,,,,,,,,,,,,,,,,,,,,,
ESP-La Liga,2526,Villarreal,Arnau Tenas,ESP,GK,24.0,2001.0,10.0,16,2,,,,,,,,,,,,,,,,,,,,,,,
ESP-La Liga,2526,Villarreal,Luiz Lúcio Reis Júnior,BRA,GK,24.0,2001.0,28.0,30,5,,,,,,,,,,,,,,,,,,,,,,,
FRA-Ligue 1,2425,Angers,Melvin Zinga,FRA,GK,22.0,2002.0,1.0,2,1,,,,,,,,,,,,,,,,,,,,,,,
FRA-Ligue 1,2425,Angers,Yahia Fofana,CIV,GK,23.0,2000.0,33.0,51,3,,,,,,,,,,,,,,,,,,,,,,,
FRA-Ligue 1,2425,Auxerre,Donovan Léon,GUF,GK,31.0,1992.0,32.0,48,5,,,,,,,,,,,,,,,,,,,,,,,
FRA-Ligue 1,2425,Auxerre,Théo De Percin,MTQ,GK,23.0,2001.0,2.0,3,1,,,,,,,,,,,,,,,,,,,,,,,
FRA-Ligue 1,2425,Brest,Grégoire Coudert,FRA,GK,25.0,1999.0,2.0,5,0,,,,,,,,,,,,,,,,,,,,,,,
FRA-Ligue 1,2425,Brest,Marco Bizot,NED,GK,33.0,1991.0,32.0,54,8,,,,,,,,,,,,,,,,,,,,,,,
FRA-Ligue 1,2425,Le Havre,Arthur Desmas,FRA,GK,30.0,1994.0,18.0,38,2,,,,,,,,,,,,,,,,,,,,,,,
FRA-Ligue 1,2425,Le Havre,Mathieu Gorgelin,FRA,GK,33.0,1990.0,16.0,33,3,,,,,,,,,,,,,,,,,,,,,,,
FRA-Ligue 1,2425,Lens,Brice Samba,FRA,GK,30.0,1994.0,15.0,14,4,,,,,,,,,,,,,,,,,,,,,,,
FRA-Ligue 1,2425,Lens,Hervé Koffi,BFA,GK,27.0,1996.0,5.0,8,2,,,,,,,,,,,,,,,,,,,,,,,
FRA-Ligue 1,2425,Lens,Mathew Ryan,AUS,GK,32.0,1992.0,14.0,17,2,,,,,,,,,,,,,,,,,,,,,,,
FRA-Ligue 1,2425,Lille,Lucas Chevalier,FRA,GK,22.0,2001.0,34.0,36,4,,,,,,,,,,,,,,,,,,,,,,,
FRA-Ligue 1,2425,Lyon,Lucas Perri,BRA,GK,26.0,1997.0,33.0,44,3,,,,,,,,,,,,,,,,,,,,,,,
FRA-Ligue 1,2425,Lyon,Rémy Descamps,FRA,GK,28.0,1996.0,1.0,2,0,,,,,,,,,,,,,,,,,,,,,,,
FRA-Ligue 1,2425,Marseille,Gerónimo Rulli,ARG,GK,32.0,1992.0,34.0,47,3,,,,,,,,,,,,,,,,,,,,,,,
FRA-Ligue 1,2425,Monaco,Philipp Köhn,SUI,GK,26.0,1998.0,19.0,19,1,,,,,,,,,,,,,,,,,,,,,,,
FRA-Ligue 1,2425,Monaco,Radosław Majecki,POL,GK,24.0,1999.0,15.0,22,2,,,,,,,,,,,,,,,,,,,,,,,
FRA-Ligue 1,2425,Montpellier,Benjamin Lecomte,FRA,GK,33.0,1991.0,30.0,68,6,,,,,,,,,,,,,,,,,,,,,,,
FRA-Ligue 1,2425,Montpellier,Dimitry Bertaud,COD,GK,26.0,1998.0,4.0,11,2,,,,,,,,,,,,,,,,,,,,,,,
FRA-Ligue 1,2425,Nantes,Alban Lafont,CIV,GK,25.0,1999.0,12.0,19,3,,,,,,,,,,,,,,,,,,,,,,,
FRA-Ligue 1,2425,Nantes,Anthony Lopes,POR,GK,33.0,1990.0,17.4,26,4,,,,,,,,,,,,,,,,,,,,,,,
FRA-Ligue 1,2425,Nantes,Patrik Carlgren,SWE,GK,32.0,1992.0,4.6,7,0,,,,,,,,,,,,,,,,,,,,,,,
FRA-Ligue 1,2425,Nice,Marcin Bułka,POL,GK,24.0,1999.0,34.0,41,2,,,,,,,,,,,,,,,,,,,,,,,
FRA-Ligue 1,2425,PSG,Arnau Tenas,ESP,GK,23.0,2001.0,1.0,1,0,,,,,,,,,,,,,,,,,,,,,,,
FRA-Ligue 1,2425,PSG,Gianluigi Donnarumma,ITA,GK,25.0,1999.0,23.2,25,1,,,,,,,,,,,,,,,,,,,,,,,
FRA-Ligue 1,2425,PSG,Matvei Safonov,RUS,GK,25.0,1999.0,9.8,9,2,,,,,,,,,,,,,,,,,,,,,,,
FRA-Ligue 1,2425,Reims,Yehvann Diouf,SEN,GK,24.0,1999.0,34.0,47,4,,,,,,,,,,,,,,,,,,,,,,,
FRA-Ligue 1,2425,Rennes,Brice Samba,FRA,GK,30.0,1994.0,17.0,27,1,,,,,,,,,,,,,,,,,,,,,,,
FRA-Ligue 1,2425,Rennes,Gauthier Gallon,FRA,GK,31.0,1993.0,0.5,0,0,,,,,,,,,,,,,,,,,,,,,,,
FRA-Ligue 1,2425,Rennes,Steve Mandanda,FRA,GK,39.0,1985.0,16.5,24,2,,,,,,,,,,,,,,,,,,,,,,,
FRA-Ligue 1,2425,Saint-Étienne,Gautier Larsonneur,FRA,GK,27.0,1997.0,34.0,77,13,,,,,,,,,,,,,,,,,,,,,,,
FRA-Ligue 1,2425,Strasbourg,Karl-Johan Johnsson,SWE,GK,34.0,1990.0,3.0,6,1,,,,,,,,,,,,,,,,,,,,,,,
FRA-Ligue 1,2425,Strasbourg,Đorđe Petrović,SRB,GK,24.0,1999.0,31.0,38,7,,,,,,,,,,,,,,,,,,,,,,,
FRA-Ligue 1,2425,Toulouse,Guillaume Restes,FRA,GK,19.0,2005.0,28.3,36,1,,,,,,,,,,,,,,,,,,,,,,,
FRA-Ligue 1,2425,Toulouse,Kjetil Haug,NOR,GK,26.0,1998.0,5.5,7,0,,,,,,,,,,,,,,,,,,,,,,,
FRA-Ligue 1,2425,Toulouse,Álex Domínguez,ESP,GK,26.0,1998.0,0.2,0,0,,,,,,,,,,,,,,,,,,,,,,,
FRA-Ligue 1,2526,Angers,Hervé Koffi,BFA,GK,28.0,1996.0,29.5,36,3,,,,,,,,,,,,,,,,,,,,,,,
FRA-Ligue 1,2526,Angers,Melvin Zinga,FRA,GK,23.0,2002.0,2.5,5,0,,,,,,,,,,,,,,,,,,,,,,,
FRA-Ligue 1,2526,Angers,Oumar Pona,FRA,GK,19.0,2006.0,2.0,7,0,,,,,,,,,,,,,,,,,,,,,,,
FRA-Ligue 1,2526,Auxerre,Donovan Léon,GUF,GK,32.0,1992.0,27.3,35,2,,,,,,,,,,,,,,,,,,,,,,,
FRA-Ligue 1,2526,Auxerre,Théo De Percin,MTQ,GK,24.0,2001.0,6.6,9,1,,,,,,,,,,,,,,,,,,,,,,,
FRA-Ligue 1,2526,Brest,Grégoire Coudert,FRA,GK,26.0,1999.0,24.4,40,3,,,,,,,,,,,,,,,,,,,,,,,
FRA-Ligue 1,2526,Brest,Radosław Majecki,POL,GK,25.0,1999.0,9.6,18,1,,,,,,,,,,,,,,,,,,,,,,,
FRA-Ligue 1,2526,Le Havre,Lionel Mpasi,COD,GK,30.0,1994.0,3.5,2,0,,,,,,,,,,,,,,,,,,,,,,,
FRA-Ligue 1,2526,Le Havre,Mory Diaw,SEN,GK,32.0,1993.0,29.5,41,6,,,,,,,,,,,,,,,,,,,,,,,
FRA-Ligue 1,2526,Le Havre,Paul Argney,FRA,GK,19.0,2006.0,1.0,1,0,,,,,,,,,,,,,,,,,,,,,,,
FRA-Ligue 1,2526,Lens,Mathieu Gorgelin,FRA,GK,34.0,1990.0,1.0,0,0,,,,,,,,,,,,,,,,,,,,,,,
FRA-Ligue 1,2526,Lens,Robin Risser,FRA,GK,20.0,2004.0,33.0,35,3,,,,,,,,,,,,,,,,,,,,,,,
FRA-Ligue 1,2526,Lille,Arnaud Bodart,BEL,GK,27.0,1998.0,2.5,3,1,,,,,,,,,,,,,,,,,,,,,,,
FRA-Ligue 1,2526,Lille,Berke Özer,TUR,GK,25.0,2000.0,31.5,34,1,,,,,,,,,,,,,,,,,,,,,,,
FRA-Ligue 1,2526,Lorient,Bingourou Kamara,SEN,GK,28.0,1996.0,3.0,8,0,,,,,,,,,,,,,,,,,,,,,,,
FRA-Ligue 1,2526,Lorient,Yvon Mvogo,SUI,GK,31.0,1994.0,31.0,43,4,,,,,,,,,,,,,,,,,,,,,,,
FRA-Ligue 1,2526,Lyon,Dominik Greif,SVK,GK,28.0,1997.0,29.0,37,2,,,,,,,,,,,,,,,,,,,,,,,
FRA-Ligue 1,2526,Lyon,Rémy Descamps,FRA,GK,29.0,1996.0,5.0,3,0,,,,,,,,,,,,,,,,,,,,,,,
FRA-Ligue 1,2526,Marseille,Gerónimo Rulli,ARG,GK,33.0,1992.0,29.0,34,5,,,,,,,,,,,,,,,,,,,,,,,
FRA-Ligue 1,2526,Marseille,Jeffrey De Lange,NED,GK,27.0,1998.0,5.0,11,0,,,,,,,,,,,,,,,,,,,,,,,
FRA-Ligue 1,2526,Metz,Jonathan Fischer,DEN,GK,23.0,2001.0,26.2,56,6,,,,,,,,,,,,,,,,,,,,,,,
FRA-Ligue 1,2526,Metz,Pape Mamadou Sy,SEN,GK,28.0,1997.0,7.8,20,1,,,,,,,,,,,,,,,,,,,,,,,
FRA-Ligue 1,2526,Monaco,Lukáš Hrádecký,FIN,GK,35.0,1989.0,16.0,27,2,,,,,,,,,,,,,,,,,,,,,,,
FRA-Ligue 1,2526,Monaco,Philipp Köhn,SUI,GK,27.0,1998.0,18.0,27,2,,,,,,,,,,,,,,,,,,,,,,,
FRA-Ligue 1,2526,Nantes,Anthony Lopes,POR,GK,34.0,1990.0,31.0,50,5,,,,,,,,,,,,,,,,,,,,,,,
FRA-Ligue 1,2526,Nantes,Patrik Carlgren,SWE,GK,33.0,1992.0,2.0,2,0,,,,,,,,,,,,,,,,,,,,,,,
FRA-Ligue 1,2526,Nice,Maxime Dupé,FRA,GK,32.0,1993.0,8.0,15,3,,,,,,,,,,,,,,,,,,,,,,,
FRA-Ligue 1,2526,Nice,Yehvann Diouf,SEN,GK,25.0,1999.0,26.0,45,5,,,,,,,,,,,,,,,,,,,,,,,
FRA-Ligue 1,2526,PSG,Lucas Chevalier,FRA,GK,23.0,2001.0,17.0,13,1,,,,,,,,,,,,,,,,,,,,,,,
FRA-Ligue 1,2526,PSG,Matvei Safonov,RUS,GK,26.0,1999.0,15.0,14,0,,,,,,,,,,,,,,,,,,,,,,,
FRA-Ligue 1,2526,PSG,Renato Marin,ITA,GK,19.0,2006.0,2.0,2,0,,,,,,,,,,,,,,,,,,,,,,,
FRA-Ligue 1,2526,Paris FC,Kevin Trapp,GER,GK,35.0,1990.0,22.0,29,6,,,,,,,,,,,,,,,,,,,,,,,
FRA-Ligue 1,2526,Paris FC,Obed Nkambadio,FRA,GK,22.0,2003.0,12.0,21,2,,,,,,,,,,,,,,,,,,,,,,,
FRA-Ligue 1,2526,Rennes,Brice Samba,FRA,GK,31.0,1994.0,32.0,44,4,,,,,,,,,,,,,,,,,,,,,,,
FRA-Ligue 1,2526,Rennes,Mathys Silestrie,FRA,GK,19.0,2005.0,2.0,6,0,,,,,,,,,,,,,,,,,,,,,,,
FRA-Ligue 1,2526,Strasbourg,Karl-Johan Johnsson,SWE,GK,35.0,1990.0,1.0,0,0,,,,,,,,,,,,,,,,,,,,,,,
FRA-Ligue 1,2526,Strasbourg,Mike Penders,BEL,GK,20.0,2005.0,33.0,47,4,,,,,,,,,,,,,,,,,,,,,,,
FRA-Ligue 1,2526,Toulouse,Guillaume Restes,FRA,GK,20.0,2005.0,32.7,45,5,,,,,,,,,,,,,,,,,,,,,,,
FRA-Ligue 1,2526,Toulouse,Kjetil Haug,NOR,GK,27.0,1998.0,0.3,1,0,,,,,,,,,,,,,,,,,,,,,,,
ITA-Serie A,2425,Atalanta,Juan Musso,ARG,GK,30.0,1994.0,1.0,0,0,,,,,,,,,,,,,,,,,,,,,,,
ITA-Serie A,2425,Atalanta,Marco Carnesecchi,ITA,GK,24.0,2000.0,34.0,34,2,,,,,,,,,,,,,,,,,,,,,,,
ITA-Serie A,2425,Atalanta,Rui Patrício,POR,GK,36.0,1988.0,3.0,3,0,,,,,,,,,,,,,,,,,,,,,,,
ITA-Serie A,2425,Bologna,Federico Ravaglia,ITA,GK,24.0,1999.0,11.7,14,1,,,,,,,,,,,,,,,,,,,,,,,
ITA-Serie A,2425,Bologna,Łukasz Skorupski,POL,GK,33.0,1991.0,26.3,33,1,,,,,,,,,,,,,,,,,,,,,,,
ITA-Serie A,2425,Cagliari,Alen Sherri,ALB,GK,26.0,1997.0,6.9,11,0,,,,,,,,,,,,,,,,,,,,,,,
ITA-Serie A,2425,Cagliari,Elia Caprile,ITA,GK,22.0,2001.0,18.0,22,1,,,,,,,,,,,,,,,,,,,,,,,
ITA-Serie A,2425,Cagliari,Giuseppe Ciocci,ITA,GK,22.0,2002.0,0.1,0,0,,,,,,,,,,,,,,,,,,,,,,,
ITA-Serie A,2425,Cagliari,Simone Scuffet,ITA,GK,28.0,1996.0,13.0,23,5,,,,,,,,,,,,,,,,,,,,,,,
ITA-Serie A,2425,Como,Emil Audero,IDN,GK,27.0,1997.0,8.0,18,4,,,,,,,,,,,,,,,,,,,,,,,
ITA-Serie A,2425,Como,Jean Butez,FRA,GK,29.0,1995.0,18.5,20,2,,,,,,,,,,,,,,,,,,,,,,,
ITA-Serie A,2425,Como,Pepe Reina,ESP,GK,41.0,1982.0,11.5,14,1,,,,,,,,,,,,,,,,,,,,,,,
ITA-Serie A,2425,Empoli,Devis Vásquez,COL,GK,26.0,1998.0,32.0,45,1,,,,,,,,,,,,,,,,,,,,,,,
ITA-Serie A,2425,Empoli,Jacopo Seghetti,ITA,GK,19.0,2005.0,1.0,3,0,,,,,,,,,,,,,,,,,,,,,,,
ITA-Serie A,2425,Empoli,Marco Silvestri,ITA,GK,33.0,1991.0,5.0,11,0,,,,,,,,,,,,,,,,,,,,,,,
ITA-Serie A,2425,Fiorentina,David de Gea,ESP,GK,33.0,1990.0,35.0,38,1,,,,,,,,,,,,,,,,,,,,,,,
ITA-Serie A,2425,Fiorentina,Pietro Terracciano,ITA,GK,34.0,1990.0,3.0,3,0,,,,,,,,,,,,,,,,,,,,,,,
ITA-Serie A,2425,Genoa,Benjamin Siegrist,SUI,GK,32.0,1992.0,1.7,2,0,,,,,,,,,,,,,,,,,,,,,,,
ITA-Serie A,2425,Genoa,Daniele Sommariva,ITA,GK,27.0,1997.0,0.3,1,0,,,,,,,,,,,,,,,,,,,,,,,
ITA-Serie A,2425,Genoa,Nicola Leali,ITA,GK,31.0,1993.0,29.0,31,3,,,,,,,,,,,,,,,,,,,,,,,
ITA-Serie A,2425,Genoa,Pierluigi Gollini,ITA,GK,29.0,1995.0,7.0,15,3,,,,,,,,,,,,,,,,,,,,,,,
ITA-Serie A,2425,Hellas Verona,Lorenzo Montipò,ITA,GK,28.0,1996.0,36.0,64,2,,,,,,,,,,,,,,,,,,,,,,,
ITA-Serie A,2425,Hellas Verona,Simone Perilli,ITA,GK,29.0,1995.0,2.0,2,0,,,,,,,,,,,,,,,,,,,,,,,
ITA-Serie A,2425,Inter,Josep Martinez,ESP,GK,26.0,1998.0,5.0,3,0,,,,,,,,,,,,,,,,,,,,,,,
ITA-Serie A,2425,Inter,Yann Sommer,SUI,GK,35.0,1988.0,33.0,32,3,,,,,,,,,,,,,,,,,,,,,,,
ITA-Serie A,2425,Juventus,Mattia Perin,ITA,GK,31.0,1992.0,5.0,3,0,,,,,,,,,,,,,,,,,,,,,,,
ITA-Serie A,2425,Juventus,Michele Di Gregorio,ITA,GK,27.0,1997.0,33.0,32,5,,,,,,,,,,,,,,,,,,,,,,,
ITA-Serie A,2425,Lazio,Christos Mandas,GRE,GK,22.0,2001.0,9.0,7,0,,,,,,,,,,,,,,,,,,,,,,,
ITA-Serie A,2425,Lazio,Ivan Provedel,ITA,GK,30.0,1994.0,29.0,42,4,,,,,,,,,,,,,,,,,,,,,,,
ITA-Serie A,2425,Lecce,Wladimiro Falcone,ITA,GK,29.0,1995.0,38.0,58,8,,,,,,,,,,,,,,,,,,,,,,,
ITA-Serie A,2425,Milan,Marco Sportiello,ITA,GK,32.0,1992.0,1.4,2,0,,,,,,,,,,,,,,,,,,,,,,,
ITA-Serie A,2425,Milan,Mike Maignan,FRA,GK,29.0,1995.0,36.6,41,1,,,,,,,,,,,,,,,,,,,,,,,
ITA-Serie A,2425,Monza,Andrea Mazza,ITA,GK,20.0,2004.0,0.1,0,0,,,,,,,,,,,,,,,,,,,,,,,
ITA-Serie A,2425,Monza,Semuel Pizzignacco,ITA,GK,22.0,2001.0,8.2,17,0,,,,,,,,,,,,,,,,,,,,,,,
ITA-Serie A,2425,Monza,Stefano Turati,ITA,GK,22.0,2001.0,29.7,52,2,,,,,,,,,,,,,,,,,,,,,,,
ITA-Serie A,2425,Napoli,Alex Meret,ITA,GK,27.0,1997.0,33.4,25,1,,,,,,,,,,,,,,,,,,,,,,,
ITA-Serie A,2425,Napoli,Elia Caprile,ITA,GK,22.0,2001.0,3.6,1,0,,,,,,,,,,,,,,,,,,,,,,,
ITA-Serie A,2425,Napoli,Simone Scuffet,ITA,GK,28.0,1996.0,1.0,1,0,,,,,,,,,,,,,,,,,,,,,,,
ITA-Serie A,2425,Parma,Leandro Chichizola,ARG,GK,34.0,1990.0,1.0,3,0,,,,,,,,,,,,,,,,,,,,,,,
ITA-Serie A,2425,Parma,Zion Suzuki,JPN,GK,21.0,2002.0,36.8,53,5,,,,,,,,,,,,,,,,,,,,,,,
ITA-Serie A,2425,Roma,Mile Svilar,SRB,GK,24.0,1999.0,38.0,35,4,,,,,,,,,,,,,,,,,,,,,,,
ITA-Serie A,2425,Torino,Alberto Paleari,ITA,GK,31.0,1992.0,1.0,3,0,,,,,,,,,,,,,,,,,,,,,,,
ITA-Serie A,2425,Torino,Vanja Milinković-Savić,SRB,GK,27.0,1997.0,37.0,42,3,,,,,,,,,,,,,,,,,,,,,,,
ITA-Serie A,2425,Udinese,Daniele Padelli,ITA,GK,38.0,1985.0,1.0,0,0,,,,,,,,,,,,,,,,,,,,,,,
ITA-Serie A,2425,Udinese,Maduka Okoye,NGA,GK,24.0,1999.0,25.0,40,4,,,,,,,,,,,,,,,,,,,,,,,
ITA-Serie A,2425,Udinese,Razvan Sava,ROU,GK,22.0,2002.0,12.0,16,3,,,,,,,,,,,,,,,,,,,,,,,
ITA-Serie A,2425,Venezia,Filip Stankovic,SRB,GK,22.0,2002.0,15.2,23,4,,,,,,,,,,,,,,,,,,,,,,,
ITA-Serie A,2425,Venezia,Ionuț Radu,ROU,GK,27.0,1997.0,15.0,18,3,,,,,,,,,,,,,,,,,,,,,,,
ITA-Serie A,2425,Venezia,Jesse Joronen,FIN,GK,31.0,1993.0,7.8,15,3,,,,,,,,,,,,,,,,,,,,,,,
ITA-Serie A,2526,Atalanta,Marco Carnesecchi,ITA,GK,25.0,2000.0,37.0,35,2,,,,,,,,,,,,,,,,,,,,,,,
ITA-Serie A,2526,Atalanta,Marco Sportiello,ITA,GK,33.0,1992.0,1.0,1,0,,,,,,,,,,,,,,,,,,,,,,,
ITA-Serie A,2526,Bologna,Federico Ravaglia,ITA,GK,25.0,1999.0,16.3,29,2,,,,,,,,,,,,,,,,,,,,,,,
ITA-Serie A,2526,Bologna,Massimo Pessina,ITA,GK,17.0,2007.0,3.9,2,0,,,,,,,,,,,,,,,,,,,,,,,
ITA-Serie A,2526,Bologna,Łukasz Skorupski,POL,GK,34.0,1991.0,17.7,18,2,,,,,,,,,,,,,,,,,,,,,,,
ITA-Serie A,2526,Cagliari,Elia Caprile,ITA,GK,23.0,2001.0,38.0,53,2,,,,,,,,,,,,,,,,,,,,,,,
ITA-Serie A,2526,Como,Jean Butez,FRA,GK,30.0,1995.0,38.0,29,5,,,,,,,,,,,,,,,,,,,,,,,
ITA-Serie A,2526,Cremonese,Emil Audero,IDN,GK,28.0,1997.0,34.0,50,4,,,,,,,,,,,,,,,,,,,,,,,
ITA-Serie A,2526,Cremonese,Marco Silvestri,ITA,GK,34.0,1991.0,4.0,7,0,,,,,,,,,,,,,,,,,,,,,,,
ITA-Serie A,2526,Fiorentina,David de Gea,ESP,GK,34.0,1990.0,37.0,49,5,,,,,,,,,,,,,,,,,,,,,,,
ITA-Serie A,2526,Fiorentina,Luca Lezzerini,ITA,GK,30.0,1995.0,0.0,0,0,,,,,,,,,,,,,,,,,,,,,,,
ITA-Serie A,2526,Fiorentina,Oliver Christensen,DEN,GK,26.0,1999.0,1.0,1,0,,,,,,,,,,,,,,,,,,,,,,,
ITA-Serie A,2526,Genoa,Daniele Sommariva,ITA,GK,28.0,1997.0,2.0,4,0,,,,,,,,,,,,,,,,,,,,,,,
ITA-Serie A,2526,Genoa,Justin Bijlow,NED,GK,27.0,1998.0,15.5,20,5,,,,,,,,,,,,,,,,,,,,,,,
ITA-Serie A,2526,Genoa,Nicola Leali,ITA,GK,32.0,1993.0,20.5,28,2,,,,,,,,,,,,,,,,,,,,,,,
ITA-Serie A,2526,Hellas Verona,Lorenzo Montipò,ITA,GK,29.0,1996.0,35.0,54,2,,,,,,,,,,,,,,,,,,,,,,,
ITA-Serie A,2526,Hellas Verona,Simone Perilli,ITA,GK,30.0,1995.0,3.0,7,0,,,,,,,,,,,,,,,,,,,,,,,
ITA-Serie A,2526,Inter,Josep Martinez,ESP,GK,27.0,1998.0,5.0,4,0,,,,,,,,,,,,,,,,,,,,,,,
ITA-Serie A,2526,Inter,Raffaele Di Gennaro,ITA,GK,31.0,1993.0,0.1,1,0,,,,,,,,,,,,,,,,,,,,,,,
ITA-Serie A,2526,Inter,Yann Sommer,SUI,GK,36.0,1988.0,32.9,30,4,,,,,,,,,,,,,,,,,,,,,,,
ITA-Serie A,2526,Juventus,Mattia Perin,ITA,GK,32.0,1992.0,8.5,9,0,,,,,,,,,,,,,,,,,,,,,,,
ITA-Serie A,2526,Juventus,Michele Di Gregorio,ITA,GK,28.0,1997.0,29.5,25,1,,,,,,,,,,,,,,,,,,,,,,,
ITA-Serie A,2526,Lazio,Alessio Furlanetto,ITA,GK,23.0,2002.0,2.0,3,0,,,,,,,,,,,,,,,,,,,,,,,
ITA-Serie A,2526,Lazio,Edoardo Motta,ITA,GK,20.0,2005.0,9.0,10,0,,,,,,,,,,,,,,,,,,,,,,,
ITA-Serie A,2526,Lazio,Ivan Provedel,ITA,GK,31.0,1994.0,27.0,27,3,,,,,,,,,,,,,,,,,,,,,,,
ITA-Serie A,2526,Lecce,Wladimiro Falcone,ITA,GK,30.0,1995.0,38.0,50,4,,,,,,,,,,,,,,,,,,,,,,,
ITA-Serie A,2526,Milan,Mike Maignan,FRA,GK,30.0,1995.0,36.6,35,5,,,,,,,,,,,,,,,,,,,,,,,
ITA-Serie A,2526,Milan,Pietro Terracciano,ITA,GK,35.0,1990.0,1.4,0,0,,,,,,,,,,,,,,,,,,,,,,,
ITA-Serie A,2526,Napoli,Alex Meret,ITA,GK,28.0,1997.0,10.9,12,2,,,,,,,,,,,,,,,,,,,,,,,
ITA-Serie A,2526,Napoli,Nikita Contini,ITA,GK,29.0,1996.0,0.1,0,0,,,,,,,,,,,,,,,,,,,,,,,
ITA-Serie A,2526,Napoli,Vanja Milinković-Savić,SRB,GK,28.0,1997.0,27.0,24,5,,,,,,,,,,,,,,,,,,,,,,,
ITA-Serie A,2526,Parma,Edoardo Corvi,ITA,GK,24.0,2001.0,17.0,18,3,,,,,,,,,,,,,,,,,,,,,,,
ITA-Serie A,2526,Parma,Filippo Rinaldi,ITA,GK,22.0,2002.0,1.0,0,0,,,,,,,,,,,,,,,,,,,,,,,
ITA-Serie A,2526,Parma,Zion Suzuki,JPN,GK,22.0,2002.0,20.0,28,2,,,,,,,,,,,,,,,,,,,,,,,
ITA-Serie A,2526,Pisa,Adrian Šemper,CRO,GK,27.0,1998.0,25.0,42,2,,,,,,,,,,,,,,,,,,,,,,,
ITA-Serie A,2526,Pisa,Nícolas Andrade,BRA,GK,37.0,1988.0,6.0,14,0,,,,,,,,,,,,,,,,,,,,,,,
ITA-Serie A,2526,Pisa,Simone Scuffet,ITA,GK,29.0,1996.0,7.0,15,3,,,,,,,,,,,,,,,,,,,,,,,
ITA-Serie A,2526,Roma,Mile Svilar,SRB,GK,25.0,1999.0,38.0,31,1,,,,,,,,,,,,,,,,,,,,,,,
ITA-Serie A,2526,Sassuolo,Arijanet Muric,KVX,GK,26.0,1998.0,32.0,43,5,,,,,,,,,,,,,,,,,,,,,,,
ITA-Serie A,2526,Sassuolo,Gioele Zacchi,ITA,GK,22.0,2003.0,0.1,0,0,,,,,,,,,,,,,,,,,,,,,,,
ITA-Serie A,2526,Sassuolo,Stefano Turati,ITA,GK,23.0,2001.0,5.9,7,0,,,,,,,,,,,,,,,,,,,,,,,
ITA-Serie A,2526,Torino,Alberto Paleari,ITA,GK,32.0,1992.0,29.0,45,2,,,,,,,,,,,,,,,,,,,,,,,
ITA-Serie A,2526,Torino,Franco Israel,URU,GK,25.0,2000.0,9.0,18,2,,,,,,,,,,,,,,,,,,,,,,,
ITA-Serie A,2526,Udinese,Daniele Padelli,ITA,GK,39.0,1985.0,2.0,2,1,,,,,,,,,,,,,,,,,,,,,,,
ITA-Serie A,2526,Udinese,Maduka Okoye,NGA,GK,25.0,1999.0,29.1,37,5,,,,,,,,,,,,,,,,,,,,,,,
ITA-Serie A,2526,Udinese,Razvan Sava,ROU,GK,23.0,2002.0,6.9,14,0,,,,,,,,,,,,,,,,,,,,,,,
GER-Bundesliga,2425,Augsburg,Finn Dahmen,GER,GK,26.0,1998.0,19.0,19,2,,,,,,,,,,,,,,,,,,,,,,,
GER-Bundesliga,2425,Augsburg,Nediljko Labrović,CRO,GK,24.0,1999.0,15.0,32,3,,,,,,,,,,,,,,,,,,,,,,,
GER-Bundesliga,2425,Bayern Munich,Daniel Peretz,ISR,GK,24.0,2000.0,3.0,5,0,,,,,,,,,,,,,,,,,,,,,,,
GER-Bundesliga,2425,Bayern Munich,Jonas Urbig,GER,GK,20.0,2003.0,8.0,12,0,,,,,,,,,,,,,,,,,,,,,,,
GER-Bundesliga,2425,Bayern Munich,Manuel Neuer,GER,GK,38.0,1986.0,22.0,15,1,,,,,,,,,,,,,,,,,,,,,,,
GER-Bundesliga,2425,Bayern Munich,Sven Ulreich,GER,GK,35.0,1988.0,1.0,0,0,,,,,,,,,,,,,,,,,,,,,,,
GER-Bundesliga,2425,Bochum,Patrick Drewes,GER,GK,31.0,1993.0,21.0,46,3,,,,,,,,,,,,,,,,,,,,,,,
GER-Bundesliga,2425,Bochum,Timo Horn,GER,GK,31.0,1993.0,13.0,22,0,,,,,,,,,,,,,,,,,,,,,,,
GER-Bundesliga,2425,Dortmund,Alexander Meyer,GER,GK,33.0,1991.0,2.0,4,0,,,,,,,,,,,,,,,,,,,,,,,
GER-Bundesliga,2425,Dortmund,Gregor Kobel,SUI,GK,26.0,1997.0,32.0,47,4,,,,,,,,,,,,,,,,,,,,,,,
GER-Bundesliga,2425,Frankfurt,Kauã Santos,BRA,GK,21.0,2003.0,8.5,12,1,,,,,,,,,,,,,,,,,,,,,,,
GER-Bundesliga,2425,Frankfurt,Kevin Trapp,GER,GK,34.0,1990.0,25.5,34,0,,,,,,,,,,,,,,,,,,,,,,,
GER-Bundesliga,2425,Freiburg,Florian Müller,GER,GK,26.0,1997.0,8.4,16,2,,,,,,,,,,,,,,,,,,,,,,,
GER-Bundesliga,2425,Freiburg,Noah Atubolu,GER,GK,22.0,2002.0,25.6,37,0,,,,,,,,,,,,,,,,,,,,,,,
GER-Bundesliga,2425,Gladbach,Jonas Omlin,SUI,GK,30.0,1994.0,10.9,29,2,,,,,,,,,,,,,,,,,,,,,,,
GER-Bundesliga,2425,Gladbach,Moritz Nicolas,GER,GK,26.0,1997.0,18.2,25,5,,,,,,,,,,,,,,,,,,,,,,,
GER-Bundesliga,2425,Gladbach,Tiago Cardoso,LUX,GK,18.0,2006.0,4.2,3,0,,,,,,,,,,,,,,,,,,,,,,,
GER-Bundesliga,2425,Gladbach,Tobias Sippel,GER,GK,36.0,1988.0,0.7,3,0,,,,,,,,,,,,,,,,,,,,,,,
GER-Bundesliga,2425,Heidenheim,Frank Feller,GER,GK,20.0,2004.0,1.3,0,0,,,,,,,,,,,,,,,,,,,,,,,
GER-Bundesliga,2425,Heidenheim,Kevin Müller,GER,GK,33.0,1991.0,32.7,64,6,,,,,,,,,,,,,,,,,,,,,,,
GER-Bundesliga,2425,Hoffenheim,Luca Philipp,GER,GK,23.0,2000.0,6.0,15,1,,,,,,,,,,,,,,,,,,,,,,,
GER-Bundesliga,2425,Hoffenheim,Oliver Baumann,GER,GK,34.0,1990.0,28.0,53,2,,,,,,,,,,,,,,,,,,,,,,,
GER-Bundesliga,2425,Holstein Kiel,Thomas Dähne,GER,GK,30.0,1994.0,9.0,19,2,,,,,,,,,,,,,,,,,,,,,,,
GER-Bundesliga,2425,Holstein Kiel,Timon Weiner,GER,GK,25.0,1999.0,25.0,61,4,,,,,,,,,,,,,,,,,,,,,,,
GER-Bundesliga,2425,Leverkusen,Lukáš Hrádecký,FIN,GK,34.0,1989.0,29.0,38,4,,,,,,,,,,,,,,,,,,,,,,,
GER-Bundesliga,2425,Leverkusen,Matej Kovar,CZE,GK,24.0,2000.0,5.0,5,0,,,,,,,,,,,,,,,,,,,,,,,
GER-Bundesliga,2425,Mainz 05,Lasse Rieß,GER,GK,23.0,2001.0,2.0,2,0,,,,,,,,,,,,,,,,,,,,,,,
GER-Bundesliga,2425,Mainz 05,Robin Zentner,GER,GK,29.0,1994.0,32.0,41,4,,,,,,,,,,,,,,,,,,,,,,,
GER-Bundesliga,2425,RB Leipzig,Maarten Vandevoordt,BEL,GK,22.0,2002.0,4.8,9,0,,,,,,,,,,,,,,,,,,,,,,,
GER-Bundesliga,2425,RB Leipzig,Péter Gulácsi,HUN,GK,34.0,1990.0,29.2,39,2,,,,,,,,,,,,,,,,,,,,,,,
GER-Bundesliga,2425,St Pauli,Ben Alexander Voll,GER,GK,23.0,2000.0,1.0,2,0,,,,,,,,,,,,,,,,,,,,,,,
GER-Bundesliga,2425,St Pauli,Nikola Vasilj,BIH,GK,28.0,1995.0,33.0,39,1,,,,,,,,,,,,,,,,,,,,,,,
GER-Bundesliga,2425,Stuttgart,Alexander Nübel,GER,GK,27.0,1996.0,34.0,53,2,,,,,,,,,,,,,,,,,,,,,,,
GER-Bundesliga,2425,Union Berlin,Alexander Schwolow,GER,GK,32.0,1992.0,6.0,13,1,,,,,,,,,,,,,,,,,,,,,,,
GER-Bundesliga,2425,Union Berlin,Frederik Rønnow,DEN,GK,31.0,1992.0,28.0,37,1,,,,,,,,,,,,,,,,,,,,,,,
GER-Bundesliga,2425,Werder Bremen,Michael Zetterer,GER,GK,29.0,1995.0,34.0,57,3,,,,,,,,,,,,,,,,,,,,,,,
GER-Bundesliga,2425,Wolfsburg,Kamil Grabara,POL,GK,25.0,1999.0,28.7,49,2,,,,,,,,,,,,,,,,,,,,,,,
GER-Bundesliga,2425,Wolfsburg,Marius Müller,GER,GK,31.0,1993.0,5.3,5,0,,,,,,,,,,,,,,,,,,,,,,,
GER-Bundesliga,2526,Augsburg,Finn Dahmen,GER,GK,27.0,1998.0,34.0,61,6,,,,,,,,,,,,,,,,,,,,,,,
GER-Bundesliga,2526,Bayern Munich,Jonas Urbig,GER,GK,21.0,2003.0,12.3,15,1,,,,,,,,,,,,,,,,,,,,,,,
GER-Bundesliga,2526,Bayern Munich,Manuel Neuer,GER,GK,39.0,1986.0,20.7,20,1,,,,,,,,,,,,,,,,,,,,,,,
GER-Bundesliga,2526,Bayern Munich,Sven Ulreich,GER,GK,36.0,1988.0,1.0,1,0,,,,,,,,,,,,,,,,,,,,,,,
GER-Bundesliga,2526,Dortmund,Gregor Kobel,SUI,GK,27.0,1997.0,34.0,34,5,,,,,,,,,,,,,,,,,,,,,,,
GER-Bundesliga,2526,Frankfurt,Kauã Santos,BRA,GK,22.0,2003.0,12.0,32,1,,,,,,,,,,,,,,,,,,,,,,,
GER-Bundesliga,2526,Frankfurt,Michael Zetterer,GER,GK,30.0,1995.0,22.0,33,2,,,,,,,,,,,,,,,,,,,,,,,
GER-Bundesliga,2526,Freiburg,Noah Atubolu,GER,GK,23.0,2002.0,34.0,57,0,,,,,,,,,,,,,,,,,,,,,,,
GER-Bundesliga,2526,Gladbach,Moritz Nicolas,GER,GK,27.0,1997.0,34.0,53,5,,,,,,,,,,,,,,,,,,,,,,,
GER-Bundesliga,2526,Hamburger SV,Daniel Heuer Fernandes,POR,GK,32.0,1992.0,33.0,53,6,,,,,,,,,,,,,,,,,,,,,,,
GER-Bundesliga,2526,Hamburger SV,Sander Tangvik,NOR,GK,22.0,2002.0,1.0,1,0,,,,,,,,,,,,,,,,,,,,,,,
GER-Bundesliga,2526,Heidenheim,Diant Ramaj,GER,GK,23.0,2001.0,31.0,67,5,,,,,,,,,,,,,,,,,,,,,,,
GER-Bundesliga,2526,Heidenheim,Frank Feller,GER,GK,21.0,2004.0,3.0,5,0,,,,,,,,,,,,,,,,,,,,,,,
GER-Bundesliga,2526,Hoffenheim,Oliver Baumann,GER,GK,35.0,1990.0,34.0,52,5,,,,,,,,,,,,,,,,,,,,,,,
GER-Bundesliga,2526,Köln,Marvin Schwäbe,GER,GK,30.0,1995.0,34.0,63,5,,,,,,,,,,,,,,,,,,,,,,,
GER-Bundesliga,2526,Leverkusen,Janis Blaswich,GER,GK,34.0,1991.0,10.3,9,0,,,,,,,,,,,,,,,,,,,,,,,
GER-Bundesliga,2526,Leverkusen,Mark Flekken,NED,GK,32.0,1993.0,23.7,38,7,,,,,,,,,,,,,,,,,,,,,,,
GER-Bundesliga,2526,Mainz 05,Daniel Batz,GER,GK,34.0,1991.0,21.0,27,1,,,,,,,,,,,,,,,,,,,,,,,
GER-Bundesliga,2526,Mainz 05,Lasse Rieß,GER,GK,24.0,2001.0,3.2,12,1,,,,,,,,,,,,,,,,,,,,,,,
GER-Bundesliga,2526,Mainz 05,Robin Zentner,GER,GK,30.0,1994.0,9.7,14,0,,,,,,,,,,,,,,,,,,,,,,,
GER-Bundesliga,2526,RB Leipzig,Maarten Vandevoordt,BEL,GK,23.0,2002.0,11.7,15,0,,,,,,,,,,,,,,,,,,,,,,,
GER-Bundesliga,2526,RB Leipzig,Péter Gulácsi,HUN,GK,35.0,1990.0,22.3,32,2,,,,,,,,,,,,,,,,,,,,,,,
GER-Bundesliga,2526,St Pauli,Nikola Vasilj,BIH,GK,29.0,1995.0,34.0,60,3,,,,,,,,,,,,,,,,,,,,,,,
GER-Bundesliga,2526,Stuttgart,Alexander Nübel,GER,GK,28.0,1996.0,34.0,49,9,,,,,,,,,,,,,,,,,,,,,,,
GER-Bundesliga,2526,Union Berlin,Carl Klaus,GER,GK,31.0,1994.0,3.7,4,0,,,,,,,,,,,,,,,,,,,,,,,
GER-Bundesliga,2526,Union Berlin,Frederik Rønnow,DEN,GK,32.0,1992.0,29.3,54,6,,,,,,,,,,,,,,,,,,,,,,,
GER-Bundesliga,2526,Union Berlin,Matheo Raab,GER,GK,26.0,1998.0,1.0,0,0,,,,,,,,,,,,,,,,,,,,,,,
GER-Bundesliga,2526,Werder Bremen,Karl Jakob Hein,EST,GK,23.0,2002.0,2.0,4,1,,,,,,,,,,,,,,,,,,,,,,,
GER-Bundesliga,2526,Werder Bremen,Mio Backhaus,GER,GK,21.0,2004.0,32.0,56,5,,,,,,,,,,,,,,,,,,,,,,,
GER-Bundesliga,2526,Wolfsburg,Kamil Grabara,POL,GK,26.0,1999.0,34.0,69,7,,,,,,,,,,,,,,,,,,,,,,,
NED-Eredivisie,2425,AZ Alkmaar,Jeroen Zoet,NED,GK,33.0,1991.0,6.0,3,0,,,,,,,,,,,,,,,,,,,,,,,
NED-Eredivisie,2425,AZ Alkmaar,Rome-Jayden Owusu-Oduro,NED,GK,20.0,2004.0,28.0,34,1,,,,,,,,,,,,,,,,,,,,,,,
NED-Eredivisie,2425,Ajax,Diant Ramaj,GER,GK,22.0,2001.0,1.0,0,0,,,,,,,,,,,,,,,,,,,,,,,
NED-Eredivisie,2425,Ajax,Matheus,BRA,GK,32.0,1992.0,9.0,9,0,,,,,,,,,,,,,,,,,,,,,,,
NED-Eredivisie,2425,Ajax,Remko Pasveer,NED,GK,40.0,1983.0,24.0,23,0,,,,,,,,,,,,,,,,,,,,,,,
NED-Eredivisie,2425,Almere City,Jonas Wendlinger,AUT,GK,24.0,2000.0,0.1,0,0,,,,,,,,,,,,,,,,,,,,,,,
NED-Eredivisie,2425,Almere City,Nordin Bakker,NED,GK,26.0,1997.0,33.9,64,0,,,,,,,,,,,,,,,,,,,,,,,
NED-Eredivisie,2425,Feyenoord,Justin Bijlow,NED,GK,26.0,1998.0,4.0,8,0,,,,,,,,,,,,,,,,,,,,,,,
NED-Eredivisie,2425,Feyenoord,Plamen Andreev,BUL,GK,19.0,2004.0,1.0,2,1,,,,,,,,,,,,,,,,,,,,,,,
NED-Eredivisie,2425,Feyenoord,Timon Wellenreuther,GER,GK,28.0,1995.0,29.0,28,1,,,,,,,,,,,,,,,,,,,,,,,
NED-Eredivisie,2425,Fortuna Sittard,Luuk Koopmans,NED,GK,30.0,1993.0,6.0,15,1,,,,,,,,,,,,,,,,,,,,,,,
NED-Eredivisie,2425,Fortuna Sittard,Mattijs Branderhorst,NED,GK,30.0,1993.0,28.0,39,2,,,,,,,,,,,,,,,,,,,,,,,
NED-Eredivisie,2425,Go Ahead Eagles,Jari De Busser,BEL,GK,24.0,1999.0,16.0,23,1,,,,,,,,,,,,,,,,,,,,,,,
NED-Eredivisie,2425,Go Ahead Eagles,Luca Plogmann,GER,GK,24.0,2000.0,18.0,32,3,,,,,,,,,,,,,,,,,,,,,,,
NED-Eredivisie,2425,Groningen,Etienne Vaessen,SUR,GK,29.0,1995.0,32.0,50,5,,,,,,,,,,,,,,,,,,,,,,,
NED-Eredivisie,2425,Groningen,Hidde Jurjus,NED,GK,30.0,1994.0,2.0,3,0,,,,,,,,,,,,,,,,,,,,,,,
NED-Eredivisie,2425,Heerenveen,Andries Noppert,NED,GK,30.0,1994.0,15.2,24,1,,,,,,,,,,,,,,,,,,,,,,,
NED-Eredivisie,2425,Heerenveen,Mickey van der Hart,NED,GK,30.0,1994.0,18.8,33,3,,,,,,,,,,,,,,,,,,,,,,,
NED-Eredivisie,2425,Heracles Almelo,Fabian de Keijzer,NED,GK,24.0,2000.0,34.0,63,6,,,,,,,,,,,,,,,,,,,,,,,
NED-Eredivisie,2425,NAC Breda,Daniel Bielica,POL,GK,25.0,1999.0,32.0,52,6,,,,,,,,,,,,,,,,,,,,,,,
NED-Eredivisie,2425,NAC Breda,Kostas Lamprou,GRE,GK,32.0,1991.0,1.0,3,0,,,,,,,,,,,,,,,,,,,,,,,
NED-Eredivisie,2425,NAC Breda,Roy Kortsmit,NED,GK,31.0,1992.0,1.0,3,1,,,,,,,,,,,,,,,,,,,,,,,
NED-Eredivisie,2425,NEC Nijmegen,Robin Roefs,NED,GK,21.0,2003.0,32.0,42,1,,,,,,,,,,,,,,,,,,,,,,,
NED-Eredivisie,2425,NEC Nijmegen,Stijn van Gassel,NED,GK,27.0,1996.0,2.0,4,1,,,,,,,,,,,,,,,,,,,,,,,
NED-Eredivisie,2425,PSV,Joel Drommel,NED,GK,27.0,1996.0,0.5,0,0,,,,,,,,,,,,,,,,,,,,,,,
NED-Eredivisie,2425,PSV,Walter Benítez,ARG,GK,31.0,1993.0,33.5,39,2,,,,,,,,,,,,,,,,,,,,,,,
NED-Eredivisie,2425,RKC Waalwijk,Jeroen Houwen,NED,GK,28.0,1996.0,24.0,48,2,,,,,,,,,,,,,,,,,,,,,,,
NED-Eredivisie,2425,RKC Waalwijk,Joey Kesting,NED,GK,23.0,2001.0,3.0,5,3,,,,,,,,,,,,,,,,,,,,,,,
NED-Eredivisie,2425,RKC Waalwijk,Mark Spenkelink,NED,GK,27.0,1997.0,4.0,12,2,,,,,,,,,,,,,,,,,,,,,,,
NED-Eredivisie,2425,RKC Waalwijk,Yanick van Osch,NED,GK,27.0,1997.0,3.0,9,1,,,,,,,,,,,,,,,,,,,,,,,
NED-Eredivisie,2425,Sparta R.,Nick Olij,NED,GK,28.0,1995.0,34.0,43,4,,,,,,,,,,,,,,,,,,,,,,,
NED-Eredivisie,2425,Twente,Lars Unnerstall,GER,GK,34.0,1990.0,31.0,39,2,,,,,,,,,,,,,,,,,,,,,,,
NED-Eredivisie,2425,Twente,Przemysław Tytoń,POL,GK,37.0,1987.0,3.0,10,0,,,,,,,,,,,,,,,,,,,,,,,
NED-Eredivisie,2425,Utrecht,Michael Brouwer,NED,GK,31.0,1993.0,3.0,1,1,,,,,,,,,,,,,,,,,,,,,,,
NED-Eredivisie,2425,Utrecht,Vasilios Barkas,GRE,GK,30.0,1994.0,31.0,44,3,,,,,,,,,,,,,,,,,,,,,,,
NED-Eredivisie,2425,Willem II,Thomas Didillon,FRA,GK,28.0,1995.0,34.0,56,6,,,,,,,,,,,,,,,,,,,,,,,
NED-Eredivisie,2425,Zwolle,Jasper Schendelaar,NED,GK,23.0,2000.0,30.0,45,3,,,,,,,,,,,,,,,,,,,,,,,
NED-Eredivisie,2425,Zwolle,Mike Hauptmeijer,NED,GK,27.0,1997.0,4.0,6,0,,,,,,,,,,,,,,,,,,,,,,,
NED-Eredivisie,2526,AZ Alkmaar,Hobie Verhulst,NED,GK,32.0,1993.0,1.0,0,0,,,,,,,,,,,,,,,,,,,,,,,
NED-Eredivisie,2526,AZ Alkmaar,Jeroen Zoet,NED,GK,34.0,1991.0,10.2,15,1,,,,,,,,,,,,,,,,,,,,,,,
NED-Eredivisie,2526,AZ Alkmaar,Rome-Jayden Owusu-Oduro,NED,GK,21.0,2004.0,22.8,36,2,,,,,,,,,,,,,,,,,,,,,,,
NED-Eredivisie,2526,Ajax,Maarten Paes,IDN,GK,27.0,1998.0,11.0,11,1,,,,,,,,,,,,,,,,,,,,,,,
NED-Eredivisie,2526,Ajax,Remko Pasveer,NED,GK,41.0,1983.0,4.0,7,1,,,,,,,,,,,,,,,,,,,,,,,
NED-Eredivisie,2526,Ajax,Vitezslav Jaros,CZE,GK,24.0,2001.0,19.0,23,3,,,,,,,,,,,,,,,,,,,,,,,
NED-Eredivisie,2526,Excelsior,Calvin Raatsie,NED,GK,23.0,2002.0,2.0,6,0,,,,,,,,,,,,,,,,,,,,,,,
NED-Eredivisie,2526,Excelsior,Stijn van Gassel,NED,GK,28.0,1996.0,31.3,46,3,,,,,,,,,,,,,,,,,,,,,,,
NED-Eredivisie,2526,Excelsior,Tijmen Holla,,GK,,,0.7,4,1,,,,,,,,,,,,,,,,,,,,,,,
NED-Eredivisie,2526,Feyenoord,Steven Benda,GER,GK,26.0,1998.0,1.0,0,0,,,,,,,,,,,,,,,,,,,,,,,
NED-Eredivisie,2526,Feyenoord,Timon Wellenreuther,GER,GK,29.0,1995.0,33.0,44,3,,,,,,,,,,,,,,,,,,,,,,,
NED-Eredivisie,2526,Fortuna Sittard,Luuk Koopmans,NED,GK,31.0,1993.0,10.0,21,0,,,,,,,,,,,,,,,,,,,,,,,
NED-Eredivisie,2526,Fortuna Sittard,Mattijs Branderhorst,NED,GK,31.0,1993.0,24.0,42,1,,,,,,,,,,,,,,,,,,,,,,,
NED-Eredivisie,2526,Go Ahead Eagles,Jari De Busser,BEL,GK,25.0,1999.0,34.0,53,3,,,,,,,,,,,,,,,,,,,,,,,
NED-Eredivisie,2526,Groningen,Etienne Vaessen,SUR,GK,30.0,1995.0,27.9,35,2,,,,,,,,,,,,,,,,,,,,,,,
NED-Eredivisie,2526,Groningen,Hidde Jurjus,NED,GK,31.0,1994.0,6.1,10,1,,,,,,,,,,,,,,,,,,,,,,,
NED-Eredivisie,2526,Heerenveen,Andries Noppert,NED,GK,31.0,1994.0,4.0,7,0,,,,,,,,,,,,,,,,,,,,,,,
NED-Eredivisie,2526,Heerenveen,Bernt Klaverboer,NED,GK,19.0,2005.0,29.0,44,3,,,,,,,,,,,,,,,,,,,,,,,
NED-Eredivisie,2526,Heerenveen,Nordin Bakker,NED,GK,27.0,1997.0,1.0,2,0,,,,,,,,,,,,,,,,,,,,,,,
NED-Eredivisie,2526,Heracles Almelo,Fabian de Keijzer,NED,GK,25.0,2000.0,8.0,20,0,,,,,,,,,,,,,,,,,,,,,,,
NED-Eredivisie,2526,Heracles Almelo,Remko Pasveer,NED,GK,41.0,1983.0,11.0,27,4,,,,,,,,,,,,,,,,,,,,,,,
NED-Eredivisie,2526,Heracles Almelo,Timo Jansink,NED,GK,22.0,2003.0,15.0,38,4,,,,,,,,,,,,,,,,,,,,,,,
NED-Eredivisie,2526,NAC Breda,Daniel Bielica,POL,GK,26.0,1999.0,33.0,55,3,,,,,,,,,,,,,,,,,,,,,,,
NED-Eredivisie,2526,NAC Breda,Kostas Lamprou,GRE,GK,33.0,1991.0,1.0,3,0,,,,,,,,,,,,,,,,,,,,,,,
NED-Eredivisie,2526,NEC Nijmegen,Gonzalo Crettaz,ARG,GK,25.0,2000.0,31.0,49,4,,,,,,,,,,,,,,,,,,,,,,,
NED-Eredivisie,2526,NEC Nijmegen,Jasper Cillessen,NED,GK,36.0,1989.0,2.1,2,0,,,,,,,,,,,,,,,,,,,,,,,
NED-Eredivisie,2526,NEC Nijmegen,Rijk Janse,NED,GK,23.0,2002.0,0.9,2,0,,,,,,,,,,,,,,,,,,,,,,,
NED-Eredivisie,2526,PSV,Matej Kovar,CZE,GK,25.0,2000.0,31.0,41,3,,,,,,,,,,,,,,,,,,,,,,,
NED-Eredivisie,2526,PSV,Nick Olij,NED,GK,29.0,1995.0,1.0,1,0,,,,,,,,,,,,,,,,,,,,,,,
NED-Eredivisie,2526,PSV,Niek Schiks,NED,GK,21.0,2004.0,2.0,3,0,,,,,,,,,,,,,,,,,,,,,,,
NED-Eredivisie,2526,Sparta R.,Joel Drommel,NED,GK,28.0,1996.0,34.0,62,1,,,,,,,,,,,,,,,,,,,,,,,
NED-Eredivisie,2526,Telstar,Daan Reiziger,NED,GK,24.0,2001.0,1.1,2,0,,,,,,,,,,,,,,,,,,,,,,,
NED-Eredivisie,2526,Telstar,Ronald Koeman Jr.,NED,GK,30.0,1995.0,32.9,53,3,,,,,,,,,,,,,,,,,,,,,,,
NED-Eredivisie,2526,Twente,Lars Unnerstall,GER,GK,35.0,1990.0,31.0,35,1,,,,,,,,,,,,,,,,,,,,,,,
NED-Eredivisie,2526,Twente,Przemysław Tytoń,POL,GK,38.0,1987.0,3.0,5,1,,,,,,,,,,,,,,,,,,,,,,,
NED-Eredivisie,2526,Utrecht,Michael Brouwer,NED,GK,32.0,1993.0,1.5,3,1,,,,,,,,,,,,,,,,,,,,,,,
NED-Eredivisie,2526,Utrecht,Vasilios Barkas,GRE,GK,31.0,1994.0,32.5,39,0,,,,,,,,,,,,,,,,,,,,,,,
NED-Eredivisie,2526,Volendam,Kayne van Oevelen,NED,GK,21.0,2003.0,31.7,51,2,,,,,,,,,,,,,,,,,,,,,,,
NED-Eredivisie,2526,Volendam,Roy Steur,NED,GK,20.0,2005.0,2.3,4,1,,,,,,,,,,,,,,,,,,,,,,,
NED-Eredivisie,2526,Zwolle,Duke Verduin,NED,GK,21.0,2003.0,1.0,2,0,,,,,,,,,,,,,,,,,,,,,,,
NED-Eredivisie,2526,Zwolle,Jasper Schendelaar,NED,GK,24.0,2000.0,2.0,4,1,,,,,,,,,,,,,,,,,,,,,,,
NED-Eredivisie,2526,Zwolle,Tom de Graaff,NED,GK,20.0,2004.0,31.0,65,2,,,,,,,,,,,,,,,,,,,,,,,
POR-Primeira Liga,2425,AVS Futebol,Guillermo Ochoa,MEX,GK,39.0,1985.0,23.0,45,1,,,,,,,,,,,,,,,,,,,,,,,
POR-Primeira Liga,2425,AVS Futebol,Simão Bertelli,BRA,GK,31.0,1993.0,11.0,15,2,,,,,,,,,,,,,,,,,,,,,,,
POR-Primeira Liga,2425,Arouca,João Valido,POR,GK,24.0,2000.0,5.0,6,1,,,,,,,,,,,,,,,,,,,,,,,
POR-Primeira Liga,2425,Arouca,Nico Mantl,GER,GK,24.0,2000.0,29.0,43,8,,,,,,,,,,,,,,,,,,,,,,,
POR-Primeira Liga,2425,Benfica,Anatolii Trubin,UKR,GK,22.0,2001.0,32.0,28,2,,,,,,,,,,,,,,,,,,,,,,,
POR-Primeira Liga,2425,Benfica,Samuel Soares,POR,GK,22.0,2002.0,2.0,0,0,,,,,,,,,,,,,,,,,,,,,,,
POR-Primeira Liga,2425,Boavista,César,BRA,GK,32.0,1992.0,16.0,30,3,,,,,,,,,,,,,,,,,,,,,,,
POR-Primeira Liga,2425,Boavista,João Gonçalves,POR,GK,23.0,2000.0,4.0,2,0,,,,,,,,,,,,,,,,,,,,,,,
POR-Primeira Liga,2425,Boavista,Tomáš Vaclík,CZE,GK,35.0,1989.0,12.0,22,3,,,,,,,,,,,,,,,,,,,,,,,
POR-Primeira Liga,2425,Boavista,Tomé,POR,GK,17.0,2006.0,2.0,5,0,,,,,,,,,,,,,,,,,,,,,,,
POR-Primeira Liga,2425,Braga,Lukáš Horníček,CZE,GK,22.0,2002.0,17.0,11,1,,,,,,,,,,,,,,,,,,,,,,,
POR-Primeira Liga,2425,Braga,Matheus,BRA,GK,32.0,1992.0,17.0,19,2,,,,,,,,,,,,,,,,,,,,,,,
POR-Primeira Liga,2425,Casa Pia,Daniel Azevedo,POR,GK,26.0,1998.0,1.0,2,0,,,,,,,,,,,,,,,,,,,,,,,
POR-Primeira Liga,2425,Casa Pia,Patrick Sequeira,CRC,GK,25.0,1999.0,32.0,41,6,,,,,,,,,,,,,,,,,,,,,,,
POR-Primeira Liga,2425,Casa Pia,Ricardo Batista,POR,GK,37.0,1986.0,1.0,1,1,,,,,,,,,,,,,,,,,,,,,,,
POR-Primeira Liga,2425,Estoril,Daniel Figueira,POR,GK,26.0,1998.0,1.0,4,1,,,,,,,,,,,,,,,,,,,,,,,
POR-Primeira Liga,2425,Estoril,Joel Robles,ESP,GK,34.0,1990.0,29.0,46,5,,,,,,,,,,,,,,,,,,,,,,,
POR-Primeira Liga,2425,Estoril,Kevin Chamorro,CRC,GK,24.0,2000.0,4.0,3,1,,,,,,,,,,,,,,,,,,,,,,,
POR-Primeira Liga,2425,Estrela,Bruno Brigido,BRA,GK,33.0,1991.0,17.5,30,2,,,,,,,,,,,,,,,,,,,,,,,
POR-Primeira Liga,2425,Estrela,Francisco Meixedo,POR,GK,23.0,2001.0,0.5,0,0,,,,,,,,,,,,,,,,,,,,,,,
POR-Primeira Liga,2425,Estrela,João Costa,POR,GK,28.0,1996.0,14.0,17,3,,,,,,,,,,,,,,,,,,,,,,,
POR-Primeira Liga,2425,Estrela,Marko Gudžulić,SRB,GK,22.0,2002.0,2.0,3,0,,,,,,,,,,,,,,,,,,,,,,,
POR-Primeira Liga,2425,Famalicão,Ivan Zlobin,RUS,GK,27.0,1997.0,15.0,18,1,,,,,,,,,,,,,,,,,,,,,,,
POR-Primeira Liga,2425,Famalicão,Lazar Carević,MNE,GK,25.0,1999.0,18.0,21,3,,,,,,,,,,,,,,,,,,,,,,,
POR-Primeira Liga,2425,Famalicão,Luiz Lúcio Reis Júnior,BRA,GK,23.0,2001.0,1.0,0,0,,,,,,,,,,,,,,,,,,,,,,,
POR-Primeira Liga,2425,Farense,Kaique,BRA,GK,21.0,2003.0,6.0,6,0,,,,,,,,,,,,,,,,,,,,,,,
POR-Primeira Liga,2425,Farense,Ricardo Velho,POR,GK,25.0,1998.0,28.0,40,6,,,,,,,,,,,,,,,,,,,,,,,
POR-Primeira Liga,2425,Gil Vicente FC,Andrew,BRA,GK,23.0,2001.0,33.0,46,6,,,,,,,,,,,,,,,,,,,,,,,
POR-Primeira Liga,2425,Gil Vicente FC,Brian Araújo,FRA,GK,24.0,2000.0,1.0,1,0,,,,,,,,,,,,,,,,,,,,,,,
POR-Primeira Liga,2425,Moreirense,Caio Secco,BRA,GK,33.0,1990.0,5.0,8,2,,,,,,,,,,,,,,,,,,,,,,,
POR-Primeira Liga,2425,Moreirense,Kewin,BRA,GK,28.0,1995.0,29.0,42,3,,,,,,,,,,,,,,,,,,,,,,,
POR-Primeira Liga,2425,Moreirense,Mika,POR,GK,33.0,1991.0,0.0,0,0,,,,,,,,,,,,,,,,,,,,,,,
POR-Primeira Liga,2425,Nacional,Lucas França,BRA,GK,28.0,1996.0,32.5,46,7,,,,,,,,,,,,,,,,,,,,,,,
POR-Primeira Liga,2425,Nacional,Rui Encarnação,POR,GK,26.0,1998.0,1.5,4,2,,,,,,,,,,,,,,,,,,,,,,,
POR-Primeira Liga,2425,Porto,Cláudio Ramos,POR,GK,32.0,1991.0,2.0,3,1,,,,,,,,,,,,,,,,,,,,,,,
POR-Primeira Liga,2425,Porto,Diogo Costa,POR,GK,24.0,1999.0,32.0,27,5,,,,,,,,,,,,,,,,,,,,,,,
POR-Primeira Liga,2425,Rio Ave,Cezary Miszta,POL,GK,22.0,2001.0,25.8,42,3,,,,,,,,,,,,,,,,,,,,,,,
POR-Primeira Liga,2425,Rio Ave,Jhonatan,BRA,GK,33.0,1991.0,8.0,13,0,,,,,,,,,,,,,,,,,,,,,,,
POR-Primeira Liga,2425,Rio Ave,Matheus Teixeira,BRA,GK,25.0,1999.0,0.2,0,0,,,,,,,,,,,,,,,,,,,,,,,
POR-Primeira Liga,2425,Santa Clara,Gabriel Batista,BRA,GK,26.0,1998.0,34.0,32,4,,,,,,,,,,,,,,,,,,,,,,,
POR-Primeira Liga,2425,Sporting CP,Franco Israel,URU,GK,24.0,2000.0,11.0,9,0,,,,,,,,,,,,,,,,,,,,,,,
POR-Primeira Liga,2425,Sporting CP,Rui Silva,POR,GK,30.0,1994.0,17.0,13,4,,,,,,,,,,,,,,,,,,,,,,,
POR-Primeira Liga,2425,Sporting CP,Vladan Kovačević,BIH,GK,26.0,1998.0,6.0,5,0,,,,,,,,,,,,,,,,,,,,,,,
POR-Primeira Liga,2425,Vit. Guimarães,Bruno Varela,CPV,GK,29.0,1994.0,34.0,37,5,,,,,,,,,,,,,,,,,,,,,,,
POR-Primeira Liga,2526,AVS Futebol,Adriel,BRA,GK,24.0,2001.0,16.0,24,0,,,,,,,,,,,,,,,,,,,,,,,
POR-Primeira Liga,2526,AVS Futebol,João Gonçalves,POR,GK,24.0,2000.0,6.0,17,3,,,,,,,,,,,,,,,,,,,,,,,
POR-Primeira Liga,2526,AVS Futebol,Pedro Trigueira,POR,GK,37.0,1988.0,0.1,0,0,,,,,,,,,,,,,,,,,,,,,,,
POR-Primeira Liga,2526,AVS Futebol,Simão Bertelli,BRA,GK,32.0,1993.0,11.9,26,3,,,,,,,,,,,,,,,,,,,,,,,
POR-Primeira Liga,2526,Alverca,André Gomes,POR,GK,20.0,2004.0,25.0,41,4,,,,,,,,,,,,,,,,,,,,,,,
POR-Primeira Liga,2526,Alverca,Matheus Mendes,BRA,GK,26.0,1999.0,9.0,11,0,,,,,,,,,,,,,,,,,,,,,,,
POR-Primeira Liga,2526,Arouca,Ignacio De Arruabarrena,URU,GK,28.0,1997.0,16.0,21,2,,,,,,,,,,,,,,,,,,,,,,,
POR-Primeira Liga,2526,Arouca,Jakub Vinarcik,SVK,GK,20.0,2005.0,1.0,1,0,,,,,,,,,,,,,,,,,,,,,,,
POR-Primeira Liga,2526,Arouca,João Valido,POR,GK,25.0,2000.0,9.0,24,5,,,,,,,,,,,,,,,,,,,,,,,
POR-Primeira Liga,2526,Arouca,Nico Mantl,GER,GK,25.0,2000.0,8.0,18,0,,,,,,,,,,,,,,,,,,,,,,,
POR-Primeira Liga,2526,Benfica,Anatolii Trubin,UKR,GK,23.0,2001.0,32.0,24,2,,,,,,,,,,,,,,,,,,,,,,,
POR-Primeira Liga,2526,Benfica,Samuel Soares,POR,GK,23.0,2002.0,2.0,1,0,,,,,,,,,,,,,,,,,,,,,,,
POR-Primeira Liga,2526,Braga,João Carvalho,POR,GK,21.0,2004.0,0.1,1,0,,,,,,,,,,,,,,,,,,,,,,,
POR-Primeira Liga,2526,Braga,Lukáš Horníček,CZE,GK,23.0,2002.0,32.9,33,3,,,,,,,,,,,,,,,,,,,,,,,
POR-Primeira Liga,2526,Braga,Tiago Sá,POR,GK,30.0,1995.0,1.0,2,0,,,,,,,,,,,,,,,,,,,,,,,
POR-Primeira Liga,2526,Casa Pia,Daniel Azevedo,POR,GK,27.0,1998.0,2.4,7,1,,,,,,,,,,,,,,,,,,,,,,,
POR-Primeira Liga,2526,Casa Pia,Patrick Sequeira,CRC,GK,26.0,1999.0,28.1,47,9,,,,,,,,,,,,,,,,,,,,,,,
POR-Primeira Liga,2526,Casa Pia,Ricardo Batista,POR,GK,38.0,1986.0,3.5,5,1,,,,,,,,,,,,,,,,,,,,,,,
POR-Primeira Liga,2526,Estoril,Joel Robles,ESP,GK,35.0,1990.0,31.0,54,7,,,,,,,,,,,,,,,,,,,,,,,
POR-Primeira Liga,2526,Estoril,Martin Turk,SVN,GK,21.0,2003.0,3.0,3,1,,,,,,,,,,,,,,,,,,,,,,,
POR-Primeira Liga,2526,Estrela,David Grilo,POR,GK,28.0,1996.0,1.0,2,1,,,,,,,,,,,,,,,,,,,,,,,
POR-Primeira Liga,2526,Estrela,Renan Ribeiro,BRA,GK,35.0,1990.0,33.0,54,9,,,,,,,,,,,,,,,,,,,,,,,
POR-Primeira Liga,2526,Famalicão,Lazar Carević,MNE,GK,26.0,1999.0,34.0,29,6,,,,,,,,,,,,,,,,,,,,,,,
POR-Primeira Liga,2526,Gil Vicente FC,Andrew,BRA,GK,24.0,2001.0,16.6,12,2,,,,,,,,,,,,,,,,,,,,,,,
POR-Primeira Liga,2526,Gil Vicente FC,Daniel Figueira,POR,GK,27.0,1998.0,9.3,14,2,,,,,,,,,,,,,,,,,,,,,,,
POR-Primeira Liga,2526,Gil Vicente FC,Lucão,BRA,GK,24.0,2001.0,8.0,12,0,,,,,,,,,,,,,,,,,,,,,,,
POR-Primeira Liga,2526,Moreirense,André Ferreira,POR,GK,29.0,1996.0,22.0,37,7,,,,,,,,,,,,,,,,,,,,,,,
POR-Primeira Liga,2526,Moreirense,Caio Secco,BRA,GK,34.0,1990.0,11.0,12,5,,,,,,,,,,,,,,,,,,,,,,,
POR-Primeira Liga,2526,Moreirense,Mika,POR,GK,34.0,1991.0,1.0,0,0,,,,,,,,,,,,,,,,,,,,,,,
POR-Primeira Liga,2526,Nacional,Kaique,BRA,GK,22.0,2003.0,28.0,35,3,,,,,,,,,,,,,,,,,,,,,,,
POR-Primeira Liga,2526,Nacional,Lucas França,BRA,GK,29.0,1996.0,6.0,10,1,,,,,,,,,,,,,,,,,,,,,,,
POR-Primeira Liga,2526,Porto,Cláudio Ramos,POR,GK,33.0,1991.0,1.5,3,0,,,,,,,,,,,,,,,,,,,,,,,
POR-Primeira Liga,2526,Porto,Diogo Costa,POR,GK,25.0,1999.0,32.3,15,1,,,,,,,,,,,,,,,,,,,,,,,
POR-Primeira Liga,2526,Porto,João Costa,POR,GK,29.0,1996.0,0.2,0,0,,,,,,,,,,,,,,,,,,,,,,,
POR-Primeira Liga,2526,Rio Ave,Cezary Miszta,POL,GK,23.0,2001.0,21.0,38,3,,,,,,,,,,,,,,,,,,,,,,,
POR-Primeira Liga,2526,Rio Ave,Ennio van der Gouw,NED,GK,24.0,2001.0,10.0,11,0,,,,,,,,,,,,,,,,,,,,,,,
POR-Primeira Liga,2526,Rio Ave,Kevin Chamorro,CRC,GK,25.0,2000.0,3.0,8,0,,,,,,,,,,,,,,,,,,,,,,,
POR-Primeira Liga,2526,Santa Clara,Gabriel Batista,BRA,GK,27.0,1998.0,32.0,40,6,,,,,,,,,,,,,,,,,,,,,,,
POR-Primeira Liga,2526,Santa Clara,João Afonso,POR,GK,18.0,2007.0,2.0,1,0,,,,,,,,,,,,,,,,,,,,,,,
POR-Primeira Liga,2526,Sporting CP,João Virgínia,POR,GK,25.0,1999.0,2.0,1,0,,,,,,,,,,,,,,,,,,,,,,,
POR-Primeira Liga,2526,Sporting CP,Rui Silva,POR,GK,31.0,1994.0,32.0,23,4,,,,,,,,,,,,,,,,,,,,,,,
POR-Primeira Liga,2526,Tondela,Bernardo Fontes,BRA,GK,23.0,2002.0,34.0,55,8,,,,,,,,,,,,,,,,,,,,,,,
POR-Primeira Liga,2526,Vit. Guimarães,Charles,BRA,GK,31.0,1994.0,19.0,32,2,,,,,,,,,,,,,,,,,,,,,,,
POR-Primeira Liga,2526,Vit. Guimarães,Juan Castillo,COL,GK,22.0,2003.0,15.0,19,2,,,,,,,,,,,,,,,,,,,,,,,
