league,season,team,player,nation,pos,age,born,playing_time_mp,playing_time_starts,playing_time_min,90s,performance_ga,performance_ga90,performance_sota,performance_saves,performance_save_pct,performance_w,performance_d,performance_l,performance_cs,performance_cs_pct,penalty_kicks_pkatt,penalty_kicks_pka,penalty_kicks_pksv,penalty_kicks_pkm,penalty_kicks_save_pct,playing_time_90s
ENG-Premier League,2425,Arsenal,David Raya,ESP,GK,28.0,1995.0,38,38,3420,38.0,34,0.89,120,86,71.7,20.0,14.0,4.0,13,34.2,3,3,0,0,0.0,
ENG-Premier League,2425,Aston Villa,Emiliano Martínez,ARG,GK,31.0,1992.0,37,37,3194,35.5,47,1.32,146,99,67.8,18.0,9.0,10.0,8,21.6,2,1,1,0,50.0,
ENG-Premier League,2425,Aston Villa,Robin Olsen,SWE,GK,34.0,1990.0,4,1,226,2.5,6,2.39,14,8,57.1,1.0,0.0,0.0,1,100.0,1,1,0,0,0.0,
ENG-Premier League,2425,Bournemouth,Kepa Arrizabalaga,ESP,GK,29.0,1994.0,31,31,2790,31.0,39,1.26,136,97,71.3,13.0,7.0,11.0,8,25.8,4,4,0,0,0.0,
ENG-Premier League,2425,Bournemouth,Mark Travers,IRL,GK,25.0,1999.0,5,5,450,5.0,5,1.0,25,20,80.0,2.0,2.0,1.0,1,20.0,0,0,0,0,,
ENG-Premier League,2425,Bournemouth,Neto,BRA,GK,35.0,1989.0,2,2,180,2.0,2,1.0,13,11,84.6,0.0,2.0,0.0,0,0.0,0,0,0,0,,
ENG-Premier League,2425,Brentford,Hákon Valdimarsson,ISL,GK,22.0,2001.0,2,1,145,1.6,2,1.24,5,3,60.0,0.0,0.0,1.0,1,100.0,0,0,0,0,,
ENG-Premier League,2425,Brentford,Mark Flekken,NED,GK,31.0,1993.0,37,37,3275,36.4,55,1.51,207,152,73.4,16.0,8.0,13.0,8,21.6,1,1,0,0,0.0,
ENG-Premier League,2425,Brighton,Bart Verbruggen,NED,GK,21.0,2002.0,36,36,3240,36.0,58,1.61,140,89,58.6,14.0,13.0,9.0,7,19.4,9,9,0,0,0.0,
ENG-Premier League,2425,Brighton,Jason Steele,ENG,GK,33.0,1990.0,2,2,180,2.0,1,0.5,4,3,75.0,2.0,0.0,0.0,1,50.0,0,0,0,0,,
ENG-Premier League,2425,Chelsea,Filip Jørgensen,DEN,GK,22.0,2002.0,6,6,540,6.0,9,1.5,29,20,69.0,3.0,0.0,3.0,1,16.7,1,1,0,0,0.0,
ENG-Premier League,2425,Chelsea,Robert Sánchez,ESP,GK,26.0,1997.0,32,32,2880,32.0,34,1.06,128,94,73.4,17.0,9.0,6.0,10,31.3,5,4,1,0,20.0,
ENG-Premier League,2425,Crystal Palace,Dean Henderson,ENG,GK,27.0,1997.0,38,38,3420,38.0,51,1.34,152,102,66.4,13.0,14.0,11.0,11,28.9,2,1,1,0,50.0,
ENG-Premier League,2425,Everton,Jordan Pickford,ENG,GK,30.0,1994.0,38,38,3420,38.0,44,1.16,163,119,73.0,11.0,15.0,12.0,12,31.6,2,0,2,0,100.0,
ENG-Premier League,2425,Fulham,Bernd Leno,GER,GK,32.0,1992.0,38,38,3420,38.0,54,1.42,158,107,65.8,15.0,9.0,14.0,5,13.2,4,3,1,0,25.0,
ENG-Premier League,2425,Ipswich Town,Alex Palmer,ENG,GK,27.0,1996.0,13,13,1170,13.0,30,2.31,75,45,60.0,1.0,3.0,9.0,0,0.0,1,1,0,0,0.0,
ENG-Premier League,2425,Ipswich Town,Arijanet Muric,KVX,GK,25.0,1998.0,18,18,1620,18.0,33,1.83,103,70,68.0,2.0,6.0,10.0,1,5.6,3,3,0,0,0.0,
ENG-Premier League,2425,Ipswich Town,Christian Walton,ENG,GK,28.0,1995.0,7,7,630,7.0,19,2.71,39,20,51.3,1.0,1.0,5.0,1,14.3,2,2,0,0,0.0,
ENG-Premier League,2425,Leicester City,Danny Ward,WAL,GK,31.0,1993.0,2,1,135,1.5,6,4.0,10,4,40.0,0.0,0.0,1.0,0,0.0,0,0,0,0,,
ENG-Premier League,2425,Leicester City,Jakub Stolarczyk,POL,GK,23.0,2000.0,10,10,900,10.0,16,1.6,44,28,63.6,3.0,1.0,6.0,2,20.0,0,0,0,0,,
ENG-Premier League,2425,Leicester City,Mads Hermansen,DEN,GK,24.0,2000.0,27,27,2385,26.5,58,2.19,160,102,63.8,3.0,6.0,18.0,1,3.7,4,3,1,0,25.0,
ENG-Premier League,2425,Liverpool,Alisson,BRA,GK,31.0,1992.0,28,28,2508,27.9,29,1.04,106,74,72.6,18.0,7.0,3.0,10,35.7,1,1,0,0,0.0,
ENG-Premier League,2425,Liverpool,Caoimhín Kelleher,IRL,GK,25.0,1998.0,10,10,900,10.0,12,1.2,37,24,67.6,7.0,2.0,1.0,4,40.0,1,0,1,0,100.0,
ENG-Premier League,2425,Liverpool,Vitezslav Jaros,CZE,GK,23.0,2001.0,1,0,12,0.1,0,0.0,1,1,100.0,0.0,0.0,0.0,1,,0,0,0,0,,
ENG-Premier League,2425,Manchester City,Ederson Moraes,BRA,GK,30.0,1993.0,26,26,2320,25.8,26,1.01,80,54,67.5,16.0,4.0,6.0,10,38.5,2,2,0,0,0.0,
ENG-Premier League,2425,Manchester City,Stefan Ortega,GER,GK,31.0,1992.0,13,12,1100,12.2,18,1.47,51,33,64.7,5.0,4.0,3.0,3,25.0,2,2,0,0,0.0,
ENG-Premier League,2425,Manchester Utd,Altay Bayındır,TUR,GK,26.0,1998.0,4,4,360,4.0,10,2.5,18,8,44.4,1.0,0.0,3.0,1,25.0,0,0,0,0,,
ENG-Premier League,2425,Manchester Utd,André Onana,CMR,GK,28.0,1996.0,34,34,3060,34.0,44,1.29,129,88,65.9,10.0,9.0,15.0,9,26.5,4,3,1,0,25.0,
ENG-Premier League,2425,Newcastle,Martin Dúbravka,SVK,GK,35.0,1989.0,10,10,900,10.0,12,1.2,41,29,70.7,7.0,0.0,3.0,5,50.0,0,0,0,0,,
ENG-Premier League,2425,Newcastle,Nick Pope,ENG,GK,32.0,1992.0,28,28,2520,28.0,35,1.25,122,87,71.3,13.0,6.0,9.0,8,28.6,2,1,1,0,50.0,
ENG-Premier League,2425,Nottingham,Matz Sels,BEL,GK,32.0,1992.0,38,38,3420,38.0,46,1.21,163,119,71.8,19.0,8.0,11.0,13,34.2,3,3,0,0,0.0,
ENG-Premier League,2425,Southampton,Aaron Ramsdale,ENG,GK,26.0,1998.0,30,30,2700,30.0,66,2.2,189,123,65.1,2.0,5.0,23.0,3,10.0,7,5,2,0,28.6,
ENG-Premier League,2425,Southampton,Alex McCarthy,ENG,GK,34.0,1989.0,5,5,450,5.0,13,2.6,37,24,64.9,0.0,0.0,5.0,0,0.0,2,2,0,0,0.0,
ENG-Premier League,2425,Southampton,Joe Lumley,ENG,GK,29.0,1995.0,3,3,270,3.0,7,2.33,20,13,65.0,0.0,1.0,2.0,0,0.0,0,0,0,0,,
ENG-Premier League,2425,Tottenham,Antonín Kinský,CZE,GK,21.0,2003.0,6,6,540,6.0,11,1.83,35,24,68.6,1.0,0.0,5.0,1,16.7,0,0,0,0,,
ENG-Premier League,2425,Tottenham,Brandon Austin,ENG,GK,25.0,1999.0,1,1,90,1.0,2,2.0,4,2,50.0,0.0,0.0,1.0,0,0.0,0,0,0,0,,
ENG-Premier League,2425,Tottenham,Fraser Forster,ENG,GK,36.0,1988.0,7,7,630,7.0,15,2.14,42,28,64.3,1.0,2.0,4.0,1,14.3,2,2,0,0,0.0,
ENG-Premier League,2425,Tottenham,Guglielmo Vicario,ITA,GK,27.0,1996.0,24,24,2160,24.0,37,1.54,105,68,64.8,9.0,3.0,12.0,4,16.7,1,1,0,0,0.0,
ENG-Premier League,2425,West Ham,Alphonse Areola,FRA,GK,31.0,1993.0,26,25,2260,25.1,41,1.63,121,80,66.1,5.0,7.0,13.0,5,20.0,0,0,0,0,,
ENG-Premier League,2425,West Ham,Łukasz Fabiański,POL,GK,39.0,1985.0,14,13,1160,12.9,21,1.63,71,50,70.4,6.0,3.0,4.0,3,23.1,3,3,0,0,0.0,
ENG-Premier League,2425,Wolves,Daniel Bentley,ENG,GK,31.0,1993.0,2,2,180,2.0,4,2.0,12,8,66.7,1.0,0.0,1.0,1,50.0,0,0,0,0,,
ENG-Premier League,2425,Wolves,José Sá,POR,GK,31.0,1993.0,29,29,2609,29.0,48,1.66,117,69,59.0,11.0,5.0,13.0,7,24.1,7,5,2,0,28.6,
ENG-Premier League,2425,Wolves,Sam Johnstone,ENG,GK,31.0,1993.0,7,7,630,7.0,17,2.43,40,23,57.5,0.0,1.0,6.0,0,0.0,2,2,0,0,0.0,
ENG-Premier League,2425,Wolves,Tom King,WAL,GK,29.0,1995.0,1,0,1,0.0,0,0.0,0,0,,0.0,0.0,0.0,0,,0,0,0,0,,
ENG-Premier League,2526,Arsenal,David Raya,ESP,GK,29.0,1995.0,37,37,3330,37.0,26,0.7,86,59,69.8,25.0,7.0,5.0,19,51.4,0,0,0,0,,
ENG-Premier League,2526,Arsenal,Kepa Arrizabalaga,ESP,GK,30.0,1994.0,1,1,90,1.0,1,1.0,3,2,66.7,1.0,0.0,0.0,0,0.0,0,0,0,0,,
ENG-Premier League,2526,Aston Villa,Emiliano Martínez,ARG,GK,32.0,1992.0,32,32,2835,31.5,39,1.24,134,95,70.9,16.0,6.0,10.0,8,25.0,1,0,1,0,100.0,
ENG-Premier League,2526,Aston Villa,Marco Bizot,NED,GK,34.0,1991.0,7,6,585,6.5,10,1.54,29,19,65.5,3.0,2.0,1.0,2,33.3,1,1,0,0,0.0,
ENG-Premier League,2526,Bournemouth,Đorđe Petrović,SRB,GK,25.0,1999.0,38,38,3420,38.0,54,1.42,163,109,66.9,13.0,18.0,7.0,11,28.9,6,6,0,0,0.0,
ENG-Premier League,2526,Brentford,Caoimhín Kelleher,IRL,GK,26.0,1998.0,37,37,3330,37.0,49,1.32,154,105,68.2,13.0,11.0,13.0,10,27.0,8,5,3,0,37.5,
ENG-Premier League,2526,Brentford,Hákon Valdimarsson,ISL,GK,23.0,2001.0,1,1,90,1.0,3,3.0,4,1,25.0,1.0,0.0,0.0,0,0.0,0,0,0,0,,
ENG-Premier League,2526,Brighton,Bart Verbruggen,NED,GK,22.0,2002.0,38,38,3420,38.0,46,1.21,151,103,69.5,14.0,11.0,13.0,10,26.3,6,5,1,0,16.7,
ENG-Premier League,2526,Burnley,Martin Dúbravka,SVK,GK,36.0,1989.0,35,35,3150,35.0,71,2.03,198,127,64.1,4.0,8.0,23.0,4,11.4,7,6,0,1,0.0,
ENG-Premier League,2526,Burnley,Max Weiß,GER,GK,21.0,2004.0,3,3,270,3.0,4,1.33,14,10,71.4,0.0,2.0,1.0,0,0.0,1,1,0,0,0.0,
ENG-Premier League,2526,Chelsea,Filip Jørgensen,DEN,GK,23.0,2002.0,5,3,379,4.2,5,1.19,13,8,61.5,1.0,2.0,0.0,0,0.0,0,0,0,0,,
ENG-Premier League,2526,Chelsea,Robert Sánchez,ESP,GK,27.0,1997.0,35,35,3039,33.8,49,1.45,147,97,66.7,13.0,8.0,14.0,9,25.7,2,2,0,0,0.0,
ENG-Premier League,2526,Crystal Palace,Dean Henderson,ENG,GK,28.0,1997.0,37,37,3330,37.0,51,1.38,156,104,67.3,11.0,11.0,15.0,11,29.7,6,5,1,0,16.7,
ENG-Premier League,2526,Crystal Palace,Walter Benítez,ARG,GK,32.0,1993.0,1,1,90,1.0,0,0.0,3,3,100.0,0.0,1.0,0.0,1,100.0,1,0,0,1,,
ENG-Premier League,2526,Everton,Jordan Pickford,ENG,GK,31.0,1994.0,38,38,3420,38.0,50,1.32,149,99,66.4,13.0,10.0,15.0,11,28.9,4,3,1,0,25.0,
ENG-Premier League,2526,Fulham,Bernd Leno,GER,GK,33.0,1992.0,38,38,3420,38.0,51,1.34,149,98,65.8,15.0,7.0,16.0,9,23.7,4,3,0,1,0.0,
ENG-Premier League,2526,Leeds United,Karl Darlow,WAL,GK,34.0,1990.0,22,22,1980,22.0,27,1.23,90,63,70.0,7.0,8.0,7.0,5,22.7,2,2,0,0,0.0,
ENG-Premier League,2526,Leeds United,Lucas Perri,BRA,GK,27.0,1997.0,16,16,1440,16.0,29,1.81,67,38,56.7,4.0,6.0,6.0,3,18.8,4,4,0,0,0.0,
ENG-Premier League,2526,Liverpool,Alisson,BRA,GK,32.0,1992.0,26,26,2340,26.0,31,1.19,88,57,64.8,13.0,8.0,5.0,8,30.8,2,2,0,0,0.0,
ENG-Premier League,2526,Liverpool,Freddie Woodman,ENG,GK,28.0,1997.0,3,2,213,2.4,4,1.69,13,9,69.2,1.0,0.0,1.0,0,0.0,0,0,0,0,,
ENG-Premier League,2526,Liverpool,Giorgi Mamardashvili,GEO,GK,24.0,2000.0,10,10,867,9.6,18,1.87,51,33,64.7,3.0,1.0,6.0,2,20.0,2,1,1,0,50.0,
ENG-Premier League,2526,Manchester City,Gianluigi Donnarumma,ITA,GK,26.0,1999.0,34,34,3060,34.0,29,0.85,106,75,72.6,22.0,9.0,3.0,15,44.1,1,0,1,0,100.0,
ENG-Premier League,2526,Manchester City,James Trafford,ENG,GK,22.0,2002.0,4,4,360,4.0,6,1.5,20,14,70.0,1.0,0.0,3.0,1,25.0,1,1,0,0,0.0,
ENG-Premier League,2526,Manchester Utd,Altay Bayındır,TUR,GK,27.0,1998.0,6,6,540,6.0,11,1.83,24,13,54.2,2.0,1.0,3.0,0,0.0,0,0,0,0,,
ENG-Premier League,2526,Manchester Utd,Senne Lammens,BEL,GK,23.0,2002.0,32,32,2880,32.0,39,1.22,118,78,66.9,18.0,10.0,4.0,8,25.0,4,4,0,0,0.0,
ENG-Premier League,2526,Newcastle,Aaron Ramsdale,ENG,GK,27.0,1998.0,12,11,1004,11.2,17,1.52,41,24,58.5,4.0,2.0,5.0,1,9.1,3,3,0,0,0.0,
ENG-Premier League,2526,Newcastle,Nick Pope,ENG,GK,33.0,1992.0,27,27,2416,26.8,38,1.42,127,89,70.1,10.0,5.0,12.0,7,25.9,2,2,0,0,0.0,
ENG-Premier League,2526,Nottingham,Angus Gunn,SCO,GK,29.0,1996.0,1,0,45,0.5,0,0.0,0,0,,0.0,0.0,0.0,0,,0,0,0,0,,
ENG-Premier League,2526,Nottingham,John,BRA,GK,29.0,1996.0,5,5,437,4.9,8,1.65,14,6,42.9,1.0,0.0,4.0,1,20.0,1,1,0,0,0.0,
ENG-Premier League,2526,Nottingham,Matz Sels,BEL,GK,33.0,1992.0,31,30,2668,29.6,39,1.32,132,93,70.5,10.0,10.0,10.0,7,23.3,5,4,1,0,20.0,
ENG-Premier League,2526,Nottingham,Stefan Ortega,GER,GK,32.0,1992.0,3,3,270,3.0,4,1.33,12,8,66.7,0.0,1.0,2.0,1,33.3,0,0,0,0,,
ENG-Premier League,2526,Sunderland,Melker Ellborg,SWE,GK,22.0,2003.0,3,3,270,3.0,2,0.67,12,10,83.3,2.0,0.0,1.0,1,33.3,0,0,0,0,,
ENG-Premier League,2526,Sunderland,Robin Roefs,NED,GK,22.0,2003.0,35,35,3150,35.0,46,1.31,154,108,70.1,12.0,12.0,11.0,10,28.6,3,2,1,0,33.3,
ENG-Premier League,2526,Tottenham,Antonín Kinský,CZE,GK,22.0,2003.0,7,7,630,7.0,7,1.0,17,10,58.8,3.0,2.0,2.0,2,28.6,1,1,0,0,0.0,
ENG-Premier League,2526,Tottenham,Guglielmo Vicario,ITA,GK,28.0,1996.0,31,31,2790,31.0,50,1.61,133,83,62.4,7.0,9.0,15.0,7,22.6,2,2,0,0,0.0,
ENG-Premier League,2526,West Ham,Alphonse Areola,FRA,GK,32.0,1993.0,20,20,1800,20.0,37,1.85,113,76,67.3,4.0,5.0,11.0,0,0.0,6,5,0,1,0.0,
ENG-Premier League,2526,West Ham,Mads Hermansen,DEN,GK,25.0,2000.0,18,18,1620,18.0,28,1.56,82,53,65.9,6.0,4.0,8.0,7,38.9,1,1,0,0,0.0,
ENG-Premier League,2526,Wolves,Daniel Bentley,ENG,GK,32.0,1993.0,3,3,270,3.0,7,2.33,14,7,50.0,0.0,1.0,2.0,0,0.0,1,1,0,0,0.0,
ENG-Premier League,2526,Wolves,José Sá,POR,GK,32.0,1993.0,23,23,2070,23.0,37,1.61,102,65,63.7,3.0,8.0,12.0,4,17.4,3,3,0,0,0.0,
ENG-Premier League,2526,Wolves,Sam Johnstone,ENG,GK,32.0,1993.0,12,12,1080,12.0,24,2.0,63,39,61.9,0.0,2.0,10.0,0,0.0,1,1,0,0,0.0,
ESP-La Liga,2425,Alavés,Adrian Rodriguez,ESP,GK,23.0,2000.0,2,1,122,1.4,2,1.48,6,4,66.7,0.0,1.0,0.0,1,100.0,1,1,0,0,0.0,
ESP-La Liga,2425,Alavés,Antonio Sivera,ESP,GK,27.0,1996.0,32,32,2810,31.2,39,1.25,106,75,63.2,9.0,10.0,13.0,9,28.1,9,9,0,0,0.0,
ESP-La Liga,2425,Alavés,Jesús Owono,EQG,GK,23.0,2001.0,6,5,487,5.4,7,1.29,14,7,50.0,1.0,1.0,3.0,0,0.0,1,1,0,0,0.0,
ESP-La Liga,2425,Athletic Club,Alex Padilla,ESP,GK,20.0,2003.0,5,3,321,3.6,6,1.68,18,12,66.7,0.0,1.0,2.0,0,0.0,1,1,0,0,0.0,
ESP-La Liga,2425,Athletic Club,Julen Agirrezabala,ESP,GK,23.0,2000.0,14,14,1206,13.4,10,0.75,34,24,70.6,9.0,4.0,1.0,5,35.7,2,1,1,0,50.0,
ESP-La Liga,2425,Athletic Club,Unai Simón,ESP,GK,27.0,1997.0,21,21,1890,21.0,14,0.67,61,47,77.0,10.0,8.0,3.0,10,47.6,2,1,1,0,50.0,
ESP-La Liga,2425,Atlético Madrid,Jan Oblak,SVN,GK,31.0,1993.0,36,36,3240,36.0,30,0.83,116,86,74.1,20.0,10.0,6.0,15,41.7,5,5,0,0,0.0,
ESP-La Liga,2425,Atlético Madrid,Juan Musso,ARG,GK,30.0,1994.0,2,2,180,2.0,0,0.0,2,2,100.0,2.0,0.0,0.0,2,100.0,0,0,0,0,,
ESP-La Liga,2425,Barcelona,Iñaki Peña,ESP,GK,25.0,1999.0,16,15,1396,15.5,18,1.16,52,35,65.4,7.0,3.0,5.0,4,26.7,2,2,0,0,0.0,
ESP-La Liga,2425,Barcelona,Marc-André ter Stegen,GER,GK,32.0,1992.0,8,8,674,7.5,9,1.2,23,14,60.9,7.0,0.0,1.0,1,12.5,1,1,0,0,0.0,
ESP-La Liga,2425,Barcelona,Wojciech Szczęsny,POL,GK,34.0,1990.0,15,15,1350,15.0,12,0.8,33,21,63.6,14.0,1.0,0.0,8,53.3,1,1,0,0,0.0,
ESP-La Liga,2425,Celta Vigo,Iván Villar,ESP,GK,27.0,1997.0,4,4,360,4.0,9,2.25,19,10,52.6,2.0,0.0,2.0,0,0.0,1,0,1,0,100.0,
ESP-La Liga,2425,Celta Vigo,Vicente Guaita,ESP,GK,37.0,1987.0,34,34,3060,34.0,48,1.41,129,81,62.8,14.0,7.0,13.0,8,23.5,3,3,0,0,0.0,
ESP-La Liga,2425,Espanyol,Joan García,ESP,GK,23.0,2001.0,38,38,3420,38.0,51,1.34,194,143,73.7,11.0,9.0,18.0,8,21.1,6,4,2,0,33.3,
ESP-La Liga,2425,Getafe,David Soria,ESP,GK,31.0,1993.0,38,38,3420,38.0,39,1.03,128,89,69.5,11.0,9.0,18.0,9,23.7,9,8,1,0,11.1,
ESP-La Liga,2425,Girona,Pau López,ESP,GK,29.0,1994.0,1,0,45,0.5,2,4.0,3,1,33.3,0.0,0.0,0.0,0,,0,0,0,0,,
ESP-La Liga,2425,Girona,Paulo Gazzaniga,ARG,GK,32.0,1992.0,36,36,3195,35.5,51,1.44,141,90,63.8,11.0,8.0,17.0,8,22.2,5,2,3,0,60.0,
ESP-La Liga,2425,Girona,Vladyslav Krapyvtsov,UKR,GK,19.0,2005.0,2,2,180,2.0,7,3.5,19,12,63.2,0.0,0.0,2.0,0,0.0,1,1,0,0,0.0,
ESP-La Liga,2425,Las Palmas,Dinko Horkaš,CRO,GK,25.0,1999.0,13,11,1085,12.1,19,1.58,55,36,65.5,2.0,0.0,9.0,1,9.1,2,1,1,0,50.0,
ESP-La Liga,2425,Las Palmas,Jasper Cillessen,NED,GK,35.0,1989.0,27,27,2335,25.9,42,1.62,130,88,67.7,6.0,8.0,13.0,3,11.1,8,4,3,1,42.9,
ESP-La Liga,2425,Leganés,Juan Soriano,ESP,GK,26.0,1997.0,6,6,540,6.0,7,1.17,26,19,73.1,1.0,2.0,3.0,1,16.7,0,0,0,0,,
ESP-La Liga,2425,Leganés,Marko Dmitrović,SRB,GK,32.0,1992.0,32,32,2880,32.0,49,1.53,145,102,66.2,8.0,11.0,13.0,10,31.3,8,7,0,1,0.0,
ESP-La Liga,2425,Mallorca,Dominik Greif,SVK,GK,27.0,1997.0,31,31,2790,31.0,34,1.1,119,85,71.4,11.0,8.0,12.0,7,22.6,2,2,0,0,0.0,
ESP-La Liga,2425,Mallorca,Leo Román,ESP,GK,24.0,2000.0,7,7,630,7.0,10,1.43,50,40,80.0,2.0,1.0,4.0,2,28.6,1,1,0,0,0.0,
ESP-La Liga,2425,Osasuna,Aitor Fernández,ESP,GK,33.0,1991.0,1,1,90,1.0,0,0.0,5,5,100.0,0.0,1.0,0.0,1,100.0,0,0,0,0,,
ESP-La Liga,2425,Osasuna,Sergio Herrera,ESP,GK,31.0,1993.0,37,37,3330,37.0,52,1.41,184,132,71.7,12.0,15.0,10.0,8,21.6,7,7,0,0,0.0,
ESP-La Liga,2425,Rayo Vallecano,Augusto Batalla,ARG,GK,28.0,1996.0,32,32,2880,32.0,39,1.22,125,93,68.8,10.0,12.0,10.0,8,25.0,8,6,2,0,25.0,
ESP-La Liga,2425,Rayo Vallecano,Dani Cárdenas,ESP,GK,27.0,1997.0,6,6,540,6.0,6,1.0,20,14,70.0,3.0,1.0,2.0,2,33.3,0,0,0,0,,
ESP-La Liga,2425,Real Betis,Adrián,ESP,GK,37.0,1987.0,19,19,1710,19.0,27,1.42,77,50,64.9,10.0,5.0,4.0,3,15.8,1,1,0,0,0.0,
ESP-La Liga,2425,Real Betis,Fran Vieites,ESP,GK,25.0,1999.0,4,4,360,4.0,5,1.25,12,7,58.3,1.0,2.0,1.0,0,0.0,0,0,0,0,,
ESP-La Liga,2425,Real Betis,Rui Silva,POR,GK,30.0,1994.0,15,15,1350,15.0,18,1.2,55,37,67.3,5.0,5.0,5.0,4,26.7,3,3,0,0,0.0,
ESP-La Liga,2425,Real Madrid,Andriy Lunin,UKR,GK,25.0,1999.0,7,7,630,7.0,7,1.0,20,13,65.0,6.0,0.0,1.0,4,57.1,0,0,0,0,,
ESP-La Liga,2425,Real Madrid,Fran,ESP,GK,19.0,2005.0,1,1,90,1.0,2,2.0,2,0,0.0,0.0,0.0,1.0,0,0.0,0,0,0,0,,
ESP-La Liga,2425,Real Madrid,Thibaut Courtois,BEL,GK,32.0,1992.0,30,30,2700,30.0,29,0.97,106,77,72.6,20.0,6.0,4.0,11,36.7,3,3,0,0,0.0,
ESP-La Liga,2425,Real Sociedad,Unai Marrero,ESP,GK,22.0,2001.0,2,2,180,2.0,3,1.5,11,8,72.7,0.0,0.0,2.0,0,0.0,1,0,1,0,100.0,
ESP-La Liga,2425,Real Sociedad,Álex Remiro,ESP,GK,29.0,1995.0,36,36,3240,36.0,43,1.19,124,86,65.3,13.0,7.0,16.0,13,36.1,6,5,1,0,16.7,
ESP-La Liga,2425,Sevilla,Álvaro Fernández,ESP,GK,26.0,1998.0,9,8,747,8.3,16,1.93,36,20,55.6,2.0,1.0,5.0,3,37.5,2,2,0,0,0.0,
ESP-La Liga,2425,Sevilla,Ørjan Nyland,NOR,GK,33.0,1990.0,30,30,2673,29.7,39,1.31,112,73,65.2,8.0,10.0,12.0,8,26.7,4,3,1,0,25.0,
ESP-La Liga,2425,Valencia,Giorgi Mamardashvili,GEO,GK,23.0,2000.0,34,34,3060,34.0,48,1.41,139,91,65.5,11.0,11.0,12.0,8,23.5,7,5,2,0,28.6,
ESP-La Liga,2425,Valencia,Stole Dimitrievski,MKD,GK,30.0,1993.0,4,4,360,4.0,6,1.5,12,6,50.0,0.0,2.0,2.0,0,0.0,2,1,0,1,0.0,
ESP-La Liga,2425,Valladolid,André Ferreira,POR,GK,28.0,1996.0,6,6,540,6.0,20,3.33,40,20,50.0,0.0,0.0,6.0,0,0.0,3,3,0,0,0.0,
ESP-La Liga,2425,Valladolid,Arnau Rafús,ESP,GK,21.0,2003.0,1,1,90,1.0,2,2.0,2,0,0.0,0.0,0.0,1.0,0,0.0,0,0,0,0,,
ESP-La Liga,2425,Valladolid,Karl Jakob Hein,EST,GK,22.0,2002.0,31,31,2790,31.0,68,2.19,164,96,58.5,4.0,4.0,23.0,5,16.1,4,4,0,0,0.0,
ESP-La Liga,2425,Villarreal,Diego Conde,ESP,GK,25.0,1998.0,22,22,1962,21.8,33,1.51,96,63,65.6,11.0,6.0,5.0,2,9.1,4,3,0,1,0.0,
ESP-La Liga,2425,Villarreal,Luiz Lúcio Reis Júnior,BRA,GK,23.0,2001.0,17,16,1458,16.2,18,1.11,65,49,72.3,9.0,4.0,3.0,5,31.3,4,4,0,0,0.0,
ESP-La Liga,2526,Alavés,Antonio Sivera,ESP,GK,28.0,1996.0,38,38,3420,38.0,56,1.47,153,97,63.4,11.0,10.0,17.0,5,13.2,5,5,0,0,0.0,
ESP-La Liga,2526,Athletic Club,Alex Padilla,ESP,GK,21.0,2003.0,1,1,90,1.0,4,4.0,8,4,50.0,0.0,0.0,1.0,0,0.0,0,0,0,0,,
ESP-La Liga,2526,Athletic Club,Unai Simón,ESP,GK,28.0,1997.0,37,37,3330,37.0,54,1.46,151,97,64.2,13.0,6.0,18.0,6,16.2,6,3,2,1,40.0,
ESP-La Liga,2526,Atlético Madrid,Jan Oblak,SVN,GK,32.0,1993.0,30,30,2700,30.0,31,1.03,106,75,70.8,17.0,6.0,7.0,11,36.7,3,2,0,1,0.0,
ESP-La Liga,2526,Atlético Madrid,Juan Musso,ARG,GK,31.0,1994.0,8,8,720,8.0,13,1.62,35,22,62.9,4.0,0.0,4.0,3,37.5,3,3,0,0,0.0,
ESP-La Liga,2526,Barcelona,Joan García,ESP,GK,24.0,2001.0,30,30,2700,30.0,21,0.7,95,74,77.9,27.0,1.0,2.0,15,50.0,3,3,0,0,0.0,
ESP-La Liga,2526,Barcelona,Wojciech Szczęsny,POL,GK,35.0,1990.0,8,8,720,8.0,15,1.87,37,22,59.5,4.0,0.0,4.0,0,0.0,2,1,1,0,50.0,
ESP-La Liga,2526,Celta Vigo,Ionuț Radu,ROU,GK,28.0,1997.0,38,38,3420,38.0,48,1.26,159,111,69.8,14.0,12.0,12.0,10,26.3,11,6,2,3,25.0,
ESP-La Liga,2526,Elche,Iñaki Peña,ESP,GK,26.0,1999.0,16,16,1440,16.0,28,1.75,83,55,66.3,3.0,4.0,9.0,4,25.0,2,2,0,0,0.0,
ESP-La Liga,2526,Elche,Matías Dituro,ARG,GK,38.0,1987.0,22,22,1980,22.0,29,1.32,93,64,68.8,7.0,9.0,6.0,4,18.2,5,4,0,1,0.0,
ESP-La Liga,2526,Espanyol,Fortuño,ESP,GK,23.0,2001.0,1,1,90,1.0,1,1.0,3,2,66.7,0.0,1.0,0.0,0,0.0,0,0,0,0,,
ESP-La Liga,2526,Espanyol,Marko Dmitrović,SRB,GK,33.0,1992.0,37,37,3330,37.0,54,1.46,187,133,71.1,12.0,9.0,16.0,10,27.0,5,5,0,0,0.0,
ESP-La Liga,2526,Getafe,David Soria,ESP,GK,32.0,1993.0,38,38,3420,38.0,38,1.0,154,115,75.3,15.0,6.0,17.0,12,31.6,4,1,2,1,66.7,
ESP-La Liga,2526,Girona,Marc-André ter Stegen,GER,GK,33.0,1992.0,2,2,180,2.0,2,1.0,6,4,66.7,0.0,1.0,1.0,0,0.0,0,0,0,0,,
ESP-La Liga,2526,Girona,Paulo Gazzaniga,ARG,GK,33.0,1992.0,35,35,3102,34.5,47,1.36,162,115,71.0,9.0,13.0,13.0,6,17.1,5,4,0,1,0.0,
ESP-La Liga,2526,Girona,Vladyslav Krapyvtsov,UKR,GK,20.0,2005.0,2,1,136,1.5,6,3.97,10,4,40.0,0.0,0.0,1.0,0,0.0,1,1,0,0,0.0,
ESP-La Liga,2526,Levante,Mathew Ryan,AUS,GK,33.0,1992.0,36,36,3240,36.0,56,1.56,180,124,68.9,11.0,9.0,16.0,9,25.0,4,3,1,0,25.0,
ESP-La Liga,2526,Levante,Pablo Cuñat,ESP,GK,23.0,2002.0,2,2,180,2.0,5,2.5,16,11,68.8,0.0,0.0,2.0,0,0.0,0,0,0,0,,
ESP-La Liga,2526,Mallorca,Leo Román,ESP,GK,25.0,2000.0,33,33,2970,33.0,50,1.52,149,99,66.4,10.0,7.0,16.0,4,12.1,8,6,1,1,14.3,
ESP-La Liga,2526,Mallorca,Lucas Bergström,FIN,GK,22.0,2002.0,5,5,450,5.0,7,1.4,22,15,68.2,1.0,2.0,2.0,2,40.0,0,0,0,0,,
ESP-La Liga,2526,Osasuna,Aitor Fernández,ESP,GK,34.0,1991.0,2,1,136,1.5,3,1.99,12,9,75.0,0.0,0.0,1.0,0,0.0,1,1,0,0,0.0,
ESP-La Liga,2526,Osasuna,Sergio Herrera,ESP,GK,32.0,1993.0,37,37,3284,36.5,47,1.29,160,113,70.6,11.0,9.0,17.0,7,18.9,8,8,0,0,0.0,
ESP-La Liga,2526,Oviedo,Aarón Escandell,ESP,GK,29.0,1995.0,36,36,3240,36.0,56,1.56,201,145,72.1,6.0,11.0,19.0,10,27.8,7,5,2,0,28.6,
ESP-La Liga,2526,Oviedo,Horaţiu Moldovan,ROU,GK,27.0,1998.0,2,2,180,2.0,4,2.0,8,4,50.0,0.0,0.0,2.0,0,0.0,0,0,0,0,,
ESP-La Liga,2526,Rayo Vallecano,Augusto Batalla,ARG,GK,29.0,1996.0,34,34,3060,34.0,37,1.09,128,91,71.1,10.0,13.0,11.0,11,32.4,6,5,1,0,16.7,
ESP-La Liga,2526,Rayo Vallecano,Dani Cárdenas,ESP,GK,28.0,1997.0,4,4,360,4.0,7,1.75,26,19,73.1,2.0,1.0,1.0,1,25.0,2,1,1,0,50.0,
ESP-La Liga,2526,Real Betis,Adrián,ESP,GK,38.0,1987.0,1,1,90,1.0,1,1.0,7,6,85.7,1.0,0.0,0.0,0,0.0,0,0,0,0,,
ESP-La Liga,2526,Real Betis,Pau López,ESP,GK,30.0,1994.0,9,9,810,9.0,11,1.22,40,29,72.5,4.0,2.0,3.0,2,22.2,1,0,1,0,100.0,
ESP-La Liga,2526,Real Betis,Álvaro Vallés,ESP,GK,28.0,1997.0,28,28,2520,28.0,36,1.29,123,87,70.7,10.0,13.0,5.0,8,28.6,6,4,1,1,20.0,
ESP-La Liga,2526,Real Madrid,Andriy Lunin,UKR,GK,26.0,1999.0,6,6,540,6.0,7,1.17,23,16,69.6,3.0,2.0,1.0,1,16.7,0,0,0,0,,
ESP-La Liga,2526,Real Madrid,Thibaut Courtois,BEL,GK,33.0,1992.0,32,32,2880,32.0,28,0.87,98,70,71.4,24.0,3.0,5.0,13,40.6,4,4,0,0,0.0,
ESP-La Liga,2526,Real Sociedad,Unai Marrero,ESP,GK,23.0,2001.0,1,1,90,1.0,1,1.0,8,7,87.5,0.0,1.0,0.0,0,0.0,0,0,0,0,,
ESP-La Liga,2526,Real Sociedad,Álex Remiro,ESP,GK,30.0,1995.0,37,37,3330,37.0,60,1.62,159,99,62.3,11.0,12.0,14.0,3,8.1,5,5,0,0,0.0,
ESP-La Liga,2526,Sevilla,Odysseas Vlachodimos,GRE,GK,31.0,1994.0,33,33,2970,33.0,52,1.58,140,88,62.9,11.0,6.0,16.0,5,15.2,10,8,1,1,11.1,
ESP-La Liga,2526,Sevilla,Ørjan Nyland,NOR,GK,34.0,1990.0,5,5,450,5.0,8,1.6,19,11,57.9,1.0,1.0,3.0,1,20.0,1,1,0,0,0.0,
ESP-La Liga,2526,Valencia,Julen Agirrezabala,ESP,GK,24.0,2000.0,18,18,1620,18.0,30,1.67,83,52,63.9,3.0,7.0,8.0,4,22.2,4,3,1,0,25.0,
ESP-La Liga,2526,Valencia,Stole Dimitrievski,MKD,GK,31.0,1993.0,20,20,1800,20.0,25,1.25,77,52,67.5,10.0,3.0,7.0,5,25.0,4,3,0,1,0.0,
ESP-La Liga,2526,Villarreal,Arnau Tenas,ESP,GK,24.0,2001.0,10,10,900,10.0,16,1.6,46,30,65.2,4.0,3.0,3.0,0,0.0,2,2,0,0,0.0,
ESP-La Liga,2526,Villarreal,Luiz Lúcio Reis Júnior,BRA,GK,24.0,2001.0,28,28,2520,28.0,30,1.07,102,72,70.6,18.0,3.0,7.0,8,28.6,6,5,1,0,16.7,
FRA-Ligue 1,2425,Angers,Melvin Zinga,FRA,GK,22.0,2002.0,1,1,90,1.0,2,2.0,4,2,50.0,0.0,0.0,1.0,0,0.0,1,1,0,0,0.0,
FRA-Ligue 1,2425,Angers,Yahia Fofana,CIV,GK,23.0,2000.0,33,33,2970,33.0,51,1.55,187,136,72.7,10.0,6.0,17.0,7,21.2,4,3,0,1,0.0,
FRA-Ligue 1,2425,Auxerre,Donovan Léon,GUF,GK,31.0,1992.0,32,32,2880,32.0,48,1.5,169,121,71.6,11.0,8.0,13.0,9,28.1,6,5,1,0,16.7,
FRA-Ligue 1,2425,Auxerre,Théo De Percin,MTQ,GK,23.0,2001.0,2,2,180,2.0,3,1.5,8,5,62.5,0.0,1.0,1.0,1,50.0,2,1,1,0,50.0,
FRA-Ligue 1,2425,Brest,Grégoire Coudert,FRA,GK,25.0,1999.0,2,2,180,2.0,5,2.5,14,9,64.3,1.0,0.0,1.0,0,0.0,0,0,0,0,,
FRA-Ligue 1,2425,Brest,Marco Bizot,NED,GK,33.0,1991.0,32,32,2880,32.0,54,1.69,130,76,58.5,14.0,5.0,13.0,10,31.3,10,8,1,1,11.1,
FRA-Ligue 1,2425,Le Havre,Arthur Desmas,FRA,GK,30.0,1994.0,18,18,1620,18.0,38,2.11,94,56,59.6,5.0,0.0,13.0,3,16.7,3,2,1,0,33.3,
FRA-Ligue 1,2425,Le Havre,Mathieu Gorgelin,FRA,GK,33.0,1990.0,16,16,1440,16.0,33,2.06,83,50,60.2,5.0,4.0,7.0,1,6.3,3,3,0,0,0.0,
FRA-Ligue 1,2425,Lens,Brice Samba,FRA,GK,30.0,1994.0,15,15,1350,15.0,14,0.93,54,40,74.1,6.0,6.0,3.0,7,46.7,4,4,0,0,0.0,
FRA-Ligue 1,2425,Lens,Hervé Koffi,BFA,GK,27.0,1996.0,5,5,450,5.0,8,1.6,26,18,69.2,1.0,0.0,4.0,0,0.0,2,2,0,0,0.0,
FRA-Ligue 1,2425,Lens,Mathew Ryan,AUS,GK,32.0,1992.0,14,14,1260,14.0,17,1.21,60,43,71.7,8.0,1.0,5.0,6,42.9,3,2,1,0,33.3,
FRA-Ligue 1,2425,Lille,Lucas Chevalier,FRA,GK,22.0,2001.0,34,34,3060,34.0,36,1.06,127,94,71.7,17.0,9.0,8.0,11,32.4,4,4,0,0,0.0,
FRA-Ligue 1,2425,Lyon,Lucas Perri,BRA,GK,26.0,1997.0,33,33,2970,33.0,44,1.33,160,116,72.5,17.0,6.0,10.0,10,30.3,3,3,0,0,0.0,
FRA-Ligue 1,2425,Lyon,Rémy Descamps,FRA,GK,28.0,1996.0,1,1,90,1.0,2,2.0,6,4,66.7,0.0,0.0,1.0,0,0.0,0,0,0,0,,
FRA-Ligue 1,2425,Marseille,Gerónimo Rulli,ARG,GK,32.0,1992.0,34,34,3060,34.0,47,1.38,136,89,65.4,20.0,5.0,9.0,5,14.7,6,3,3,0,50.0,
FRA-Ligue 1,2425,Monaco,Philipp Köhn,SUI,GK,26.0,1998.0,19,19,1710,19.0,19,1.0,64,45,70.3,11.0,5.0,3.0,8,42.1,1,1,0,0,0.0,
FRA-Ligue 1,2425,Monaco,Radosław Majecki,POL,GK,24.0,1999.0,15,15,1350,15.0,22,1.47,65,43,66.2,7.0,2.0,6.0,3,20.0,2,2,0,0,0.0,
FRA-Ligue 1,2425,Montpellier,Benjamin Lecomte,FRA,GK,33.0,1991.0,30,30,2700,30.0,68,2.27,176,108,61.4,3.0,4.0,23.0,1,3.3,7,6,1,0,14.3,
FRA-Ligue 1,2425,Montpellier,Dimitry Bertaud,COD,GK,26.0,1998.0,4,4,360,4.0,11,2.75,21,10,47.6,1.0,0.0,3.0,0,0.0,2,2,0,0,0.0,
FRA-Ligue 1,2425,Nantes,Alban Lafont,CIV,GK,25.0,1999.0,12,12,1080,12.0,19,1.58,51,32,62.7,2.0,4.0,6.0,2,16.7,3,3,0,0,0.0,
FRA-Ligue 1,2425,Nantes,Anthony Lopes,POR,GK,33.0,1990.0,18,18,1563,17.4,26,1.5,73,47,64.4,5.0,6.0,7.0,3,16.7,5,4,0,1,0.0,
FRA-Ligue 1,2425,Nantes,Patrik Carlgren,SWE,GK,32.0,1992.0,5,4,417,4.6,7,1.51,28,21,75.0,1.0,2.0,1.0,1,25.0,0,0,0,0,,
FRA-Ligue 1,2425,Nice,Marcin Bułka,POL,GK,24.0,1999.0,34,34,3060,34.0,41,1.21,161,120,74.5,17.0,9.0,8.0,8,23.5,3,2,1,0,33.3,
FRA-Ligue 1,2425,PSG,Arnau Tenas,ESP,GK,23.0,2001.0,1,1,90,1.0,1,1.0,4,3,75.0,1.0,0.0,0.0,0,0.0,0,0,0,0,,
FRA-Ligue 1,2425,PSG,Gianluigi Donnarumma,ITA,GK,25.0,1999.0,24,24,2091,23.2,25,1.08,75,50,66.7,18.0,5.0,1.0,4,16.7,1,1,0,0,0.0,
FRA-Ligue 1,2425,PSG,Matvei Safonov,RUS,GK,25.0,1999.0,10,9,879,9.8,9,0.92,26,17,65.4,7.0,1.0,1.0,3,33.3,2,2,0,0,0.0,
FRA-Ligue 1,2425,Reims,Yehvann Diouf,SEN,GK,24.0,1999.0,34,34,3060,34.0,47,1.38,176,133,73.3,8.0,9.0,17.0,7,20.6,5,4,1,0,20.0,
FRA-Ligue 1,2425,Rennes,Brice Samba,FRA,GK,30.0,1994.0,17,17,1529,17.0,27,1.59,85,58,68.2,7.0,0.0,10.0,5,29.4,3,1,2,0,66.7,
FRA-Ligue 1,2425,Rennes,Gauthier Gallon,FRA,GK,31.0,1993.0,1,0,45,0.5,0,0.0,0,0,,0.0,0.0,0.0,0,,0,0,0,0,,
FRA-Ligue 1,2425,Rennes,Steve Mandanda,FRA,GK,39.0,1985.0,18,17,1486,16.5,24,1.45,53,29,54.7,6.0,2.0,9.0,6,35.3,3,2,1,0,33.3,
FRA-Ligue 1,2425,Saint-Étienne,Gautier Larsonneur,FRA,GK,27.0,1997.0,34,34,3060,34.0,77,2.26,210,133,63.3,8.0,6.0,20.0,5,14.7,15,13,2,0,13.3,
FRA-Ligue 1,2425,Strasbourg,Karl-Johan Johnsson,SWE,GK,34.0,1990.0,3,3,270,3.0,6,2.0,22,16,72.7,1.0,1.0,1.0,0,0.0,1,1,0,0,0.0,
FRA-Ligue 1,2425,Strasbourg,Đorđe Petrović,SRB,GK,24.0,1999.0,31,31,2790,31.0,38,1.23,148,110,74.3,15.0,8.0,8.0,10,32.3,8,7,1,0,12.5,
FRA-Ligue 1,2425,Toulouse,Guillaume Restes,FRA,GK,19.0,2005.0,29,29,2543,28.3,36,1.27,94,58,61.7,9.0,7.0,13.0,9,31.0,2,1,1,0,50.0,
FRA-Ligue 1,2425,Toulouse,Kjetil Haug,NOR,GK,26.0,1998.0,6,5,498,5.5,7,1.27,16,9,56.3,2.0,2.0,1.0,1,20.0,0,0,0,0,,
FRA-Ligue 1,2425,Toulouse,Álex Domínguez,ESP,GK,26.0,1998.0,1,0,19,0.2,0,0.0,0,0,,0.0,0.0,0.0,1,,0,0,0,0,,
FRA-Ligue 1,2526,Angers,Hervé Koffi,BFA,GK,28.0,1996.0,30,30,2658,29.5,36,1.22,157,120,77.1,9.0,9.0,12.0,10,33.3,6,3,2,1,40.0,
FRA-Ligue 1,2526,Angers,Melvin Zinga,FRA,GK,23.0,2002.0,3,2,222,2.5,5,2.03,13,8,61.5,0.0,0.0,2.0,0,0.0,0,0,0,0,,
FRA-Ligue 1,2526,Angers,Oumar Pona,FRA,GK,19.0,2006.0,2,2,180,2.0,7,3.5,13,6,46.2,0.0,0.0,2.0,0,0.0,0,0,0,0,,
FRA-Ligue 1,2526,Auxerre,Donovan Léon,GUF,GK,32.0,1992.0,29,29,2460,27.3,35,1.28,130,95,73.1,7.0,9.0,13.0,9,31.0,3,2,1,0,33.3,
FRA-Ligue 1,2526,Auxerre,Théo De Percin,MTQ,GK,24.0,2001.0,8,5,598,6.6,9,1.35,24,15,62.5,1.0,1.0,3.0,1,20.0,2,1,1,0,50.0,
FRA-Ligue 1,2526,Brest,Grégoire Coudert,FRA,GK,26.0,1999.0,25,24,2192,24.4,40,1.64,116,76,65.5,9.0,5.0,10.0,6,25.0,4,3,1,0,25.0,
FRA-Ligue 1,2526,Brest,Radosław Majecki,POL,GK,25.0,1999.0,10,10,864,9.6,18,1.87,44,26,59.1,1.0,4.0,5.0,3,30.0,1,1,0,0,0.0,
FRA-Ligue 1,2526,Le Havre,Lionel Mpasi,COD,GK,30.0,1994.0,4,3,315,3.5,2,0.57,17,15,88.2,0.0,2.0,1.0,1,33.3,0,0,0,0,,
FRA-Ligue 1,2526,Le Havre,Mory Diaw,SEN,GK,32.0,1993.0,30,30,2655,29.5,41,1.39,121,80,66.1,6.0,12.0,12.0,7,23.3,8,6,2,0,25.0,
FRA-Ligue 1,2526,Le Havre,Paul Argney,FRA,GK,19.0,2006.0,1,1,90,1.0,1,1.0,3,2,66.7,1.0,0.0,0.0,0,0.0,0,0,0,0,,
FRA-Ligue 1,2526,Lens,Mathieu Gorgelin,FRA,GK,34.0,1990.0,1,1,90,1.0,0,0.0,4,4,100.0,1.0,0.0,0.0,1,100.0,0,0,0,0,,
FRA-Ligue 1,2526,Lens,Robin Risser,FRA,GK,20.0,2004.0,33,33,2970,33.0,35,1.06,111,76,68.5,21.0,4.0,8.0,11,33.3,6,3,2,1,40.0,
FRA-Ligue 1,2526,Lille,Arnaud Bodart,BEL,GK,27.0,1998.0,3,2,226,2.5,3,1.19,7,4,57.1,0.0,0.0,2.0,0,0.0,1,1,0,0,0.0,
FRA-Ligue 1,2526,Lille,Berke Özer,TUR,GK,25.0,2000.0,32,32,2834,31.5,34,1.08,105,70,67.6,18.0,7.0,7.0,13,40.6,3,1,1,1,50.0,
FRA-Ligue 1,2526,Lorient,Bingourou Kamara,SEN,GK,28.0,1996.0,3,3,270,3.0,8,2.67,16,8,50.0,1.0,0.0,2.0,1,33.3,1,0,0,1,,
FRA-Ligue 1,2526,Lorient,Yvon Mvogo,SUI,GK,31.0,1994.0,31,31,2790,31.0,43,1.39,119,76,63.9,10.0,12.0,9.0,6,19.4,5,4,0,1,0.0,
FRA-Ligue 1,2526,Lyon,Dominik Greif,SVK,GK,28.0,1997.0,29,29,2610,29.0,37,1.28,115,77,67.8,15.0,5.0,9.0,11,37.9,5,2,3,0,60.0,
FRA-Ligue 1,2526,Lyon,Rémy Descamps,FRA,GK,29.0,1996.0,5,5,450,5.0,3,0.6,17,14,82.4,3.0,1.0,1.0,4,80.0,0,0,0,0,,
FRA-Ligue 1,2526,Marseille,Gerónimo Rulli,ARG,GK,33.0,1992.0,29,29,2610,29.0,34,1.17,110,76,69.1,15.0,5.0,9.0,8,27.6,6,5,0,1,0.0,
FRA-Ligue 1,2526,Marseille,Jeffrey De Lange,NED,GK,27.0,1998.0,5,5,450,5.0,11,2.2,24,13,54.2,3.0,0.0,2.0,1,20.0,0,0,0,0,,
FRA-Ligue 1,2526,Metz,Jonathan Fischer,DEN,GK,23.0,2001.0,27,26,2354,26.2,56,2.14,148,92,62.2,3.0,5.0,18.0,5,19.2,7,6,1,0,14.3,
FRA-Ligue 1,2526,Metz,Pape Mamadou Sy,SEN,GK,28.0,1997.0,8,8,706,7.8,20,2.55,49,29,59.2,0.0,3.0,5.0,2,25.0,1,1,0,0,0.0,
FRA-Ligue 1,2526,Monaco,Lukáš Hrádecký,FIN,GK,35.0,1989.0,17,17,1439,16.0,27,1.69,72,45,62.5,7.0,2.0,8.0,2,11.8,3,2,0,1,0.0,
FRA-Ligue 1,2526,Monaco,Philipp Köhn,SUI,GK,27.0,1998.0,19,17,1621,18.0,27,1.5,75,48,64.0,9.0,4.0,4.0,5,29.4,2,2,0,0,0.0,
FRA-Ligue 1,2526,Nantes,Anthony Lopes,POR,GK,34.0,1990.0,31,31,2788,31.0,50,1.61,147,97,66.0,4.0,7.0,20.0,6,19.4,5,5,0,0,0.0,
FRA-Ligue 1,2526,Nantes,Patrik Carlgren,SWE,GK,33.0,1992.0,3,2,182,2.0,2,0.99,13,11,84.6,1.0,1.0,0.0,1,50.0,0,0,0,0,,
FRA-Ligue 1,2526,Nice,Maxime Dupé,FRA,GK,32.0,1993.0,8,8,720,8.0,15,1.87,35,20,57.1,1.0,4.0,3.0,1,12.5,3,3,0,0,0.0,
FRA-Ligue 1,2526,Nice,Yehvann Diouf,SEN,GK,25.0,1999.0,26,26,2340,26.0,45,1.73,136,91,66.9,6.0,7.0,13.0,5,19.2,7,5,1,1,16.7,
FRA-Ligue 1,2526,PSG,Lucas Chevalier,FRA,GK,23.0,2001.0,17,17,1530,17.0,13,0.76,45,32,71.1,12.0,3.0,2.0,9,52.9,3,1,1,1,50.0,
FRA-Ligue 1,2526,PSG,Matvei Safonov,RUS,GK,26.0,1999.0,15,15,1350,15.0,14,0.93,54,40,74.1,11.0,0.0,4.0,8,53.3,1,0,1,0,100.0,
FRA-Ligue 1,2526,PSG,Renato Marin,ITA,GK,19.0,2006.0,2,2,180,2.0,2,1.0,5,3,60.0,1.0,1.0,0.0,1,50.0,0,0,0,0,,
FRA-Ligue 1,2526,Paris,Kevin Trapp,GER,GK,35.0,1990.0,22,22,1980,22.0,29,1.32,87,56,66.7,8.0,8.0,6.0,7,31.8,8,6,1,1,14.3,
FRA-Ligue 1,2526,Paris,Obed Nkambadio,FRA,GK,22.0,2003.0,12,12,1080,12.0,21,1.75,47,26,55.3,3.0,3.0,6.0,1,8.3,4,2,1,1,33.3,
FRA-Ligue 1,2526,Rennes,Brice Samba,FRA,GK,31.0,1994.0,32,32,2880,32.0,44,1.37,129,84,65.9,17.0,8.0,7.0,10,31.3,6,4,2,0,33.3,
FRA-Ligue 1,2526,Rennes,Mathys Silestrie,FRA,GK,19.0,2005.0,2,2,180,2.0,6,3.0,14,8,57.1,0.0,0.0,2.0,0,0.0,0,0,0,0,,
FRA-Ligue 1,2526,Strasbourg,Karl-Johan Johnsson,SWE,GK,35.0,1990.0,1,1,90,1.0,0,0.0,2,2,100.0,1.0,0.0,0.0,1,100.0,0,0,0,0,,
FRA-Ligue 1,2526,Strasbourg,Mike Penders,BEL,GK,20.0,2005.0,33,33,2970,33.0,47,1.42,154,107,69.5,14.0,8.0,11.0,8,24.2,5,4,1,0,20.0,
FRA-Ligue 1,2526,Toulouse,Guillaume Restes,FRA,GK,20.0,2005.0,33,33,2939,32.7,45,1.38,129,84,65.1,12.0,8.0,13.0,9,27.3,5,5,0,0,0.0,
FRA-Ligue 1,2526,Toulouse,Kjetil Haug,NOR,GK,27.0,1998.0,1,0,31,0.3,1,2.9,2,1,50.0,0.0,0.0,0.0,0,,0,0,0,0,,
ITA-Serie A,2425,Atalanta,Juan Musso,ARG,GK,30.0,1994.0,1,1,90,1.0,0,0.0,4,4,100.0,1.0,0.0,0.0,1,100.0,0,0,0,0,,
ITA-Serie A,2425,Atalanta,Marco Carnesecchi,ITA,GK,24.0,2000.0,34,34,3060,34.0,34,1.0,132,98,74.2,19.0,7.0,8.0,13,38.2,2,2,0,0,0.0,
ITA-Serie A,2425,Atalanta,Rui Patrício,POR,GK,36.0,1988.0,3,3,270,3.0,3,1.0,14,11,78.6,2.0,1.0,0.0,1,33.3,0,0,0,0,,
ITA-Serie A,2425,Bologna,Federico Ravaglia,ITA,GK,24.0,1999.0,12,11,1056,11.7,14,1.19,24,10,41.7,5.0,2.0,4.0,4,36.4,1,1,0,0,0.0,
ITA-Serie A,2425,Bologna,Łukasz Skorupski,POL,GK,33.0,1991.0,27,27,2364,26.3,33,1.26,83,51,60.2,11.0,12.0,4.0,8,29.6,2,1,1,0,50.0,
ITA-Serie A,2425,Cagliari,Alen Sherri,ALB,GK,26.0,1997.0,7,7,621,6.9,11,1.59,31,20,64.5,1.0,2.0,4.0,1,14.3,0,0,0,0,,
ITA-Serie A,2425,Cagliari,Elia Caprile,ITA,GK,22.0,2001.0,18,18,1620,18.0,22,1.22,68,46,67.6,5.0,4.0,9.0,5,27.8,1,1,0,0,0.0,
ITA-Serie A,2425,Cagliari,Giuseppe Ciocci,ITA,GK,22.0,2002.0,1,0,9,0.1,0,0.0,0,0,,0.0,0.0,0.0,0,,0,0,0,0,,
ITA-Serie A,2425,Cagliari,Simone Scuffet,ITA,GK,28.0,1996.0,13,13,1170,13.0,23,1.77,56,33,58.9,3.0,3.0,7.0,1,7.7,5,5,0,0,0.0,
ITA-Serie A,2425,Como,Emil Audero,IDN,GK,27.0,1997.0,8,8,720,8.0,18,2.25,35,17,48.6,2.0,2.0,4.0,0,0.0,4,4,0,0,0.0,
ITA-Serie A,2425,Como,Jean Butez,FRA,GK,29.0,1995.0,19,18,1666,18.5,20,1.08,69,49,71.0,8.0,4.0,6.0,5,27.8,2,2,0,0,0.0,
ITA-Serie A,2425,Como,Pepe Reina,ESP,GK,41.0,1982.0,12,12,1034,11.5,14,1.22,42,28,66.7,3.0,4.0,5.0,2,16.7,1,1,0,0,0.0,
ITA-Serie A,2425,Empoli,Devis Vásquez,COL,GK,26.0,1998.0,32,32,2880,32.0,45,1.41,127,82,64.6,6.0,12.0,14.0,6,18.8,2,1,1,0,50.0,
ITA-Serie A,2425,Empoli,Jacopo Seghetti,ITA,GK,19.0,2005.0,1,1,90,1.0,3,3.0,6,3,50.0,0.0,0.0,1.0,0,0.0,0,0,0,0,,
ITA-Serie A,2425,Empoli,Marco Silvestri,ITA,GK,33.0,1991.0,5,5,450,5.0,11,2.2,27,16,59.3,0.0,1.0,4.0,0,0.0,0,0,0,0,,
ITA-Serie A,2425,Fiorentina,David de Gea,ESP,GK,33.0,1990.0,35,35,3150,35.0,38,1.09,134,96,71.6,19.0,5.0,11.0,11,31.4,3,1,2,0,66.7,
ITA-Serie A,2425,Fiorentina,Pietro Terracciano,ITA,GK,34.0,1990.0,3,3,270,3.0,3,1.0,14,10,78.6,0.0,3.0,0.0,1,33.3,0,0,0,0,,
ITA-Serie A,2425,Genoa,Benjamin Siegrist,SUI,GK,32.0,1992.0,2,2,152,1.7,2,1.18,12,10,83.3,1.0,1.0,0.0,0,0.0,0,0,0,0,,
ITA-Serie A,2425,Genoa,Daniele Sommariva,ITA,GK,27.0,1997.0,1,0,28,0.3,1,3.21,3,2,66.7,0.0,0.0,0.0,0,,0,0,0,0,,
ITA-Serie A,2425,Genoa,Nicola Leali,ITA,GK,31.0,1993.0,29,29,2610,29.0,31,1.07,112,83,72.3,8.0,10.0,11.0,10,34.5,4,3,1,0,25.0,
ITA-Serie A,2425,Genoa,Pierluigi Gollini,ITA,GK,29.0,1995.0,7,7,630,7.0,15,2.14,32,17,53.1,1.0,2.0,4.0,1,14.3,4,3,1,0,25.0,
ITA-Serie A,2425,Hellas Verona,Lorenzo Montipò,ITA,GK,28.0,1996.0,36,36,3240,36.0,64,1.78,164,100,61.0,9.0,7.0,20.0,8,22.2,4,2,1,1,33.3,
ITA-Serie A,2425,Hellas Verona,Simone Perilli,ITA,GK,29.0,1995.0,2,2,180,2.0,2,1.0,11,9,81.8,1.0,0.0,1.0,0,0.0,0,0,0,0,,
ITA-Serie A,2425,Inter,Josep Martinez,ESP,GK,26.0,1998.0,5,5,450,5.0,3,0.6,15,12,80.0,4.0,1.0,0.0,3,60.0,0,0,0,0,,
ITA-Serie A,2425,Inter,Yann Sommer,SUI,GK,35.0,1988.0,33,33,2970,33.0,32,0.97,116,84,72.4,20.0,8.0,5.0,13,39.4,4,3,1,0,25.0,
ITA-Serie A,2425,Juventus,Mattia Perin,ITA,GK,31.0,1992.0,5,5,450,5.0,3,0.6,16,13,81.3,2.0,3.0,0.0,3,60.0,0,0,0,0,,
ITA-Serie A,2425,Juventus,Michele Di Gregorio,ITA,GK,27.0,1997.0,33,33,2970,33.0,32,0.97,99,71,67.7,16.0,13.0,4.0,14,42.4,5,5,0,0,0.0,
ITA-Serie A,2425,Lazio,Christos Mandas,GRE,GK,22.0,2001.0,9,9,810,9.0,7,0.78,27,20,74.1,3.0,5.0,1.0,4,44.4,0,0,0,0,,
ITA-Serie A,2425,Lazio,Ivan Provedel,ITA,GK,30.0,1994.0,29,29,2610,29.0,42,1.45,95,53,55.8,15.0,6.0,8.0,5,17.2,4,4,0,0,0.0,
ITA-Serie A,2425,Lecce,Wladimiro Falcone,ITA,GK,29.0,1995.0,38,38,3420,38.0,58,1.53,177,127,67.2,8.0,10.0,20.0,9,23.7,10,8,1,1,11.1,
ITA-Serie A,2425,Milan,Marco Sportiello,ITA,GK,32.0,1992.0,2,1,126,1.4,2,1.43,6,4,66.7,1.0,0.0,0.0,1,100.0,0,0,0,0,,
ITA-Serie A,2425,Milan,Mike Maignan,FRA,GK,29.0,1995.0,37,37,3294,36.6,41,1.12,139,98,70.5,17.0,9.0,11.0,13,35.1,2,1,1,0,50.0,
ITA-Serie A,2425,Monza,Andrea Mazza,ITA,GK,20.0,2004.0,1,0,8,0.1,0,0.0,0,0,,0.0,0.0,0.0,0,,0,0,0,0,,
ITA-Serie A,2425,Monza,Semuel Pizzignacco,ITA,GK,22.0,2001.0,9,8,736,8.2,17,2.08,40,23,57.5,1.0,2.0,5.0,1,12.5,0,0,0,0,,
ITA-Serie A,2425,Monza,Stefano Turati,ITA,GK,22.0,2001.0,30,30,2676,29.7,52,1.75,145,93,64.1,2.0,7.0,21.0,2,6.7,4,2,2,0,50.0,
ITA-Serie A,2425,Napoli,Alex Meret,ITA,GK,27.0,1997.0,34,34,3005,33.4,25,0.75,84,59,70.2,21.0,9.0,4.0,17,50.0,4,1,2,1,66.7,
ITA-Serie A,2425,Napoli,Elia Caprile,ITA,GK,22.0,2001.0,4,3,325,3.6,1,0.28,8,7,87.5,3.0,0.0,0.0,3,100.0,0,0,0,0,,
ITA-Serie A,2425,Napoli,Simone Scuffet,ITA,GK,28.0,1996.0,1,1,90,1.0,1,1.0,4,3,75.0,0.0,1.0,0.0,0,0.0,0,0,0,0,,
ITA-Serie A,2425,Parma,Leandro Chichizola,ARG,GK,34.0,1990.0,1,1,90,1.0,3,3.0,7,4,57.1,0.0,0.0,1.0,0,0.0,0,0,0,0,,
ITA-Serie A,2425,Parma,Zion Suzuki,JPN,GK,21.0,2002.0,36,36,3240,36.8,53,1.47,148,95,64.2,7.0,15.0,14.0,7,19.4,5,5,0,0,0.0,
ITA-Serie A,2425,Roma,Mile Svilar,SRB,GK,24.0,1999.0,38,38,3420,38.0,35,0.92,153,118,77.1,20.0,9.0,9.0,16,42.1,4,4,0,0,0.0,
ITA-Serie A,2425,Torino,Alberto Paleari,ITA,GK,31.0,1992.0,1,1,90,1.0,3,3.0,7,4,57.1,0.0,0.0,1.0,0,0.0,0,0,0,0,,
ITA-Serie A,2425,Torino,Vanja Milinković-Savić,SRB,GK,27.0,1997.0,37,37,3330,37.0,42,1.14,173,131,75.7,10.0,14.0,13.0,10,27.0,7,3,4,0,57.1,
ITA-Serie A,2425,Udinese,Daniele Padelli,ITA,GK,38.0,1985.0,1,1,90,1.0,0,0.0,3,3,100.0,1.0,0.0,0.0,1,100.0,0,0,0,0,,
ITA-Serie A,2425,Udinese,Maduka Okoye,NGA,GK,24.0,1999.0,25,25,2250,25.0,40,1.6,113,73,64.6,6.0,4.0,15.0,4,16.0,5,4,0,1,0.0,
ITA-Serie A,2425,Udinese,Razvan Sava,ROU,GK,22.0,2002.0,12,12,1080,12.0,16,1.33,54,38,70.4,5.0,4.0,3.0,4,33.3,3,3,0,0,0.0,
ITA-Serie A,2425,Venezia,Filip Stankovic,SRB,GK,22.0,2002.0,16,16,1367,15.2,23,1.51,84,61,72.6,2.0,6.0,8.0,0,0.0,5,4,1,0,20.0,
ITA-Serie A,2425,Venezia,Ionuț Radu,ROU,GK,27.0,1997.0,15,15,1350,15.0,18,1.2,63,47,71.4,2.0,7.0,6.0,4,26.7,3,3,0,0,0.0,
ITA-Serie A,2425,Venezia,Jesse Joronen,FIN,GK,31.0,1993.0,8,7,703,7.8,15,1.92,42,27,64.3,1.0,1.0,5.0,2,28.6,3,3,0,0,0.0,
ITA-Serie A,2526,Atalanta,Marco Carnesecchi,ITA,GK,25.0,2000.0,37,37,3330,37.0,35,0.95,148,112,76.4,15.0,13.0,9.0,13,35.1,4,2,2,0,50.0,
ITA-Serie A,2526,Atalanta,Marco Sportiello,ITA,GK,33.0,1992.0,1,1,90,1.0,1,1.0,4,3,75.0,0.0,1.0,0.0,0,0.0,0,0,0,0,,
ITA-Serie A,2526,Bologna,Federico Ravaglia,ITA,GK,25.0,1999.0,17,16,1470,16.3,29,1.78,81,52,64.2,4.0,3.0,9.0,2,12.5,2,2,0,0,0.0,
ITA-Serie A,2526,Bologna,Massimo Pessina,ITA,GK,17.0,2007.0,4,3,353,3.9,2,0.51,9,7,77.8,2.0,1.0,0.0,3,100.0,0,0,0,0,,
ITA-Serie A,2526,Bologna,Łukasz Skorupski,POL,GK,34.0,1991.0,19,19,1592,17.7,18,1.02,51,33,64.7,10.0,4.0,5.0,8,42.1,2,2,0,0,0.0,
ITA-Serie A,2526,Cagliari,Elia Caprile,ITA,GK,23.0,2001.0,38,38,3420,38.0,53,1.39,175,121,69.7,11.0,10.0,17.0,8,21.1,2,2,0,0,0.0,
ITA-Serie A,2526,Como,Jean Butez,FRA,GK,30.0,1995.0,38,38,3420,38.0,29,0.76,116,86,75.0,20.0,11.0,7.0,19,50.0,6,5,1,0,16.7,
ITA-Serie A,2526,Cremonese,Emil Audero,IDN,GK,28.0,1997.0,34,34,3060,34.0,50,1.47,173,123,71.1,8.0,7.0,19.0,11,32.4,6,4,2,0,33.3,
ITA-Serie A,2526,Cremonese,Marco Silvestri,ITA,GK,34.0,1991.0,4,4,360,4.0,7,1.75,22,15,68.2,0.0,3.0,1.0,0,0.0,0,0,0,0,,
ITA-Serie A,2526,Fiorentina,David de Gea,ESP,GK,34.0,1990.0,37,37,3330,37.0,49,1.32,169,119,71.0,9.0,14.0,14.0,10,27.0,6,5,1,0,16.7,
ITA-Serie A,2526,Fiorentina,Luca Lezzerini,ITA,GK,30.0,1995.0,1,0,4,0.0,0,0.0,0,0,,0.0,0.0,0.0,0,,0,0,0,0,,
ITA-Serie A,2526,Fiorentina,Oliver Christensen,DEN,GK,26.0,1999.0,1,1,86,1.0,1,1.05,7,6,85.7,0.0,1.0,0.0,0,0.0,0,0,0,0,,
ITA-Serie A,2526,Genoa,Daniele Sommariva,ITA,GK,28.0,1997.0,2,1,176,2.0,4,2.05,12,8,66.7,0.0,0.0,1.0,0,0.0,0,0,0,0,,
ITA-Serie A,2526,Genoa,Justin Bijlow,NED,GK,27.0,1998.0,16,16,1395,15.5,20,1.29,65,45,69.2,6.0,3.0,7.0,5,31.3,5,5,0,0,0.0,
ITA-Serie A,2526,Genoa,Nicola Leali,ITA,GK,32.0,1993.0,22,21,1847,20.5,28,1.36,86,58,67.4,4.0,8.0,9.0,4,19.0,2,2,0,0,0.0,
ITA-Serie A,2526,Hellas Verona,Lorenzo Montipò,ITA,GK,29.0,1996.0,35,35,3150,35.0,54,1.54,142,87,62.0,3.0,11.0,21.0,5,14.3,5,2,3,0,60.0,
ITA-Serie A,2526,Hellas Verona,Simone Perilli,ITA,GK,30.0,1995.0,3,3,270,3.0,7,2.33,15,8,53.3,0.0,1.0,2.0,1,33.3,0,0,0,0,,
ITA-Serie A,2526,Inter,Josep Martinez,ESP,GK,27.0,1998.0,5,5,450,5.0,4,0.8,14,10,71.4,4.0,1.0,0.0,3,60.0,0,0,0,0,,
ITA-Serie A,2526,Inter,Raffaele Di Gennaro,ITA,GK,31.0,1993.0,1,0,10,0.1,1,9.0,2,1,50.0,0.0,0.0,0.0,0,,0,0,0,0,,
ITA-Serie A,2526,Inter,Yann Sommer,SUI,GK,36.0,1988.0,33,33,2960,32.9,30,0.91,95,64,68.4,23.0,5.0,5.0,15,45.5,4,4,0,0,0.0,
ITA-Serie A,2526,Juventus,Mattia Perin,ITA,GK,32.0,1992.0,9,9,765,8.5,9,1.06,22,13,59.1,4.0,3.0,2.0,3,33.3,0,0,0,0,,
ITA-Serie A,2526,Juventus,Michele Di Gregorio,ITA,GK,28.0,1997.0,30,29,2655,29.5,25,0.85,86,60,70.9,15.0,9.0,5.0,14,48.3,3,1,0,2,0.0,
ITA-Serie A,2526,Lazio,Alessio Furlanetto,ITA,GK,23.0,2002.0,2,2,180,2.0,3,1.5,10,7,70.0,1.0,0.0,1.0,0,0.0,0,0,0,0,,
ITA-Serie A,2526,Lazio,Edoardo Motta,ITA,GK,20.0,2005.0,9,9,810,9.0,10,1.11,32,22,68.8,5.0,2.0,2.0,3,33.3,1,0,1,0,100.0,
ITA-Serie A,2526,Lazio,Ivan Provedel,ITA,GK,31.0,1994.0,27,27,2430,27.0,27,1.0,116,87,76.7,8.0,10.0,9.0,12,44.4,4,3,1,0,25.0,
ITA-Serie A,2526,Lecce,Wladimiro Falcone,ITA,GK,30.0,1995.0,38,38,3420,38.0,50,1.32,158,108,68.4,10.0,8.0,20.0,10,26.3,6,4,2,0,33.3,
ITA-Serie A,2526,Milan,Mike Maignan,FRA,GK,30.0,1995.0,37,37,3295,36.6,35,0.96,141,106,75.2,19.0,10.0,8.0,14,37.8,8,5,2,1,28.6,
ITA-Serie A,2526,Milan,Pietro Terracciano,ITA,GK,35.0,1990.0,2,1,125,1.4,0,0.0,4,4,100.0,1.0,0.0,0.0,2,200.0,0,0,0,0,,
ITA-Serie A,2526,Napoli,Alex Meret,ITA,GK,28.0,1997.0,11,11,979,10.9,12,1.1,33,21,63.6,9.0,0.0,2.0,4,36.4,2,2,0,0,0.0,
ITA-Serie A,2526,Napoli,Nikita Contini,ITA,GK,29.0,1996.0,1,0,11,0.1,0,0.0,0,0,,0.0,0.0,0.0,1,,0,0,0,0,,
ITA-Serie A,2526,Napoli,Vanja Milinković-Savić,SRB,GK,28.0,1997.0,27,27,2430,27.0,24,0.89,77,52,68.8,14.0,7.0,6.0,11,40.7,8,5,3,0,37.5,
ITA-Serie A,2526,Parma,Edoardo Corvi,ITA,GK,24.0,2001.0,17,17,1530,17.0,18,1.06,63,44,71.4,8.0,4.0,5.0,7,41.2,3,3,0,0,0.0,
ITA-Serie A,2526,Parma,Filippo Rinaldi,ITA,GK,22.0,2002.0,1,1,90,1.0,0,0.0,4,4,100.0,0.0,1.0,0.0,1,100.0,0,0,0,0,,
ITA-Serie A,2526,Parma,Zion Suzuki,JPN,GK,22.0,2002.0,20,20,1800,20.0,28,1.4,93,65,69.9,3.0,7.0,10.0,5,25.0,3,2,1,0,33.3,
ITA-Serie A,2526,Pisa,Adrian Šemper,CRO,GK,27.0,1998.0,25,25,2250,25.0,42,1.68,124,82,66.1,1.0,9.0,15.0,4,16.0,2,2,0,0,0.0,
ITA-Serie A,2526,Pisa,Nícolas Andrade,BRA,GK,37.0,1988.0,6,6,540,6.0,14,2.33,26,12,46.2,1.0,0.0,5.0,0,0.0,1,0,0,1,,
ITA-Serie A,2526,Pisa,Simone Scuffet,ITA,GK,29.0,1996.0,7,7,630,7.0,15,2.14,29,14,48.3,0.0,3.0,4.0,1,14.3,3,3,0,0,0.0,
ITA-Serie A,2526,Roma,Mile Svilar,SRB,GK,25.0,1999.0,38,38,3420,38.0,31,0.82,138,107,77.5,23.0,4.0,11.0,18,47.4,1,1,0,0,0.0,
ITA-Serie A,2526,Sassuolo,Arijanet Muric,KVX,GK,26.0,1998.0,32,32,2880,32.0,43,1.34,161,118,73.3,12.0,6.0,14.0,6,18.8,6,5,1,0,16.7,
ITA-Serie A,2526,Sassuolo,Gioele Zacchi,ITA,GK,22.0,2003.0,1,0,8,0.1,0,0.0,0,0,,0.0,0.0,0.0,0,,0,0,0,0,,
ITA-Serie A,2526,Sassuolo,Stefano Turati,ITA,GK,23.0,2001.0,6,6,532,5.9,7,1.18,22,15,68.2,2.0,1.0,3.0,2,33.3,0,0,0,0,,
ITA-Serie A,2526,Torino,Alberto Paleari,ITA,GK,32.0,1992.0,29,29,2610,29.0,45,1.55,127,82,64.6,10.0,7.0,12.0,9,31.0,2,2,0,0,0.0,
ITA-Serie A,2526,Torino,Franco Israel,URU,GK,25.0,2000.0,9,9,810,9.0,18,2.0,42,24,57.1,2.0,2.0,5.0,3,33.3,2,2,0,0,0.0,
ITA-Serie A,2526,Udinese,Daniele Padelli,ITA,GK,39.0,1985.0,2,2,180,2.0,2,1.0,5,3,60.0,0.0,1.0,1.0,0,0.0,1,1,0,0,0.0,
ITA-Serie A,2526,Udinese,Maduka Okoye,NGA,GK,25.0,1999.0,30,30,2616,29.1,37,1.27,117,80,68.4,12.0,5.0,13.0,10,33.3,6,5,1,0,16.7,
ITA-Serie A,2526,Udinese,Razvan Sava,ROU,GK,23.0,2002.0,7,6,620,6.9,14,2.03,28,14,50.0,2.0,2.0,2.0,1,16.7,0,0,0,0,,
GER-Bundesliga,2425,Augsburg,Finn Dahmen,GER,GK,26.0,1998.0,19,19,1710,19.0,19,1.0,84,65,77.4,7.0,6.0,6.0,9,47.4,2,2,0,0,0.0,
GER-Bundesliga,2425,Augsburg,Nediljko Labrović,CRO,GK,24.0,1999.0,15,15,1350,15.0,32,2.13,74,42,56.8,4.0,4.0,7.0,2,13.3,3,3,0,0,0.0,
GER-Bundesliga,2425,Bayern Munich,Daniel Peretz,ISR,GK,24.0,2000.0,3,3,270,3.0,5,1.67,7,2,28.6,2.0,0.0,1.0,0,0.0,0,0,0,0,,
GER-Bundesliga,2425,Bayern Munich,Jonas Urbig,GER,GK,20.0,2003.0,8,8,720,8.0,12,1.5,28,16,57.1,4.0,3.0,1.0,2,25.0,0,0,0,0,,
GER-Bundesliga,2425,Bayern Munich,Manuel Neuer,GER,GK,38.0,1986.0,22,22,1980,22.0,15,0.68,46,30,67.4,18.0,4.0,0.0,13,59.1,2,1,0,1,0.0,
GER-Bundesliga,2425,Bayern Munich,Sven Ulreich,GER,GK,35.0,1988.0,1,1,90,1.0,0,0.0,0,0,,1.0,0.0,0.0,1,100.0,0,0,0,0,,
GER-Bundesliga,2425,Bochum,Patrick Drewes,GER,GK,31.0,1993.0,21,21,1890,21.0,46,2.19,99,53,53.5,3.0,4.0,14.0,3,14.3,5,3,2,0,40.0,
GER-Bundesliga,2425,Bochum,Timo Horn,GER,GK,31.0,1993.0,13,13,1170,13.0,22,1.69,55,33,60.0,3.0,3.0,7.0,3,23.1,1,0,0,1,,
GER-Bundesliga,2425,Dortmund,Alexander Meyer,GER,GK,33.0,1991.0,2,2,180,2.0,4,2.0,11,7,63.6,1.0,0.0,1.0,0,0.0,0,0,0,0,,
GER-Bundesliga,2425,Dortmund,Gregor Kobel,SUI,GK,26.0,1997.0,32,32,2880,32.0,47,1.47,128,84,63.3,16.0,6.0,10.0,7,21.9,4,4,0,0,0.0,
GER-Bundesliga,2425,Frankfurt,Kauã Santos,BRA,GK,21.0,2003.0,9,8,765,8.5,12,1.41,49,37,75.5,5.0,1.0,2.0,3,37.5,1,1,0,0,0.0,
GER-Bundesliga,2425,Frankfurt,Kevin Trapp,GER,GK,34.0,1990.0,26,26,2295,25.5,34,1.33,116,82,70.7,12.0,8.0,6.0,6,23.1,2,0,2,0,100.0,
GER-Bundesliga,2425,Freiburg,Florian Müller,GER,GK,26.0,1997.0,9,8,753,8.4,16,1.91,31,15,48.4,4.0,1.0,3.0,1,12.5,2,2,0,0,0.0,
GER-Bundesliga,2425,Freiburg,Noah Atubolu,GER,GK,22.0,2002.0,26,26,2307,25.6,37,1.44,118,82,68.6,12.0,6.0,8.0,10,38.5,2,0,2,0,100.0,
GER-Bundesliga,2425,Gladbach,Jonas Omlin,SUI,GK,30.0,1994.0,12,11,978,10.9,29,2.67,75,46,61.3,2.0,1.0,8.0,1,9.1,3,2,1,0,33.3,
GER-Bundesliga,2425,Gladbach,Moritz Nicolas,GER,GK,26.0,1997.0,19,19,1639,18.2,25,1.37,93,68,73.1,9.0,4.0,6.0,4,21.1,5,5,0,0,0.0,
GER-Bundesliga,2425,Gladbach,Tiago Cardoso,LUX,GK,18.0,2006.0,5,4,380,4.2,3,0.71,23,20,87.0,2.0,1.0,1.0,2,50.0,0,0,0,0,,
GER-Bundesliga,2425,Gladbach,Tobias Sippel,GER,GK,36.0,1988.0,1,0,59,0.7,3,4.58,4,1,25.0,0.0,0.0,0.0,0,,0,0,0,0,,
GER-Bundesliga,2425,Heidenheim,Frank Feller,GER,GK,20.0,2004.0,2,1,121,1.3,0,0.0,2,2,100.0,1.0,0.0,0.0,2,200.0,0,0,0,0,,
GER-Bundesliga,2425,Heidenheim,Kevin Müller,GER,GK,33.0,1991.0,33,33,2939,32.7,64,1.96,170,106,62.4,7.0,5.0,21.0,8,24.2,6,6,0,0,0.0,
GER-Bundesliga,2425,Hoffenheim,Luca Philipp,GER,GK,23.0,2000.0,6,6,540,6.0,15,2.5,35,20,57.1,1.0,3.0,2.0,0,0.0,1,1,0,0,0.0,
GER-Bundesliga,2425,Hoffenheim,Oliver Baumann,GER,GK,34.0,1990.0,28,28,2520,28.0,53,1.89,137,88,61.3,6.0,8.0,14.0,4,14.3,5,2,3,0,60.0,
GER-Bundesliga,2425,Holstein Kiel,Thomas Dähne,GER,GK,30.0,1994.0,9,9,810,9.0,19,2.11,55,36,65.5,2.0,2.0,5.0,0,0.0,3,2,1,0,33.3,
GER-Bundesliga,2425,Holstein Kiel,Timon Weiner,GER,GK,25.0,1999.0,25,25,2250,25.0,61,2.44,141,82,56.7,4.0,5.0,16.0,2,8.0,4,4,0,0,0.0,
GER-Bundesliga,2425,Leverkusen,Lukáš Hrádecký,FIN,GK,34.0,1989.0,29,29,2610,29.0,38,1.31,123,85,69.1,16.0,11.0,2.0,6,20.7,4,4,0,0,0.0,
GER-Bundesliga,2425,Leverkusen,Matej Kovar,CZE,GK,24.0,2000.0,5,5,450,5.0,5,1.0,17,12,70.6,3.0,1.0,1.0,3,60.0,0,0,0,0,,
GER-Bundesliga,2425,Mainz 05,Lasse Rieß,GER,GK,23.0,2001.0,2,2,180,2.0,2,1.0,8,6,75.0,1.0,1.0,0.0,0,0.0,0,0,0,0,,
GER-Bundesliga,2425,Mainz 05,Robin Zentner,GER,GK,29.0,1994.0,32,32,2880,32.0,41,1.28,142,101,71.1,13.0,9.0,10.0,9,28.1,5,4,1,0,20.0,
GER-Bundesliga,2425,RB Leipzig,Maarten Vandevoordt,BEL,GK,22.0,2002.0,6,4,429,4.8,9,1.89,21,12,57.1,1.0,1.0,2.0,0,0.0,0,0,0,0,,
GER-Bundesliga,2425,RB Leipzig,Péter Gulácsi,HUN,GK,34.0,1990.0,30,30,2631,29.2,39,1.33,136,99,71.3,12.0,11.0,7.0,14,46.7,3,2,1,0,33.3,
GER-Bundesliga,2425,St Pauli,Ben Alexander Voll,GER,GK,23.0,2000.0,2,1,91,1.0,2,1.98,6,4,66.7,0.0,1.0,0.0,0,0.0,0,0,0,0,,
GER-Bundesliga,2425,St Pauli,Nikola Vasilj,BIH,GK,28.0,1995.0,33,33,2969,33.0,39,1.18,132,93,70.5,8.0,7.0,18.0,9,27.3,5,1,4,0,80.0,
GER-Bundesliga,2425,Stuttgart,Alexander Nübel,GER,GK,27.0,1996.0,34,34,3060,34.0,53,1.56,137,84,61.3,14.0,8.0,12.0,7,20.6,3,2,1,0,33.3,
GER-Bundesliga,2425,Union Berlin,Alexander Schwolow,GER,GK,32.0,1992.0,6,6,540,6.0,13,2.17,28,15,53.6,2.0,0.0,4.0,0,0.0,1,1,0,0,0.0,
GER-Bundesliga,2425,Union Berlin,Frederik Rønnow,DEN,GK,31.0,1992.0,28,28,2520,28.0,37,1.32,109,72,66.1,8.0,10.0,10.0,8,28.6,5,1,4,0,80.0,
GER-Bundesliga,2425,Werder Bremen,Michael Zetterer,GER,GK,29.0,1995.0,34,34,3060,34.0,57,1.68,158,103,63.9,14.0,9.0,11.0,10,29.4,3,3,0,0,0.0,
GER-Bundesliga,2425,Wolfsburg,Kamil Grabara,POL,GK,25.0,1999.0,29,29,2585,28.7,49,1.71,137,89,64.2,9.0,7.0,13.0,5,17.2,3,2,1,0,33.3,
GER-Bundesliga,2425,Wolfsburg,Marius Müller,GER,GK,31.0,1993.0,6,5,475,5.3,5,0.95,23,18,78.3,2.0,3.0,0.0,1,20.0,0,0,0,0,,
GER-Bundesliga,2526,Augsburg,Finn Dahmen,GER,GK,27.0,1998.0,34,34,3060,34.0,61,1.79,166,105,63.3,12.0,7.0,15.0,5,14.7,7,6,1,0,14.3,
GER-Bundesliga,2526,Bayern Munich,Jonas Urbig,GER,GK,21.0,2003.0,14,11,1111,12.3,15,1.22,47,32,68.1,9.0,1.0,1.0,6,54.5,2,1,0,1,0.0,
GER-Bundesliga,2526,Bayern Munich,Manuel Neuer,GER,GK,39.0,1986.0,22,22,1859,20.7,20,0.97,51,31,60.8,19.0,3.0,0.0,7,31.8,1,1,0,0,0.0,
GER-Bundesliga,2526,Bayern Munich,Sven Ulreich,GER,GK,36.0,1988.0,1,1,90,1.0,1,1.0,7,6,85.7,0.0,1.0,0.0,0,0.0,0,0,0,0,,
GER-Bundesliga,2526,Dortmund,Gregor Kobel,SUI,GK,27.0,1997.0,34,34,3060,34.0,34,1.0,122,88,72.1,22.0,7.0,5.0,15,44.1,5,5,0,0,0.0,
GER-Bundesliga,2526,Frankfurt,Kauã Santos,BRA,GK,22.0,2003.0,13,13,1084,12.0,32,2.66,69,37,53.6,3.0,4.0,6.0,2,15.4,1,1,0,0,0.0,
GER-Bundesliga,2526,Frankfurt,Michael Zetterer,GER,GK,30.0,1995.0,22,21,1976,22.0,33,1.5,95,62,65.3,8.0,7.0,6.0,6,28.6,2,2,0,0,0.0,
GER-Bundesliga,2526,Freiburg,Noah Atubolu,GER,GK,23.0,2002.0,34,34,3060,34.0,57,1.68,157,100,63.7,13.0,8.0,13.0,6,17.6,1,0,1,0,100.0,
GER-Bundesliga,2526,Gladbach,Moritz Nicolas,GER,GK,27.0,1997.0,34,34,3060,34.0,53,1.56,189,136,72.0,9.0,11.0,14.0,13,38.2,5,5,0,0,0.0,
GER-Bundesliga,2526,Hamburger SV,Daniel Heuer Fernandes,POR,GK,32.0,1992.0,33,33,2970,33.0,53,1.61,158,105,66.5,9.0,10.0,14.0,6,18.2,10,6,2,2,25.0,
GER-Bundesliga,2526,Hamburger SV,Sander Tangvik,NOR,GK,22.0,2002.0,1,1,90,1.0,1,1.0,7,6,85.7,0.0,1.0,0.0,0,0.0,1,0,1,0,100.0,
GER-Bundesliga,2526,Heidenheim,Diant Ramaj,GER,GK,23.0,2001.0,31,31,2790,31.0,67,2.16,167,100,59.9,5.0,8.0,18.0,1,3.2,6,5,0,1,0.0,
GER-Bundesliga,2526,Heidenheim,Frank Feller,GER,GK,21.0,2004.0,3,3,270,3.0,5,1.67,20,15,75.0,1.0,0.0,2.0,0,0.0,0,0,0,0,,
GER-Bundesliga,2526,Hoffenheim,Oliver Baumann,GER,GK,35.0,1990.0,34,34,3060,34.0,52,1.53,150,98,65.3,18.0,7.0,9.0,7,20.6,7,5,0,2,0.0,
GER-Bundesliga,2526,Köln,Marvin Schwäbe,GER,GK,30.0,1995.0,34,34,3060,34.0,63,1.85,155,92,59.4,7.0,11.0,16.0,3,8.8,7,5,2,0,28.6,
GER-Bundesliga,2526,Leverkusen,Janis Blaswich,GER,GK,34.0,1991.0,11,10,931,10.3,9,0.87,50,41,82.0,5.0,4.0,1.0,3,30.0,0,0,0,0,,
GER-Bundesliga,2526,Leverkusen,Mark Flekken,NED,GK,32.0,1993.0,24,24,2129,23.7,38,1.61,117,79,67.5,12.0,4.0,8.0,5,20.8,7,7,0,0,0.0,
GER-Bundesliga,2526,Mainz 05,Daniel Batz,GER,GK,34.0,1991.0,21,21,1890,21.0,27,1.29,97,70,72.2,9.0,7.0,5.0,4,19.0,1,1,0,0,0.0,
GER-Bundesliga,2526,Mainz 05,Lasse Rieß,GER,GK,24.0,2001.0,4,3,292,3.2,12,3.7,27,15,55.6,0.0,0.0,3.0,0,0.0,1,1,0,0,0.0,
GER-Bundesliga,2526,Mainz 05,Robin Zentner,GER,GK,30.0,1994.0,10,10,876,9.7,14,1.44,45,31,68.9,1.0,3.0,6.0,0,0.0,0,0,0,0,,
GER-Bundesliga,2526,RB Leipzig,Maarten Vandevoordt,BEL,GK,23.0,2002.0,12,11,1052,11.7,15,1.28,45,30,66.7,8.0,1.0,2.0,2,18.2,1,0,1,0,100.0,
GER-Bundesliga,2526,RB Leipzig,Péter Gulácsi,HUN,GK,35.0,1990.0,23,23,2008,22.3,32,1.43,85,52,62.4,12.0,4.0,7.0,9,39.1,2,2,0,0,0.0,
GER-Bundesliga,2526,St Pauli,Nikola Vasilj,BIH,GK,29.0,1995.0,34,34,3060,34.0,60,1.76,183,123,67.2,6.0,8.0,20.0,5,14.7,6,3,2,1,40.0,
GER-Bundesliga,2526,Stuttgart,Alexander Nübel,GER,GK,28.0,1996.0,34,34,3060,34.0,49,1.44,157,107,68.8,18.0,8.0,8.0,11,32.4,10,9,1,0,10.0,
GER-Bundesliga,2526,Union Berlin,Carl Klaus,GER,GK,31.0,1994.0,4,3,330,3.7,4,1.09,13,9,69.2,2.0,1.0,0.0,1,33.3,0,0,0,0,,
GER-Bundesliga,2526,Union Berlin,Frederik Rønnow,DEN,GK,32.0,1992.0,30,30,2640,29.3,54,1.84,131,75,58.8,7.0,8.0,15.0,5,16.7,6,6,0,0,0.0,
GER-Bundesliga,2526,Union Berlin,Matheo Raab,GER,GK,26.0,1998.0,1,1,90,1.0,0,0.0,6,6,100.0,1.0,0.0,0.0,1,100.0,0,0,0,0,,
GER-Bundesliga,2526,Werder Bremen,Karl Jakob Hein,EST,GK,23.0,2002.0,2,2,180,2.0,4,2.0,15,11,73.3,1.0,0.0,1.0,1,50.0,1,1,0,0,0.0,
GER-Bundesliga,2526,Werder Bremen,Mio Backhaus,GER,GK,21.0,2004.0,32,32,2880,32.0,56,1.75,156,100,64.1,7.0,8.0,17.0,5,15.6,5,5,0,0,0.0,
GER-Bundesliga,2526,Wolfsburg,Kamil Grabara,POL,GK,26.0,1999.0,34,34,3060,34.0,69,2.03,189,120,63.5,7.0,8.0,19.0,2,5.9,12,7,3,2,30.0,
NED-Eredivisie,2425,AZ Alkmaar,Jeroen Zoet,NED,GK,33.0,1991.0,6,6,540,,3,0.5,13,10,76.9,5.0,0.0,1.0,3,50.0,0,0,0,0,,6.0
NED-Eredivisie,2425,AZ Alkmaar,Rome-Jayden Owusu-Oduro,NED,GK,20.0,2004.0,28,28,2520,,34,1.21,87,53,60.9,11.0,9.0,8.0,9,32.1,3,1,1,1,50.0,28.0
NED-Eredivisie,2425,Ajax,Diant Ramaj,GER,GK,22.0,2001.0,1,1,90,,0,0.0,2,2,100.0,1.0,0.0,0.0,1,100.0,0,0,0,0,,1.0
NED-Eredivisie,2425,Ajax,Matheus,BRA,GK,32.0,1992.0,9,9,810,,9,1.0,24,15,62.5,6.0,2.0,1.0,4,44.4,0,0,0,0,,9.0
NED-Eredivisie,2425,Ajax,Remko Pasveer,NED,GK,40.0,1983.0,24,24,2160,,23,0.96,90,67,74.4,17.0,4.0,3.0,11,45.8,0,0,0,0,,24.0
NED-Eredivisie,2425,Almere City,Jonas Wendlinger,AUT,GK,24.0,2000.0,1,0,10,,0,0.0,0,0,,0.0,0.0,0.0,0,,0,0,0,0,,0.1
NED-Eredivisie,2425,Almere City,Nordin Bakker,NED,GK,26.0,1997.0,34,34,3050,,64,1.89,183,119,65.0,4.0,10.0,20.0,7,20.6,0,0,0,0,,33.9
NED-Eredivisie,2425,Feyenoord,Justin Bijlow,NED,GK,26.0,1998.0,4,4,360,,8,2.0,16,8,50.0,1.0,1.0,2.0,0,0.0,0,0,0,0,,4.0
NED-Eredivisie,2425,Feyenoord,Plamen Andreev,BUL,GK,19.0,2004.0,1,1,90,,2,2.0,4,2,50.0,0.0,0.0,1.0,0,0.0,1,1,0,0,0.0,1.0
NED-Eredivisie,2425,Feyenoord,Timon Wellenreuther,GER,GK,28.0,1995.0,29,29,2610,,28,0.97,98,70,71.4,19.0,7.0,3.0,10,34.5,2,1,1,0,50.0,29.0
NED-Eredivisie,2425,Fortuna Sittard,Luuk Koopmans,NED,GK,30.0,1993.0,6,6,540,,15,2.5,34,19,55.9,1.0,1.0,4.0,0,0.0,2,1,1,0,50.0,6.0
NED-Eredivisie,2425,Fortuna Sittard,Mattijs Branderhorst,NED,GK,30.0,1993.0,28,28,2520,,39,1.39,132,93,70.5,10.0,7.0,11.0,10,35.7,2,2,0,0,0.0,28.0
NED-Eredivisie,2425,Go Ahead Eagles,Jari De Busser,BEL,GK,24.0,1999.0,16,16,1440,,23,1.44,90,67,74.4,7.0,5.0,4.0,5,31.3,1,1,0,0,0.0,16.0
NED-Eredivisie,2425,Go Ahead Eagles,Luca Plogmann,GER,GK,24.0,2000.0,18,18,1620,,32,1.78,81,49,60.5,7.0,4.0,7.0,4,22.2,3,3,0,0,0.0,18.0
NED-Eredivisie,2425,Groningen,Etienne Vaessen,SUR,GK,29.0,1995.0,32,32,2880,,50,1.56,137,92,63.5,10.0,9.0,13.0,7,21.9,6,5,1,0,16.7,32.0
NED-Eredivisie,2425,Groningen,Hidde Jurjus,NED,GK,30.0,1994.0,2,2,180,,3,1.5,7,4,57.1,0.0,0.0,2.0,0,0.0,0,0,0,0,,2.0
NED-Eredivisie,2425,Heerenveen,Andries Noppert,NED,GK,30.0,1994.0,16,16,1365,,24,1.58,68,44,64.7,7.0,1.0,8.0,4,25.0,1,1,0,0,0.0,15.2
NED-Eredivisie,2425,Heerenveen,Mickey van der Hart,NED,GK,30.0,1994.0,19,18,1695,,33,1.75,103,72,68.0,5.0,6.0,7.0,3,16.7,3,3,0,0,0.0,18.8
NED-Eredivisie,2425,Heracles Almelo,Fabian de Keijzer,NED,GK,24.0,2000.0,34,34,3060,,63,1.85,192,129,67.2,9.0,11.0,14.0,6,17.6,6,6,0,0,0.0,34.0
NED-Eredivisie,2425,NAC Breda,Daniel Bielica,POL,GK,25.0,1999.0,32,32,2880,,52,1.62,164,112,68.3,8.0,9.0,15.0,5,15.6,6,6,0,0,0.0,32.0
NED-Eredivisie,2425,NAC Breda,Kostas Lamprou,GRE,GK,32.0,1991.0,1,1,90,,3,3.0,5,2,40.0,0.0,0.0,1.0,0,0.0,0,0,0,0,,1.0
NED-Eredivisie,2425,NAC Breda,Roy Kortsmit,NED,GK,31.0,1992.0,1,1,90,,3,3.0,4,1,25.0,0.0,0.0,1.0,0,0.0,1,1,0,0,0.0,1.0
NED-Eredivisie,2425,NEC Nijmegen,Robin Roefs,NED,GK,21.0,2003.0,32,32,2880,,42,1.31,155,113,72.9,12.0,7.0,13.0,10,31.3,1,1,0,0,0.0,32.0
NED-Eredivisie,2425,NEC Nijmegen,Stijn van Gassel,NED,GK,27.0,1996.0,2,2,180,,4,2.0,15,11,73.3,0.0,0.0,2.0,0,0.0,1,1,0,0,0.0,2.0
NED-Eredivisie,2425,PSV,Joel Drommel,NED,GK,27.0,1996.0,1,0,45,,0,0.0,0,0,,0.0,0.0,0.0,0,,0,0,0,0,,0.5
NED-Eredivisie,2425,PSV,Walter Benítez,ARG,GK,31.0,1993.0,34,34,3015,,39,1.16,104,65,62.5,25.0,4.0,5.0,9,26.5,2,2,0,0,0.0,33.5
NED-Eredivisie,2425,RKC Waalwijk,Jeroen Houwen,NED,GK,28.0,1996.0,24,24,2160,,48,2.0,136,88,64.7,4.0,4.0,16.0,4,16.7,2,2,0,0,0.0,24.0
NED-Eredivisie,2425,RKC Waalwijk,Joey Kesting,NED,GK,23.0,2001.0,3,3,270,,5,1.67,13,8,61.5,0.0,2.0,1.0,0,0.0,3,3,0,0,0.0,3.0
NED-Eredivisie,2425,RKC Waalwijk,Mark Spenkelink,NED,GK,27.0,1997.0,4,4,360,,12,3.0,24,12,50.0,2.0,0.0,2.0,0,0.0,2,2,0,0,0.0,4.0
NED-Eredivisie,2425,RKC Waalwijk,Yanick van Osch,NED,GK,27.0,1997.0,3,3,270,,9,3.0,25,16,64.0,0.0,1.0,2.0,0,0.0,1,1,0,0,0.0,3.0
NED-Eredivisie,2425,Sparta R.,Nick Olij,NED,GK,28.0,1995.0,34,34,3060,,43,1.26,152,109,71.7,9.0,12.0,13.0,6,17.6,5,4,1,0,20.0,34.0
NED-Eredivisie,2425,Twente,Lars Unnerstall,GER,GK,34.0,1990.0,31,31,2790,,39,1.26,103,64,62.1,14.0,9.0,8.0,11,35.5,2,2,0,0,0.0,31.0
NED-Eredivisie,2425,Twente,Przemysław Tytoń,POL,GK,37.0,1987.0,3,3,270,,10,3.33,19,9,47.4,1.0,0.0,2.0,0,0.0,0,0,0,0,,3.0
NED-Eredivisie,2425,Utrecht,Michael Brouwer,NED,GK,31.0,1993.0,3,3,270,,1,0.33,10,9,90.0,2.0,1.0,0.0,2,66.7,1,1,0,0,0.0,3.0
NED-Eredivisie,2425,Utrecht,Vasilios Barkas,GRE,GK,30.0,1994.0,31,31,2790,,44,1.42,143,99,69.2,16.0,9.0,6.0,7,22.6,3,3,0,0,0.0,31.0
NED-Eredivisie,2425,Willem II,Thomas Didillon,FRA,GK,28.0,1995.0,34,34,3060,,56,1.65,184,128,69.6,6.0,8.0,20.0,5,14.7,6,6,0,0,0.0,34.0
NED-Eredivisie,2425,Zwolle,Jasper Schendelaar,NED,GK,23.0,2000.0,30,30,2700,,45,1.5,146,101,69.2,8.0,10.0,12.0,6,20.0,5,3,0,2,0.0,30.0
NED-Eredivisie,2425,Zwolle,Mike Hauptmeijer,NED,GK,27.0,1997.0,4,4,360,,6,1.5,16,10,62.5,2.0,1.0,1.0,0,0.0,1,0,0,1,,4.0
NED-Eredivisie,2526,AZ Alkmaar,Hobie Verhulst,NED,GK,32.0,1993.0,1,1,90,,0,0.0,2,2,100.0,1.0,0.0,0.0,1,100.0,0,0,0,0,,1.0
NED-Eredivisie,2526,AZ Alkmaar,Jeroen Zoet,NED,GK,34.0,1991.0,11,10,919,,15,1.47,46,31,67.4,5.0,2.0,3.0,2,20.0,1,1,0,0,0.0,10.2
NED-Eredivisie,2526,AZ Alkmaar,Rome-Jayden Owusu-Oduro,NED,GK,21.0,2004.0,23,23,2051,,36,1.58,107,71,66.4,8.0,8.0,7.0,6,26.1,3,2,0,1,0.0,22.8
NED-Eredivisie,2526,Ajax,Maarten Paes,IDN,GK,27.0,1998.0,11,11,990,,11,1.0,44,33,75.0,3.0,5.0,3.0,5,45.5,1,1,0,0,0.0,11.0
NED-Eredivisie,2526,Ajax,Remko Pasveer,NED,GK,41.0,1983.0,4,4,360,,7,1.75,22,15,68.2,1.0,1.0,2.0,0,0.0,1,1,0,0,0.0,4.0
NED-Eredivisie,2526,Ajax,Vitezslav Jaros,CZE,GK,24.0,2001.0,19,19,1710,,23,1.21,85,62,72.9,10.0,8.0,1.0,5,26.3,3,3,0,0,0.0,19.0
NED-Eredivisie,2526,Excelsior,Calvin Raatsie,NED,GK,23.0,2002.0,2,2,180,,6,3.0,16,10,62.5,0.0,0.0,2.0,0,0.0,0,0,0,0,,2.0
NED-Eredivisie,2526,Excelsior,Stijn van Gassel,NED,GK,28.0,1996.0,32,32,2819,,46,1.47,163,117,71.8,10.0,8.0,14.0,6,18.8,4,3,0,1,0.0,31.3
NED-Eredivisie,2526,Excelsior,Tijmen Holla,,GK,,,1,0,61,,4,5.9,7,3,42.9,0.0,0.0,0.0,0,,1,1,0,0,0.0,0.7
NED-Eredivisie,2526,Feyenoord,Steven Benda,GER,GK,26.0,1998.0,1,1,90,,0,0.0,0,0,,1.0,0.0,0.0,1,100.0,0,0,0,0,,1.0
NED-Eredivisie,2526,Feyenoord,Timon Wellenreuther,GER,GK,29.0,1995.0,33,33,2970,,44,1.33,133,89,66.9,18.0,8.0,7.0,9,27.3,3,3,0,0,0.0,33.0
NED-Eredivisie,2526,Fortuna Sittard,Luuk Koopmans,NED,GK,31.0,1993.0,10,10,900,,21,2.1,54,33,61.1,3.0,2.0,5.0,0,0.0,0,0,0,0,,10.0
NED-Eredivisie,2526,Fortuna Sittard,Mattijs Branderhorst,NED,GK,31.0,1993.0,24,24,2160,,42,1.75,136,94,69.1,8.0,4.0,12.0,3,12.5,2,1,1,0,50.0,24.0
NED-Eredivisie,2526,Go Ahead Eagles,Jari De Busser,BEL,GK,25.0,1999.0,34,34,3060,,53,1.56,201,148,73.6,8.0,14.0,12.0,9,26.5,3,3,0,0,0.0,34.0
NED-Eredivisie,2526,Groningen,Etienne Vaessen,SUR,GK,30.0,1995.0,29,29,2512,,35,1.25,103,68,66.0,12.0,5.0,12.0,9,31.0,2,2,0,0,0.0,27.9
NED-Eredivisie,2526,Groningen,Hidde Jurjus,NED,GK,31.0,1994.0,7,5,548,,10,1.64,35,25,71.4,2.0,1.0,2.0,2,40.0,1,1,0,0,0.0,6.1
NED-Eredivisie,2526,Heerenveen,Andries Noppert,NED,GK,31.0,1994.0,4,4,360,,7,1.75,18,11,61.1,0.0,2.0,2.0,0,0.0,0,0,0,0,,4.0
NED-Eredivisie,2526,Heerenveen,Bernt Klaverboer,NED,GK,19.0,2005.0,29,29,2610,,44,1.52,161,116,72.7,14.0,6.0,9.0,5,17.2,3,3,0,0,0.0,29.0
NED-Eredivisie,2526,Heerenveen,Nordin Bakker,NED,GK,27.0,1997.0,1,1,90,,2,2.0,3,1,33.3,0.0,1.0,0.0,0,0.0,0,0,0,0,,1.0
NED-Eredivisie,2526,Heracles Almelo,Fabian de Keijzer,NED,GK,25.0,2000.0,8,8,720,,20,2.5,56,36,64.3,1.0,0.0,7.0,1,12.5,0,0,0,0,,8.0
NED-Eredivisie,2526,Heracles Almelo,Remko Pasveer,NED,GK,41.0,1983.0,11,11,990,,27,2.45,81,54,66.7,1.0,2.0,8.0,1,9.1,4,4,0,0,0.0,11.0
NED-Eredivisie,2526,Heracles Almelo,Timo Jansink,NED,GK,22.0,2003.0,15,15,1350,,38,2.53,92,54,58.7,3.0,2.0,10.0,0,0.0,5,4,1,0,20.0,15.0
NED-Eredivisie,2526,NAC Breda,Daniel Bielica,POL,GK,26.0,1999.0,33,33,2970,,55,1.67,173,117,68.2,6.0,10.0,17.0,6,18.2,3,3,0,0,0.0,33.0
NED-Eredivisie,2526,NAC Breda,Kostas Lamprou,GRE,GK,33.0,1991.0,1,1,90,,3,3.0,5,2,40.0,0.0,1.0,0.0,0,0.0,0,0,0,0,,1.0
NED-Eredivisie,2526,NEC Nijmegen,Gonzalo Crettaz,ARG,GK,25.0,2000.0,31,31,2790,,49,1.58,153,103,68.0,14.0,10.0,7.0,4,12.9,5,4,1,0,20.0,31.0
NED-Eredivisie,2526,NEC Nijmegen,Jasper Cillessen,NED,GK,36.0,1989.0,3,3,185,,2,0.97,9,7,77.8,2.0,1.0,0.0,1,33.3,0,0,0,0,,2.1
NED-Eredivisie,2526,NEC Nijmegen,Rijk Janse,NED,GK,23.0,2002.0,1,0,85,,2,2.12,5,3,60.0,0.0,0.0,0.0,0,,0,0,0,0,,0.9
NED-Eredivisie,2526,PSV,Matej Kovar,CZE,GK,25.0,2000.0,31,31,2790,,41,1.32,126,85,67.5,25.0,3.0,3.0,7,22.6,4,3,0,1,0.0,31.0
NED-Eredivisie,2526,PSV,Nick Olij,NED,GK,29.0,1995.0,1,1,90,,1,1.0,4,3,75.0,1.0,0.0,0.0,0,0.0,0,0,0,0,,1.0
NED-Eredivisie,2526,PSV,Niek Schiks,NED,GK,21.0,2004.0,2,2,180,,3,1.5,8,5,62.5,1.0,0.0,1.0,0,0.0,0,0,0,0,,2.0
NED-Eredivisie,2526,Sparta R.,Joel Drommel,NED,GK,28.0,1996.0,34,34,3060,,62,1.82,198,135,68.7,12.0,7.0,15.0,11,32.4,3,1,2,0,66.7,34.0
NED-Eredivisie,2526,Telstar,Daan Reiziger,NED,GK,24.0,2001.0,2,1,102,,2,1.76,12,10,83.3,0.0,1.0,0.0,0,0.0,0,0,0,0,,1.1
NED-Eredivisie,2526,Telstar,Ronald Koeman Jr.,NED,GK,30.0,1995.0,33,33,2958,,53,1.61,196,143,73.0,9.0,9.0,15.0,5,15.2,4,3,0,1,0.0,32.9
NED-Eredivisie,2526,Twente,Lars Unnerstall,GER,GK,35.0,1990.0,31,31,2790,,35,1.13,113,77,69.0,14.0,12.0,5.0,6,19.4,2,1,0,1,0.0,31.0
NED-Eredivisie,2526,Twente,Przemysław Tytoń,POL,GK,38.0,1987.0,3,3,270,,5,1.67,10,5,50.0,1.0,1.0,1.0,2,66.7,1,1,0,0,0.0,3.0
NED-Eredivisie,2526,Utrecht,Michael Brouwer,NED,GK,32.0,1993.0,2,1,135,,3,2.0,7,4,57.1,0.0,0.0,1.0,0,0.0,1,1,0,0,0.0,1.5
NED-Eredivisie,2526,Utrecht,Vasilios Barkas,GRE,GK,31.0,1994.0,33,33,2925,,39,1.2,149,110,73.8,15.0,8.0,10.0,9,27.3,2,0,1,1,100.0,32.5
NED-Eredivisie,2526,Volendam,Kayne van Oevelen,NED,GK,21.0,2003.0,32,32,2850,,51,1.61,200,149,74.5,8.0,7.0,17.0,3,9.4,2,2,0,0,0.0,31.7
NED-Eredivisie,2526,Volendam,Roy Steur,NED,GK,20.0,2005.0,3,2,210,,4,1.71,7,3,42.9,0.0,1.0,1.0,0,0.0,1,1,0,0,0.0,2.3
NED-Eredivisie,2526,Zwolle,Duke Verduin,NED,GK,21.0,2003.0,1,1,90,,2,2.0,8,6,75.0,0.0,0.0,1.0,0,0.0,0,0,0,0,,1.0
NED-Eredivisie,2526,Zwolle,Jasper Schendelaar,NED,GK,24.0,2000.0,2,2,180,,4,2.0,9,5,55.6,0.0,2.0,0.0,0,0.0,1,1,0,0,0.0,2.0
NED-Eredivisie,2526,Zwolle,Tom de Graaff,NED,GK,20.0,2004.0,31,31,2790,,65,2.1,193,127,66.3,9.0,8.0,14.0,6,19.4,2,2,0,0,0.0,31.0
POR-Primeira Liga,2425,AVS Futebol,Guillermo Ochoa,MEX,GK,39.0,1985.0,23,23,2070,,45,1.96,119,74,62.2,4.0,6.0,13.0,6,26.1,1,1,0,0,0.0,23.0
POR-Primeira Liga,2425,AVS Futebol,Simão Bertelli,BRA,GK,31.0,1993.0,11,11,990,,15,1.36,57,42,73.7,1.0,6.0,4.0,2,18.2,3,2,1,0,33.3,11.0
POR-Primeira Liga,2425,Arouca,João Valido,POR,GK,24.0,2000.0,5,5,450,,6,1.2,20,14,70.0,1.0,3.0,1.0,1,20.0,1,1,0,0,0.0,5.0
POR-Primeira Liga,2425,Arouca,Nico Mantl,GER,GK,24.0,2000.0,29,29,2610,,43,1.48,125,82,65.6,8.0,8.0,13.0,7,24.1,8,8,0,0,0.0,29.0
POR-Primeira Liga,2425,Benfica,Anatolii Trubin,UKR,GK,22.0,2001.0,32,32,2880,,28,0.87,100,72,72.0,23.0,5.0,4.0,13,40.6,3,2,1,0,33.3,32.0
POR-Primeira Liga,2425,Benfica,Samuel Soares,POR,GK,22.0,2002.0,2,2,180,,0,0.0,4,4,100.0,2.0,0.0,0.0,2,100.0,1,0,1,0,100.0,2.0
POR-Primeira Liga,2425,Boavista,César,BRA,GK,32.0,1992.0,16,16,1440,,30,1.87,81,51,63.0,1.0,4.0,11.0,2,12.5,3,3,0,0,0.0,16.0
POR-Primeira Liga,2425,Boavista,João Gonçalves,POR,GK,23.0,2000.0,4,4,360,,2,0.5,8,6,75.0,1.0,1.0,2.0,2,50.0,0,0,0,0,,4.0
POR-Primeira Liga,2425,Boavista,Tomáš Vaclík,CZE,GK,35.0,1989.0,12,12,1080,,22,1.83,78,56,71.8,4.0,0.0,8.0,3,25.0,3,3,0,0,0.0,12.0
POR-Primeira Liga,2425,Boavista,Tomé,POR,GK,17.0,2006.0,2,2,180,,5,2.5,11,6,54.5,0.0,1.0,1.0,0,0.0,0,0,0,0,,2.0
POR-Primeira Liga,2425,Braga,Lukáš Horníček,CZE,GK,22.0,2002.0,17,17,1530,,11,0.65,58,47,81.0,10.0,5.0,2.0,8,47.1,1,1,0,0,0.0,17.0
POR-Primeira Liga,2425,Braga,Matheus,BRA,GK,32.0,1992.0,17,17,1530,,19,1.12,66,47,71.2,9.0,4.0,4.0,7,41.2,2,2,0,0,0.0,17.0
POR-Primeira Liga,2425,Casa Pia,Daniel Azevedo,POR,GK,26.0,1998.0,1,1,90,,2,2.0,4,2,50.0,0.0,0.0,1.0,0,0.0,0,0,0,0,,1.0
POR-Primeira Liga,2425,Casa Pia,Patrick Sequeira,CRC,GK,25.0,1999.0,32,32,2880,,41,1.28,158,117,74.1,12.0,9.0,11.0,7,21.9,7,6,0,1,0.0,32.0
POR-Primeira Liga,2425,Casa Pia,Ricardo Batista,POR,GK,37.0,1986.0,1,1,90,,1,1.0,2,1,50.0,0.0,0.0,1.0,0,0.0,1,1,0,0,0.0,1.0
POR-Primeira Liga,2425,Estoril,Daniel Figueira,POR,GK,26.0,1998.0,1,1,90,,4,4.0,7,3,42.9,0.0,0.0,1.0,0,0.0,1,1,0,0,0.0,1.0
POR-Primeira Liga,2425,Estoril,Joel Robles,ESP,GK,34.0,1990.0,29,29,2610,,46,1.59,128,82,64.1,10.0,9.0,10.0,5,17.2,6,5,1,0,16.7,29.0
POR-Primeira Liga,2425,Estoril,Kevin Chamorro,CRC,GK,24.0,2000.0,4,4,360,,3,0.75,12,9,75.0,2.0,1.0,1.0,2,50.0,1,1,0,0,0.0,4.0
POR-Primeira Liga,2425,Estrela,Bruno Brigido,BRA,GK,33.0,1991.0,18,18,1575,,30,1.71,86,56,65.1,4.0,4.0,10.0,2,11.1,2,2,0,0,0.0,17.5
POR-Primeira Liga,2425,Estrela,Francisco Meixedo,POR,GK,23.0,2001.0,1,0,45,,0,0.0,3,3,100.0,0.0,0.0,0.0,1,,0,0,0,0,,0.5
POR-Primeira Liga,2425,Estrela,João Costa,POR,GK,28.0,1996.0,14,14,1260,,17,1.21,55,38,69.1,3.0,3.0,8.0,4,28.6,4,3,1,0,25.0,14.0
POR-Primeira Liga,2425,Estrela,Marko Gudžulić,SRB,GK,22.0,2002.0,2,2,180,,3,1.5,9,6,66.7,0.0,1.0,1.0,1,50.0,1,0,1,0,100.0,2.0
POR-Primeira Liga,2425,Famalicão,Ivan Zlobin,RUS,GK,27.0,1997.0,15,15,1350,,18,1.2,63,45,71.4,4.0,7.0,4.0,5,33.3,1,1,0,0,0.0,15.0
POR-Primeira Liga,2425,Famalicão,Lazar Carević,MNE,GK,25.0,1999.0,18,18,1620,,21,1.17,74,53,71.6,7.0,4.0,7.0,7,38.9,4,3,1,0,25.0,18.0
POR-Primeira Liga,2425,Famalicão,Luiz Lúcio Reis Júnior,BRA,GK,23.0,2001.0,1,1,90,,0,0.0,2,2,100.0,1.0,0.0,0.0,1,100.0,0,0,0,0,,1.0
POR-Primeira Liga,2425,Farense,Kaique,BRA,GK,21.0,2003.0,6,6,540,,6,1.0,21,15,71.4,3.0,0.0,3.0,1,16.7,1,0,1,0,100.0,6.0
POR-Primeira Liga,2425,Farense,Ricardo Velho,POR,GK,25.0,1998.0,28,28,2520,,40,1.43,129,89,69.0,3.0,9.0,16.0,6,21.4,7,6,0,1,0.0,28.0
POR-Primeira Liga,2425,Gil Vicente,Andrew,BRA,GK,23.0,2001.0,33,33,2970,,46,1.39,122,81,62.3,8.0,9.0,16.0,7,21.2,7,6,0,1,0.0,33.0
POR-Primeira Liga,2425,Gil Vicente,Brian Araújo,FRA,GK,24.0,2000.0,1,1,90,,1,1.0,3,2,66.7,0.0,1.0,0.0,0,0.0,0,0,0,0,,1.0
POR-Primeira Liga,2425,Moreirense,Caio Secco,BRA,GK,33.0,1990.0,5,5,447,,8,1.61,23,15,65.2,1.0,3.0,1.0,1,20.0,2,2,0,0,0.0,5.0
POR-Primeira Liga,2425,Moreirense,Kewin,BRA,GK,28.0,1995.0,29,29,2610,,42,1.45,112,72,62.5,9.0,7.0,13.0,6,20.7,3,3,0,0,0.0,29.0
POR-Primeira Liga,2425,Moreirense,Mika,POR,GK,33.0,1991.0,1,0,3,,0,0.0,0,0,,0.0,0.0,0.0,1,,0,0,0,0,,0.0
POR-Primeira Liga,2425,Nacional,Lucas França,BRA,GK,28.0,1996.0,33,33,2925,,46,1.42,150,104,69.3,9.0,7.0,17.0,8,24.2,9,7,0,2,0.0,32.5
POR-Primeira Liga,2425,Nacional,Rui Encarnação,POR,GK,26.0,1998.0,2,1,135,,4,2.67,7,3,42.9,0.0,0.0,1.0,0,0.0,2,2,0,0,0.0,1.5
POR-Primeira Liga,2425,Porto,Cláudio Ramos,POR,GK,32.0,1991.0,2,2,180,,3,1.5,8,5,62.5,1.0,0.0,1.0,0,0.0,1,1,0,0,0.0,2.0
POR-Primeira Liga,2425,Porto,Diogo Costa,POR,GK,24.0,1999.0,32,32,2880,,27,0.84,85,58,68.2,21.0,5.0,6.0,16,50.0,7,5,2,0,28.6,32.0
POR-Primeira Liga,2425,Rio Ave,Cezary Miszta,POL,GK,22.0,2001.0,26,26,2325,,42,1.63,132,90,68.2,7.0,9.0,10.0,3,11.5,3,3,0,0,0.0,25.8
POR-Primeira Liga,2425,Rio Ave,Jhonatan,BRA,GK,33.0,1991.0,8,8,720,,13,1.62,43,30,69.8,2.0,2.0,4.0,2,25.0,0,0,0,0,,8.0
POR-Primeira Liga,2425,Rio Ave,Matheus Teixeira,BRA,GK,25.0,1999.0,1,0,15,,0,0.0,0,0,,0.0,0.0,0.0,0,,0,0,0,0,,0.2
POR-Primeira Liga,2425,Santa Clara,Gabriel Batista,BRA,GK,26.0,1998.0,34,34,3060,,32,0.94,113,81,71.7,17.0,6.0,11.0,11,32.4,6,4,1,1,20.0,34.0
POR-Primeira Liga,2425,Sporting CP,Franco Israel,URU,GK,24.0,2000.0,11,11,990,,9,0.82,25,15,64.0,9.0,2.0,0.0,7,63.6,0,0,0,0,,11.0
POR-Primeira Liga,2425,Sporting CP,Rui Silva,POR,GK,30.0,1994.0,17,17,1530,,13,0.76,34,21,61.8,12.0,5.0,0.0,6,35.3,4,4,0,0,0.0,17.0
POR-Primeira Liga,2425,Sporting CP,Vladan Kovačević,BIH,GK,26.0,1998.0,6,6,540,,5,0.83,16,11,68.8,4.0,0.0,2.0,2,33.3,0,0,0,0,,6.0
POR-Primeira Liga,2425,Vit. Guimarães,Bruno Varela,CPV,GK,29.0,1994.0,34,34,3060,,37,1.09,98,63,62.2,14.0,12.0,8.0,13,38.2,7,5,0,2,0.0,34.0
POR-Primeira Liga,2526,AVS Futebol,Adriel,BRA,GK,24.0,2001.0,16,16,1440,,24,1.5,86,61,72.1,3.0,7.0,6.0,4,25.0,0,0,0,0,,16.0
POR-Primeira Liga,2526,AVS Futebol,João Gonçalves,POR,GK,24.0,2000.0,6,6,540,,17,2.83,40,23,57.5,0.0,2.0,4.0,0,0.0,4,3,0,1,0.0,6.0
POR-Primeira Liga,2526,AVS Futebol,Pedro Trigueira,POR,GK,37.0,1988.0,1,0,8,,0,0.0,0,0,,0.0,0.0,0.0,1,,0,0,0,0,,0.1
POR-Primeira Liga,2526,AVS Futebol,Simão Bertelli,BRA,GK,32.0,1993.0,12,12,1072,,26,2.18,58,32,55.2,0.0,3.0,9.0,1,8.3,3,3,0,0,0.0,11.9
POR-Primeira Liga,2526,Alverca,André Gomes,POR,GK,20.0,2004.0,25,25,2250,,41,1.64,111,70,63.1,7.0,8.0,10.0,6,24.0,6,4,1,1,20.0,25.0
POR-Primeira Liga,2526,Alverca,Matheus Mendes,BRA,GK,26.0,1999.0,9,9,810,,11,1.22,38,27,71.1,3.0,1.0,5.0,0,0.0,0,0,0,0,,9.0
POR-Primeira Liga,2526,Arouca,Ignacio De Arruabarrena,URU,GK,28.0,1997.0,16,16,1440,,21,1.31,60,39,65.0,9.0,1.0,6.0,5,31.3,2,2,0,0,0.0,16.0
POR-Primeira Liga,2526,Arouca,Jakub Vinarcik,SVK,GK,20.0,2005.0,1,1,90,,1,1.0,2,1,50.0,0.0,0.0,1.0,0,0.0,0,0,0,0,,1.0
POR-Primeira Liga,2526,Arouca,João Valido,POR,GK,25.0,2000.0,9,9,810,,24,2.67,48,24,50.0,2.0,3.0,4.0,0,0.0,6,5,1,0,16.7,9.0
POR-Primeira Liga,2526,Arouca,Nico Mantl,GER,GK,25.0,2000.0,8,8,720,,18,2.25,44,26,59.1,1.0,2.0,5.0,2,25.0,1,0,0,1,,8.0
POR-Primeira Liga,2526,Benfica,Anatolii Trubin,UKR,GK,23.0,2001.0,32,32,2880,,24,0.75,96,72,75.0,21.0,11.0,0.0,13,40.6,4,2,2,0,50.0,32.0
POR-Primeira Liga,2526,Benfica,Samuel Soares,POR,GK,23.0,2002.0,2,2,180,,1,0.5,11,10,90.9,2.0,0.0,0.0,1,50.0,0,0,0,0,,2.0
POR-Primeira Liga,2526,Braga,João Carvalho,POR,GK,21.0,2004.0,1,0,11,,1,8.18,2,1,50.0,,,,0,,0,0,0,0,,0.1
POR-Primeira Liga,2526,Braga,Lukáš Horníček,CZE,GK,23.0,2002.0,33,33,2959,,33,1.0,105,72,68.6,16.0,11.0,6.0,12,36.4,6,3,2,1,40.0,32.9
POR-Primeira Liga,2526,Braga,Tiago Sá,POR,GK,30.0,1995.0,1,1,90,,2,2.0,3,1,33.3,0.0,0.0,1.0,0,0.0,0,0,0,0,,1.0
POR-Primeira Liga,2526,Casa Pia,Daniel Azevedo,POR,GK,27.0,1998.0,3,2,218,,7,2.89,14,7,50.0,0.0,1.0,1.0,0,0.0,1,1,0,0,0.0,2.4
POR-Primeira Liga,2526,Casa Pia,Patrick Sequeira,CRC,GK,26.0,1999.0,29,29,2526,,47,1.67,127,79,63.0,5.0,10.0,14.0,7,24.1,10,9,0,1,0.0,28.1
POR-Primeira Liga,2526,Casa Pia,Ricardo Batista,POR,GK,38.0,1986.0,4,3,316,,5,1.42,14,9,64.3,1.0,1.0,1.0,0,0.0,1,1,0,0,0.0,3.5
POR-Primeira Liga,2526,Estoril,Joel Robles,ESP,GK,35.0,1990.0,31,31,2790,,54,1.74,137,83,60.6,10.0,8.0,13.0,5,16.1,7,7,0,0,0.0,31.0
POR-Primeira Liga,2526,Estoril,Martin Turk,SVN,GK,21.0,2003.0,3,3,270,,3,1.0,12,9,75.0,0.0,1.0,2.0,0,0.0,1,1,0,0,0.0,3.0
POR-Primeira Liga,2526,Estrela,David Grilo,POR,GK,28.0,1996.0,1,1,90,,2,2.0,4,2,50.0,0.0,0.0,1.0,0,0.0,1,1,0,0,0.0,1.0
POR-Primeira Liga,2526,Estrela,Renan Ribeiro,BRA,GK,35.0,1990.0,33,33,2970,,54,1.64,149,95,63.8,6.0,12.0,15.0,8,24.2,11,9,2,0,18.2,33.0
POR-Primeira Liga,2526,Famalicão,Lazar Carević,MNE,GK,26.0,1999.0,34,34,3060,,29,0.85,124,93,76.6,15.0,11.0,8.0,17,50.0,7,6,1,0,14.3,34.0
POR-Primeira Liga,2526,Gil Vicente,Andrew,BRA,GK,24.0,2001.0,17,17,1495,,12,0.72,54,42,77.8,7.0,7.0,3.0,9,52.9,4,2,2,0,50.0,16.6
POR-Primeira Liga,2526,Gil Vicente,Daniel Figueira,POR,GK,27.0,1998.0,10,9,841,,14,1.5,41,27,65.9,3.0,2.0,4.0,3,33.3,3,2,1,0,33.3,9.3
POR-Primeira Liga,2526,Gil Vicente,Lucão,BRA,GK,24.0,2001.0,8,8,720,,12,1.5,26,14,53.8,3.0,2.0,3.0,1,12.5,0,0,0,0,,8.0
POR-Primeira Liga,2526,Moreirense,André Ferreira,POR,GK,29.0,1996.0,22,22,1980,,37,1.68,110,73,66.4,4.0,6.0,12.0,4,18.2,8,7,1,0,12.5,22.0
POR-Primeira Liga,2526,Moreirense,Caio Secco,BRA,GK,34.0,1990.0,11,11,990,,12,1.09,40,28,70.0,8.0,0.0,3.0,4,36.4,5,5,0,0,0.0,11.0
POR-Primeira Liga,2526,Moreirense,Mika,POR,GK,34.0,1991.0,1,1,90,,0,0.0,0,0,,0.0,1.0,0.0,1,100.0,0,0,0,0,,1.0
POR-Primeira Liga,2526,Nacional,Kaique,BRA,GK,22.0,2003.0,28,28,2520,,35,1.25,119,84,70.6,8.0,6.0,14.0,7,25.0,8,3,4,1,57.1,28.0
POR-Primeira Liga,2526,Nacional,Lucas França,BRA,GK,29.0,1996.0,6,6,540,,10,1.67,28,18,64.3,1.0,1.0,4.0,1,16.7,1,1,0,0,0.0,6.0
POR-Primeira Liga,2526,Porto,Cláudio Ramos,POR,GK,33.0,1991.0,2,1,135,,3,2.0,6,3,50.0,0.0,0.0,1.0,1,100.0,0,0,0,0,,1.5
POR-Primeira Liga,2526,Porto,Diogo Costa,POR,GK,25.0,1999.0,33,33,2906,,15,0.46,74,59,79.7,28.0,4.0,1.0,21,63.6,2,1,1,0,50.0,32.3
POR-Primeira Liga,2526,Porto,João Costa,POR,GK,29.0,1996.0,1,0,19,,0,0.0,0,0,,0.0,0.0,0.0,1,,0,0,0,0,,0.2
POR-Primeira Liga,2526,Rio Ave,Cezary Miszta,POL,GK,23.0,2001.0,21,21,1890,,38,1.81,115,77,67.0,4.0,9.0,8.0,3,14.3,3,3,0,0,0.0,21.0
POR-Primeira Liga,2526,Rio Ave,Ennio van der Gouw,NED,GK,24.0,2001.0,10,10,900,,11,1.1,40,29,72.5,4.0,2.0,4.0,3,30.0,0,0,0,0,,10.0
POR-Primeira Liga,2526,Rio Ave,Kevin Chamorro,CRC,GK,25.0,2000.0,3,3,270,,8,2.67,17,9,52.9,0.0,1.0,2.0,0,0.0,0,0,0,0,,3.0
POR-Primeira Liga,2526,Santa Clara,Gabriel Batista,BRA,GK,27.0,1998.0,32,32,2880,,40,1.25,114,74,64.9,8.0,9.0,15.0,9,28.1,7,6,1,0,14.3,32.0
POR-Primeira Liga,2526,Santa Clara,João Afonso,POR,GK,18.0,2007.0,2,2,180,,1,0.5,8,7,87.5,1.0,0.0,1.0,1,50.0,0,0,0,0,,2.0
POR-Primeira Liga,2526,Sporting CP,João Virgínia,POR,GK,25.0,1999.0,2,2,180,,1,0.5,4,3,75.0,2.0,0.0,0.0,1,50.0,0,0,0,0,,2.0
POR-Primeira Liga,2526,Sporting CP,Rui Silva,POR,GK,31.0,1994.0,32,32,2880,,23,0.72,97,74,76.3,23.0,7.0,2.0,14,43.8,5,4,1,0,20.0,32.0
POR-Primeira Liga,2526,Tondela,Bernardo Fontes,BRA,GK,23.0,2002.0,34,34,3060,,55,1.62,169,113,67.5,6.0,10.0,18.0,7,20.6,10,8,1,1,11.1,34.0
POR-Primeira Liga,2526,Vit. Guimarães,Charles,BRA,GK,31.0,1994.0,19,19,1710,,32,1.68,94,62,66.0,6.0,3.0,10.0,4,21.1,2,2,0,0,0.0,19.0
POR-Primeira Liga,2526,Vit. Guimarães,Juan Castillo,COL,GK,22.0,2003.0,15,15,1350,,19,1.27,63,44,69.8,6.0,3.0,6.0,6,40.0,3,2,0,1,0.0,15.0
