league,season,team,player,nation,pos,age,born,90s,goals_ga,goals_pka,goals_fk,goals_ck,goals_og,expected_psxg,expected_psxg_sot,expected_psxg_plusminus,expected_90,launched_cmp,launched_att,launched_cmp_pct,passes_att_gk,passes_thr,passes_launch_pct,passes_avglen,goal_kicks_att,goal_kicks_launch_pct,goal_kicks_avglen,crosses_opp,crosses_stp,crosses_stp_pct,sweeper_opa,sweeper_opa_90,sweeper_avgdist
INT-World Cup,2026,Algeria,Luca Zidane,Algeria,GK,28,1998,3.0,6,0,,,,,,,,,,,,,,,,,,,,,,,
INT-World Cup,2026,Algeria,Oussama Benbot,Algeria,GK,31,1994,1.0,3,0,,,,,,,,,,,,,,,,,,,,,,,
INT-World Cup,2026,Argentina,Emiliano Martínez,Argentina,GK,33,1992,9.0,8,0,,,,,,,,,,,,,,,,,,,,,,,
INT-World Cup,2026,Australia,Mathew Ryan,Australia,GK,34,1992,0.0,0,0,,,,,,,,,,,,,,,,,,,,,,,
INT-World Cup,2026,Australia,Patrick Beach,Australia,GK,22,2003,4.3,3,0,,,,,,,,,,,,,,,,,,,,,,,
INT-World Cup,2026,Austria,Alexander Schlager,Austria,GK,30,1996,4.0,9,0,,,,,,,,,,,,,,,,,,,,,,,
INT-World Cup,2026,Belgium,Senne Lammens,Belgium,GK,23,2002,0.2,1,0,,,,,,,,,,,,,,,,,,,,,,,
INT-World Cup,2026,Belgium,Thibaut Courtois,Belgium,GK,34,1992,6.1,6,0,,,,,,,,,,,,,,,,,,,,,,,
INT-World Cup,2026,Bosnia–Herz,Nikola Vasilj,Bosnia–Herz,GK,30,1995,4.0,8,1,,,,,,,,,,,,,,,,,,,,,,,
INT-World Cup,2026,Brazil,Alisson,Brazil,GK,33,1992,5.0,4,0,,,,,,,,,,,,,,,,,,,,,,,
INT-World Cup,2026,Cabo Verde,Vozinha,Cabo Verde,GK,40,1986,4.3,5,0,,,,,,,,,,,,,,,,,,,,,,,
INT-World Cup,2026,Canada,Maxime Crépeau,Canada,GK,32,1994,5.0,6,0,,,,,,,,,,,,,,,,,,,,,,,
INT-World Cup,2026,Colombia,Camilo Vargas,Colombia,GK,37,1989,5.3,1,0,,,,,,,,,,,,,,,,,,,,,,,
INT-World Cup,2026,Congo DR,Lionel Mpasi,Congo DR,GK,31,1994,4.0,5,0,,,,,,,,,,,,,,,,,,,,,,,
INT-World Cup,2026,Croatia,Dominik Livaković,Croatia,GK,31,1995,4.0,7,2,,,,,,,,,,,,,,,,,,,,,,,
INT-World Cup,2026,Curaçao,Eloy Room,Curaçao,GK,37,1989,3.0,9,1,,,,,,,,,,,,,,,,,,,,,,,
INT-World Cup,2026,Czechia,Matej Kovar,Czechia,GK,26,2000,3.0,6,1,,,,,,,,,,,,,,,,,,,,,,,
INT-World Cup,2026,Côte d'Ivoire,Yahia Fofana,Côte d'Ivoire,GK,25,2000,4.0,4,0,,,,,,,,,,,,,,,,,,,,,,,
INT-World Cup,2026,Ecuador,Hernán Galíndez,Ecuador,GK,39,1987,4.0,4,0,,,,,,,,,,,,,,,,,,,,,,,
INT-World Cup,2026,Egypt,Mostafa Shobeir,Egypt,GK,26,2000,5.3,7,0,,,,,,,,,,,,,,,,,,,,,,,
INT-World Cup,2026,England,Dean Henderson,England,GK,29,1997,1.0,4,0,,,,,,,,,,,,,,,,,,,,,,,
INT-World Cup,2026,England,Jordan Pickford,England,GK,32,1994,7.3,8,1,,,,,,,,,,,,,,,,,,,,,,,
INT-World Cup,2026,France,Mike Maignan,France,GK,30,1995,8.0,10,2,,,,,,,,,,,,,,,,,,,,,,,
INT-World Cup,2026,Germany,Manuel Neuer,Germany,GK,40,1986,4.3,5,0,,,,,,,,,,,,,,,,,,,,,,,
INT-World Cup,2026,Ghana,Benjamin Asare,Ghana,GK,33,1992,2.5,2,0,,,,,,,,,,,,,,,,,,,,,,,
INT-World Cup,2026,Ghana,Lawrence Ati-Zigi,Ghana,GK,29,1996,1.5,1,0,,,,,,,,,,,,,,,,,,,,,,,
INT-World Cup,2026,Haiti,Johny Placide,Haiti,GK,38,1988,3.0,8,0,,,,,,,,,,,,,,,,,,,,,,,
INT-World Cup,2026,IR Iran,Alireza Beiranvand,IR Iran,GK,33,1992,3.0,3,0,,,,,,,,,,,,,,,,,,,,,,,
INT-World Cup,2026,Iraq,Ahmed Basil,Iraq,GK,29,1996,1.5,4,0,,,,,,,,,,,,,,,,,,,,,,,
INT-World Cup,2026,Iraq,Jalal Hassan,Iraq,GK,35,1991,1.5,8,0,,,,,,,,,,,,,,,,,,,,,,,
INT-World Cup,2026,Japan,Zion Suzuki,Japan,GK,23,2002,4.0,5,0,,,,,,,,,,,,,,,,,,,,,,,
INT-World Cup,2026,Jordan,Yazeed Abulaila,Jordan,GK,33,1993,3.0,8,2,,,,,,,,,,,,,,,,,,,,,,,
INT-World Cup,2026,Korea Republic,Kim Seung-gyu,Korea Republic,GK,35,1990,3.0,3,0,,,,,,,,,,,,,,,,,,,,,,,
INT-World Cup,2026,Mexico,Guillermo Ochoa,Mexico,GK,40,1985,0.1,0,0,,,,,,,,,,,,,,,,,,,,,,,
INT-World Cup,2026,Mexico,Raúl Rangel,Mexico,GK,26,2000,4.9,3,1,,,,,,,,,,,,,,,,,,,,,,,
INT-World Cup,2026,Morocco,Yassine Bounou,Morocco,GK,35,1991,6.3,6,0,,,,,,,,,,,,,,,,,,,,,,,
INT-World Cup,2026,Netherlands,Bart Verbruggen,Netherlands,GK,23,2002,4.3,5,0,,,,,,,,,,,,,,,,,,,,,,,
INT-World Cup,2026,New Zealand,Max Crocombe,New Zealand,GK,32,1993,3.0,10,0,,,,,,,,,,,,,,,,,,,,,,,
INT-World Cup,2026,Norway,Egil Selvik,Norway,GK,28,1997,1.0,4,0,,,,,,,,,,,,,,,,,,,,,,,
INT-World Cup,2026,Norway,Ørjan Nyland,Norway,GK,35,1990,5.3,7,1,,,,,,,,,,,,,,,,,,,,,,,
INT-World Cup,2026,Panama,Orlando Mosquera,Panama,GK,31,1994,3.0,4,0,,,,,,,,,,,,,,,,,,,,,,,
INT-World Cup,2026,Paraguay,Orlando Gill,Paraguay,GK,26,2000,5.3,6,1,,,,,,,,,,,,,,,,,,,,,,,
INT-World Cup,2026,Portugal,Diogo Costa,Portugal,GK,26,1999,5.0,3,0,,,,,,,,,,,,,,,,,,,,,,,
INT-World Cup,2026,Qatar,Mahmoud Abunada,Qatar,GK,26,2000,3.0,10,1,,,,,,,,,,,,,,,,,,,,,,,
INT-World Cup,2026,Saudi Arabia,Mohammed Al-Owais,Saudi Arabia,GK,34,1991,3.0,5,0,,,,,,,,,,,,,,,,,,,,,,,
INT-World Cup,2026,Scotland,Angus Gunn,Scotland,GK,30,1996,3.0,4,0,,,,,,,,,,,,,,,,,,,,,,,
INT-World Cup,2026,Senegal,Mory Diaw,Senegal,GK,32,1993,2.6,3,1,,,,,,,,,,,,,,,,,,,,,,,
INT-World Cup,2026,Senegal,Édouard Mendy,Senegal,GK,34,1992,1.7,6,0,,,,,,,,,,,,,,,,,,,,,,,
INT-World Cup,2026,South Africa,Ronwen Williams,South Africa,GK,34,1992,4.0,4,0,,,,,,,,,,,,,,,,,,,,,,,
INT-World Cup,2026,Spain,Unai Simón,Spain,GK,29,1997,8.3,1,0,,,,,,,,,,,,,,,,,,,,,,,
INT-World Cup,2026,Sweden,Jacob Widell Zetterström,Sweden,GK,27,1998,2.0,4,0,,,,,,,,,,,,,,,,,,,,,,,
INT-World Cup,2026,Sweden,Kristoffer Nordfeldt,Sweden,GK,36,1989,2.0,6,0,,,,,,,,,,,,,,,,,,,,,,,
INT-World Cup,2026,Switzerland,Gregor Kobel,Switzerland,GK,28,1997,6.7,6,0,,,,,,,,,,,,,,,,,,,,,,,
INT-World Cup,2026,Tunisia,Aymen Dahmen,Tunisia,GK,29,1997,2.0,7,0,,,,,,,,,,,,,,,,,,,,,,,
INT-World Cup,2026,Tunisia,Mouhib Chamakh,Tunisia,GK,24,2001,1.0,5,0,,,,,,,,,,,,,,,,,,,,,,,
INT-World Cup,2026,Türkiye,Uğurcan Çakır,Türkiye,GK,30,1996,3.0,5,0,,,,,,,,,,,,,,,,,,,,,,,
INT-World Cup,2026,USA,Matt Freese,USA,GK,27,1998,4.0,5,0,,,,,,,,,,,,,,,,,,,,,,,
INT-World Cup,2026,USA,Matt Turner,USA,GK,31,1994,1.0,3,0,,,,,,,,,,,,,,,,,,,,,,,
INT-World Cup,2026,Uruguay,Fernando Muslera,Uruguay,GK,39,1986,2.5,4,0,,,,,,,,,,,,,,,,,,,,,,,
INT-World Cup,2026,Uruguay,Sergio Rochet,Uruguay,GK,33,1993,0.5,0,0,,,,,,,,,,,,,,,,,,,,,,,
INT-World Cup,2026,Uzbekistan,Abduvohid Nematov,Uzbekistan,GK,25,2001,2.0,8,1,,,,,,,,,,,,,,,,,,,,,,,
INT-World Cup,2026,Uzbekistan,Utkir Yusupov,Uzbekistan,GK,35,1991,1.0,3,0,,,,,,,,,,,,,,,,,,,,,,,
