league,season,team,player,nation,pos,age,born,90s,total_cmp,total_att,total_cmp_pct,total_totdist,total_prgdist,short_cmp,short_att,short_cmp_pct,medium_cmp,medium_att,medium_cmp_pct,long_cmp,long_att,long_cmp_pct,ast,a_xag,kp,1_3,ppa,crspa
INT-World Cup,2026,Algeria,Adil Boulbina,Algeria,FW,23,2003,0.2,,,,,,,,,,,,,,,0,,,,,
INT-World Cup,2026,Algeria,Amine Gouiri,Algeria,FW,26,2000,2.8,,,,,,,,,,,,,,,0,,,,,
INT-World Cup,2026,Algeria,Anis Hadj Moussa,Algeria,MF,24,2002,1.1,,,,,,,,,,,,,,,0,,,,,
INT-World Cup,2026,Algeria,Aïssa Mandi,Algeria,DF,34,1991,4.0,,,,,,,,,,,,,,,0,,,,,
INT-World Cup,2026,Algeria,Fares Chaïbi,Algeria,MF,23,2002,4.0,,,,,,,,,,,,,,,0,,,,,
INT-World Cup,2026,Algeria,Farés Ghedjemis,Algeria,"FW,MF",23,2002,0.0,,,,,,,,,,,,,,,0,,,,,
INT-World Cup,2026,Algeria,Hicham Boudaoui,Algeria,MF,26,1999,1.4,,,,,,,,,,,,,,,0,,,,,
INT-World Cup,2026,Algeria,Houssem Aouar,Algeria,MF,27,1998,1.9,,,,,,,,,,,,,,,2,,,,,
INT-World Cup,2026,Algeria,Ibrahim Maza,Algeria,"MF,FW",20,2005,3.9,,,,,,,,,,,,,,,0,,,,,
INT-World Cup,2026,Algeria,Jaouen Hadjam,Algeria,DF,23,2003,1.2,,,,,,,,,,,,,,,0,,,,,
INT-World Cup,2026,Algeria,Luca Zidane,Algeria,GK,28,1998,3.0,,,,,,,,,,,,,,,0,,,,,
INT-World Cup,2026,Algeria,Mohamed Amoura,Algeria,"FW,MF",26,2000,0.3,,,,,,,,,,,,,,,0,,,,,
INT-World Cup,2026,Algeria,Nabil Bentaleb,Algeria,MF,31,1994,3.2,,,,,,,,,,,,,,,0,,,,,
INT-World Cup,2026,Algeria,Nadhir Benbouali,Algeria,FW,26,2000,0.5,,,,,,,,,,,,,,,0,,,,,
INT-World Cup,2026,Algeria,Oussama Benbot,Algeria,GK,31,1994,1.0,,,,,,,,,,,,,,,0,,,,,
INT-World Cup,2026,Algeria,Rafik Belghali,Algeria,DF,24,2002,3.7,,,,,,,,,,,,,,,0,,,,,
INT-World Cup,2026,Algeria,Ramiz Zerrouki,Algeria,MF,28,1998,1.2,,,,,,,,,,,,,,,0,,,,,
INT-World Cup,2026,Algeria,Ramy Bensebaini,Algeria,DF,31,1995,4.0,,,,,,,,,,,,,,,0,,,,,
INT-World Cup,2026,Algeria,Rayan Aït-Nouri,Algeria,DF,25,2001,3.2,,,,,,,,,,,,,,,0,,,,,
INT-World Cup,2026,Algeria,Riyad Mahrez,Algeria,MF,35,1991,2.9,,,,,,,,,,,,,,,1,,,,,
INT-World Cup,2026,Algeria,Samir Chergui,Algeria,DF,27,1999,0.2,,,,,,,,,,,,,,,0,,,,,
INT-World Cup,2026,Algeria,Zineddine Belaïd,Algeria,DF,27,1999,0.3,,,,,,,,,,,,,,,0,,,,,
INT-World Cup,2026,Argentina,Alexis Mac Allister,Argentina,MF,27,1998,8.3,,,,,,,,,,,,,,,1,,,,,
INT-World Cup,2026,Argentina,Cristian Romero,Argentina,DF,28,1998,6.8,,,,,,,,,,,,,,,0,,,,,
INT-World Cup,2026,Argentina,Emiliano Martínez,Argentina,GK,33,1992,9.0,,,,,,,,,,,,,,,0,,,,,
INT-World Cup,2026,Argentina,Enzo Fernández,Argentina,MF,25,2001,7.3,,,,,,,,,,,,,,,0,,,,,
INT-World Cup,2026,Argentina,Exequiel Palacios,Argentina,DF,27,1998,1.0,,,,,,,,,,,,,,,0,,,,,
INT-World Cup,2026,Argentina,Facundo Medina,Argentina,DF,27,1999,3.4,,,,,,,,,,,,,,,1,,,,,
INT-World Cup,2026,Argentina,Flaco López,Argentina,FW,25,2000,0.2,,,,,,,,,,,,,,,1,,,,,
INT-World Cup,2026,Argentina,Giovani Lo Celso,Argentina,MF,30,1996,0.7,,,,,,,,,,,,,,,0,,,,,
INT-World Cup,2026,Argentina,Giuliano Simeone,Argentina,FW,23,2002,2.1,,,,,,,,,,,,,,,0,,,,,
INT-World Cup,2026,Argentina,Gonzalo Montiel,Argentina,DF,29,1997,2.1,,,,,,,,,,,,,,,1,,,,,
INT-World Cup,2026,Argentina,Julián Álvarez,Argentina,FW,26,2000,6.7,,,,,,,,,,,,,,,0,,,,,
INT-World Cup,2026,Argentina,Lautaro Martínez,Argentina,FW,28,1997,3.4,,,,,,,,,,,,,,,1,,,,,
INT-World Cup,2026,Argentina,Leandro Paredes,Argentina,MF,31,1994,5.3,,,,,,,,,,,,,,,0,,,,,
INT-World Cup,2026,Argentina,Lionel Messi,Argentina,FW,38,1987,8.2,,,,,,,,,,,,,,,4,,,,,
INT-World Cup,2026,Argentina,Lisandro Martínez,Argentina,DF,28,1998,6.9,,,,,,,,,,,,,,,1,,,,,
INT-World Cup,2026,Argentina,Marcos Senesi,Argentina,DF,29,1997,1.2,,,,,,,,,,,,,,,0,,,,,
INT-World Cup,2026,Argentina,Nahuel Molina,Argentina,DF,28,1998,5.9,,,,,,,,,,,,,,,0,,,,,
INT-World Cup,2026,Argentina,Nicolás González,Argentina,MF,28,1998,2.9,,,,,,,,,,,,,,,1,,,,,
INT-World Cup,2026,Argentina,Nicolás Otamendi,Argentina,DF,38,1988,2.7,,,,,,,,,,,,,,,0,,,,,
INT-World Cup,2026,Argentina,Nicolás Paz,Argentina,MF,21,2004,0.8,,,,,,,,,,,,,,,0,,,,,
INT-World Cup,2026,Argentina,Nicolás Tagliafico,Argentina,DF,33,1992,5.3,,,,,,,,,,,,,,,0,,,,,
INT-World Cup,2026,Argentina,Rodrigo De Paul,Argentina,MF,32,1994,5.5,,,,,,,,,,,,,,,1,,,,,
INT-World Cup,2026,Argentina,Thiago Almada,Argentina,MF,25,2001,2.7,,,,,,,,,,,,,,,0,,,,,
INT-World Cup,2026,Argentina,Valentín Barco,Argentina,"DF,MF",21,2004,0.2,,,,,,,,,,,,,,,0,,,,,
INT-World Cup,2026,Australia,Aiden O'Neill,Australia,MF,27,1998,4.0,,,,,,,,,,,,,,,0,,,,,
INT-World Cup,2026,Australia,Ajdin Hrustic,Australia,MF,29,1996,0.9,,,,,,,,,,,,,,,0,,,,,
INT-World Cup,2026,Australia,Alessandro Circati,Australia,DF,22,2003,4.3,,,,,,,,,,,,,,,0,,,,,
INT-World Cup,2026,Australia,Awer Mabil,Australia,"FW,MF",30,1995,0.3,,,,,,,,,,,,,,,0,,,,,
INT-World Cup,2026,Australia,Aziz Behich,Australia,MF,35,1990,2.4,,,,,,,,,,,,,,,0,,,,,
INT-World Cup,2026,Australia,Cameron Burgess,Australia,DF,30,1995,1.5,,,,,,,,,,,,,,,0,,,,,
INT-World Cup,2026,Australia,Connor Metcalfe,Australia,MF,26,1999,3.5,,,,,,,,,,,,,,,0,,,,,
INT-World Cup,2026,Australia,Cristian Volpato,Australia,MF,22,2003,1.8,,,,,,,,,,,,,,,0,,,,,
INT-World Cup,2026,Australia,Harry Souttar,Australia,DF,27,1998,4.3,,,,,,,,,,,,,,,0,,,,,
INT-World Cup,2026,Australia,Jackson Irvine,Australia,MF,33,1993,2.5,,,,,,,,,,,,,,,0,,,,,
INT-World Cup,2026,Australia,Jacob Italiano,Australia,DF,24,2001,1.8,,,,,,,,,,,,,,,0,,,,,
INT-World Cup,2026,Australia,Jason Geria,Australia,DF,33,1993,0.7,,,,,,,,,,,,,,,0,,,,,
INT-World Cup,2026,Australia,Jordy Bos,Australia,"MF,DF",23,2002,3.4,,,,,,,,,,,,,,,0,,,,,
INT-World Cup,2026,Australia,Kai Trewin,Australia,"DF,MF",25,2001,0.8,,,,,,,,,,,,,,,0,,,,,
INT-World Cup,2026,Australia,Lucas Herrington,Australia,DF,18,2007,2.3,,,,,,,,,,,,,,,0,,,,,
INT-World Cup,2026,Australia,Mathew Leckie,Australia,MF,35,1991,0.7,,,,,,,,,,,,,,,0,,,,,
INT-World Cup,2026,Australia,Mathew Ryan,Australia,GK,34,1992,0.0,,,,,,,,,,,,,,,0,,,,,
INT-World Cup,2026,Australia,Mo Touré,Australia,FW,22,2004,1.8,,,,,,,,,,,,,,,0,,,,,
INT-World Cup,2026,Australia,Nestory Irankunda,Australia,"FW,MF",20,2006,2.9,,,,,,,,,,,,,,,0,,,,,
INT-World Cup,2026,Australia,Nishan Velupillay,Australia,MF,25,2001,0.8,,,,,,,,,,,,,,,0,,,,,
INT-World Cup,2026,Australia,Patrick Beach,Australia,GK,22,2003,4.3,,,,,,,,,,,,,,,0,,,,,
INT-World Cup,2026,Australia,Paul Okon-Engstler,Australia,MF,21,2005,2.2,,,,,,,,,,,,,,,1,,,,,
INT-World Cup,2026,Australia,Tete Yengi,Australia,FW,25,2000,0.3,,,,,,,,,,,,,,,0,,,,,
INT-World Cup,2026,Austria,Alexander Prass,Austria,"DF,MF",25,2001,0.3,,,,,,,,,,,,,,,0,,,,,
INT-World Cup,2026,Austria,Alexander Schlager,Austria,GK,30,1996,4.0,,,,,,,,,,,,,,,0,,,,,
INT-World Cup,2026,Austria,Carney Chukwuemeka,Austria,MF,22,2003,0.9,,,,,,,,,,,,,,,0,,,,,
INT-World Cup,2026,Austria,David Alaba,Austria,DF,33,1992,3.1,,,,,,,,,,,,,,,1,,,,,
INT-World Cup,2026,Austria,Florian Grillitsch,Austria,"DF,MF",30,1995,1.0,,,,,,,,,,,,,,,0,,,,,
INT-World Cup,2026,Austria,Kevin Danso,Austria,DF,27,1998,2.7,,,,,,,,,,,,,,,0,,,,,
INT-World Cup,2026,Austria,Konrad Laimer,Austria,"MF,DF",29,1997,4.0,,,,,,,,,,,,,,,1,,,,,
INT-World Cup,2026,Austria,Marcel Sabitzer,Austria,MF,32,1994,4.0,,,,,,,,,,,,,,,0,,,,,
INT-World Cup,2026,Austria,Marco Friedl,Austria,DF,28,1998,0.3,,,,,,,,,,,,,,,0,,,,,
INT-World Cup,2026,Austria,Marko Arnautović,Austria,FW,37,1989,1.6,,,,,,,,,,,,,,,0,,,,,
INT-World Cup,2026,Austria,Michael Gregoritsch,Austria,FW,32,1994,2.1,,,,,,,,,,,,,,,1,,,,,
INT-World Cup,2026,Austria,Nicolas Seiwald,Austria,MF,25,2001,3.5,,,,,,,,,,,,,,,0,,,,,
INT-World Cup,2026,Austria,Patrick Wimmer,Austria,"FW,MF",25,2001,0.2,,,,,,,,,,,,,,,0,,,,,
INT-World Cup,2026,Austria,Paul Wanner,Austria,MF,20,2005,2.6,,,,,,,,,,,,,,,0,,,,,
INT-World Cup,2026,Austria,Philipp Lienhart,Austria,DF,29,1996,2.0,,,,,,,,,,,,,,,0,,,,,
INT-World Cup,2026,Austria,Phillipp Mwene,Austria,DF,32,1994,1.6,,,,,,,,,,,,,,,0,,,,,
INT-World Cup,2026,Austria,Romano Schmid,Austria,"MF,FW",26,2000,2.9,,,,,,,,,,,,,,,0,,,,,
INT-World Cup,2026,Austria,Saša Kalajdžić,Austria,FW,28,1997,0.9,,,,,,,,,,,,,,,0,,,,,
INT-World Cup,2026,Austria,Stefan Posch,Austria,DF,29,1997,3.7,,,,,,,,,,,,,,,0,,,,,
INT-World Cup,2026,Austria,Xaver Schlager,Austria,MF,28,1997,2.6,,,,,,,,,,,,,,,1,,,,,
INT-World Cup,2026,Belgium,Alexis Saelemaekers,Belgium,MF,26,1999,0.9,,,,,,,,,,,,,,,0,,,,,
INT-World Cup,2026,Belgium,Amadou Onana,Belgium,MF,24,2001,1.2,,,,,,,,,,,,,,,0,,,,,
INT-World Cup,2026,Belgium,Arthur Theate,Belgium,DF,26,2000,2.5,,,,,,,,,,,,,,,0,,,,,
INT-World Cup,2026,Belgium,Axel Witsel,Belgium,"DF,MF",37,1989,0.4,,,,,,,,,,,,,,,0,,,,,
INT-World Cup,2026,Belgium,Brandon Mechele,Belgium,DF,33,1993,6.3,,,,,,,,,,,,,,,0,,,,,
INT-World Cup,2026,Belgium,Charles De Ketelaere,Belgium,"FW,MF",25,2001,3.9,,,,,,,,,,,,,,,1,,,,,
INT-World Cup,2026,Belgium,Diego Moreira,Belgium,MF,21,2004,0.6,,,,,,,,,,,,,,,0,,,,,
INT-World Cup,2026,Belgium,Dodi Lukebakio,Belgium,MF,28,1997,1.8,,,,,,,,,,,,,,,0,,,,,
INT-World Cup,2026,Belgium,Hans Vanaken,Belgium,MF,33,1992,3.5,,,,,,,,,,,,,,,2,,,,,
INT-World Cup,2026,Belgium,Jeremy Doku,Belgium,MF,24,2002,3.4,,,,,,,,,,,,,,,0,,,,,
INT-World Cup,2026,Belgium,Joaquin Seys,Belgium,DF,21,2005,0.3,,,,,,,,,,,,,,,0,,,,,
INT-World Cup,2026,Belgium,Kevin De Bruyne,Belgium,MF,34,1991,4.2,,,,,,,,,,,,,,,0,,,,,
INT-World Cup,2026,Belgium,Leandro Trossard,Belgium,"MF,FW",31,1994,5.6,,,,,,,,,,,,,,,2,,,,,
INT-World Cup,2026,Belgium,Matias Fernandez-Pardo,Belgium,"FW,MF",21,2005,0.5,,,,,,,,,,,,,,,0,,,,,
INT-World Cup,2026,Belgium,Maxim De Cuyper,Belgium,DF,25,2000,4.9,,,,,,,,,,,,,,,0,,,,,
INT-World Cup,2026,Belgium,Nathan Ngoy,Belgium,DF,23,2003,3.7,,,,,,,,,,,,,,,0,,,,,
INT-World Cup,2026,Belgium,Nicolas Raskin,Belgium,MF,25,2001,3.8,,,,,,,,,,,,,,,2,,,,,
INT-World Cup,2026,Belgium,Romelu Lukaku,Belgium,FW,33,1993,2.6,,,,,,,,,,,,,,,1,,,,,
INT-World Cup,2026,Belgium,Senne Lammens,Belgium,GK,23,2002,0.2,,,,,,,,,,,,,,,0,,,,,
INT-World Cup,2026,Belgium,Thibaut Courtois,Belgium,GK,34,1992,6.1,,,,,,,,,,,,,,,0,,,,,
INT-World Cup,2026,Belgium,Thomas Meunier,Belgium,DF,34,1991,2.1,,,,,,,,,,,,,,,1,,,,,
INT-World Cup,2026,Belgium,Timothy Castagne,Belgium,DF,30,1995,5.3,,,,,,,,,,,,,,,1,,,,,
INT-World Cup,2026,Belgium,Youri Tielemans,Belgium,MF,29,1997,5.3,,,,,,,,,,,,,,,0,,,,,
INT-World Cup,2026,Bosnia–Herz,Amar Dedić,Bosnia–Herz,DF,23,2002,3.0,,,,,,,,,,,,,,,0,,,,,
INT-World Cup,2026,Bosnia–Herz,Amar Memić,Bosnia–Herz,MF,25,2001,2.5,,,,,,,,,,,,,,,0,,,,,
INT-World Cup,2026,Bosnia–Herz,Amir Hadžiahmetović,Bosnia–Herz,MF,29,1997,0.1,,,,,,,,,,,,,,,0,,,,,
INT-World Cup,2026,Bosnia–Herz,Arjan Malic,Bosnia–Herz,DF,20,2005,0.5,,,,,,,,,,,,,,,0,,,,,
INT-World Cup,2026,Bosnia–Herz,Armin Gigovic,Bosnia–Herz,MF,24,2002,0.9,,,,,,,,,,,,,,,0,,,,,
INT-World Cup,2026,Bosnia–Herz,Benjamin Tahirovic,Bosnia–Herz,MF,23,2003,2.6,,,,,,,,,,,,,,,0,,,,,
INT-World Cup,2026,Bosnia–Herz,Dennis Hadžikadunić,Bosnia–Herz,DF,27,1998,0.3,,,,,,,,,,,,,,,1,,,,,
INT-World Cup,2026,Bosnia–Herz,Dženis Burnić,Bosnia–Herz,MF,28,1998,0.2,,,,,,,,,,,,,,,0,,,,,
INT-World Cup,2026,Bosnia–Herz,Edin Džeko,Bosnia–Herz,FW,40,1986,2.0,,,,,,,,,,,,,,,0,,,,,
INT-World Cup,2026,Bosnia–Herz,Ermedin Demirović,Bosnia–Herz,FW,28,1998,3.9,,,,,,,,,,,,,,,0,,,,,
INT-World Cup,2026,Bosnia–Herz,Ermin Mahmić,Bosnia–Herz,MF,21,2005,0.8,,,,,,,,,,,,,,,0,,,,,
INT-World Cup,2026,Bosnia–Herz,Esmir Bajraktarevic,Bosnia–Herz,MF,21,2005,2.6,,,,,,,,,,,,,,,0,,,,,
INT-World Cup,2026,Bosnia–Herz,Haris Tabaković,Bosnia–Herz,FW,31,1994,0.2,,,,,,,,,,,,,,,0,,,,,
INT-World Cup,2026,Bosnia–Herz,Ivan Bašić,Bosnia–Herz,MF,24,2002,2.0,,,,,,,,,,,,,,,1,,,,,
INT-World Cup,2026,Bosnia–Herz,Ivan Šunjić,Bosnia–Herz,MF,29,1996,2.2,,,,,,,,,,,,,,,0,,,,,
INT-World Cup,2026,Bosnia–Herz,Jovo Lukić,Bosnia–Herz,FW,27,1998,0.7,,,,,,,,,,,,,,,0,,,,,
INT-World Cup,2026,Bosnia–Herz,Kerim Alajbegović,Bosnia–Herz,MF,18,2007,3.1,,,,,,,,,,,,,,,0,,,,,
INT-World Cup,2026,Bosnia–Herz,Nikola Katić,Bosnia–Herz,DF,29,1996,3.5,,,,,,,,,,,,,,,0,,,,,
INT-World Cup,2026,Bosnia–Herz,Nikola Vasilj,Bosnia–Herz,GK,30,1995,4.0,,,,,,,,,,,,,,,0,,,,,
INT-World Cup,2026,Bosnia–Herz,Samed Baždar,Bosnia–Herz,FW,22,2004,0.3,,,,,,,,,,,,,,,0,,,,,
INT-World Cup,2026,Bosnia–Herz,Sead Kolašinac,Bosnia–Herz,DF,32,1993,3.7,,,,,,,,,,,,,,,1,,,,,
INT-World Cup,2026,Bosnia–Herz,Stjepan Radeljić,Bosnia–Herz,DF,28,1997,2.0,,,,,,,,,,,,,,,0,,,,,
INT-World Cup,2026,Bosnia–Herz,Tarik Muharemovic,Bosnia–Herz,DF,23,2003,2.9,,,,,,,,,,,,,,,0,,,,,
INT-World Cup,2026,Brazil,Alex Sandro,Brazil,"DF,MF",35,1991,0.1,,,,,,,,,,,,,,,0,,,,,
INT-World Cup,2026,Brazil,Alisson,Brazil,GK,33,1992,5.0,,,,,,,,,,,,,,,0,,,,,
INT-World Cup,2026,Brazil,Bruno Guimarães,Brazil,MF,28,1997,4.6,,,,,,,,,,,,,,,4,,,,,
INT-World Cup,2026,Brazil,Casemiro,Brazil,MF,34,1992,4.2,,,,,,,,,,,,,,,0,,,,,
INT-World Cup,2026,Brazil,Danilo,Brazil,DF,34,1991,4.5,,,,,,,,,,,,,,,0,,,,,
INT-World Cup,2026,Brazil,Danilo Santos,Brazil,MF,25,2001,0.5,,,,,,,,,,,,,,,0,,,,,
INT-World Cup,2026,Brazil,Douglas Santos,Brazil,DF,32,1994,4.9,,,,,,,,,,,,,,,0,,,,,
INT-World Cup,2026,Brazil,Endrick,Brazil,FW,19,2006,1.3,,,,,,,,,,,,,,,0,,,,,
INT-World Cup,2026,Brazil,Fabinho,Brazil,"DF,MF",32,1993,0.8,,,,,,,,,,,,,,,0,,,,,
INT-World Cup,2026,Brazil,Gabriel Magalhães,Brazil,DF,28,1997,5.0,,,,,,,,,,,,,,,1,,,,,
INT-World Cup,2026,Brazil,Gabriel Martinelli,Brazil,MF,24,2001,1.6,,,,,,,,,,,,,,,0,,,,,
INT-World Cup,2026,Brazil,Igor Thiago,Brazil,FW,24,2001,0.7,,,,,,,,,,,,,,,0,,,,,
INT-World Cup,2026,Brazil,Lucas Paquetá,Brazil,MF,28,1997,2.6,,,,,,,,,,,,,,,1,,,,,
INT-World Cup,2026,Brazil,Luiz Henrique,Brazil,"FW,MF",25,2001,0.3,,,,,,,,,,,,,,,0,,,,,
INT-World Cup,2026,Brazil,Marquinhos,Brazil,DF,32,1994,5.0,,,,,,,,,,,,,,,0,,,,,
INT-World Cup,2026,Brazil,Matheus Cunha,Brazil,FW,27,1999,3.2,,,,,,,,,,,,,,,0,,,,,
INT-World Cup,2026,Brazil,Neymar,Brazil,"FW,MF",34,1992,0.4,,,,,,,,,,,,,,,0,,,,,
INT-World Cup,2026,Brazil,Raphinha,Brazil,"MF,FW",29,1996,1.4,,,,,,,,,,,,,,,0,,,,,
INT-World Cup,2026,Brazil,Rayan,Brazil,"FW,MF",19,2006,3.2,,,,,,,,,,,,,,,1,,,,,
INT-World Cup,2026,Brazil,Roger Ibanez,Brazil,DF,27,1998,0.5,,,,,,,,,,,,,,,0,,,,,
INT-World Cup,2026,Brazil,Vinicius Júnior,Brazil,FW,25,2000,4.9,,,,,,,,,,,,,,,1,,,,,
INT-World Cup,2026,Brazil,Éderson Silva,Brazil,MF,26,1999,0.2,,,,,,,,,,,,,,,0,,,,,
INT-World Cup,2026,Cabo Verde,Dailon Livramento,Cabo Verde,FW,25,2001,1.9,,,,,,,,,,,,,,,0,,,,,
INT-World Cup,2026,Cabo Verde,Deroy Duarte,Cabo Verde,MF,26,1999,2.9,,,,,,,,,,,,,,,0,,,,,
INT-World Cup,2026,Cabo Verde,Diney,Cabo Verde,DF,31,1995,4.3,,,,,,,,,,,,,,,0,,,,,
INT-World Cup,2026,Cabo Verde,Garry Rodrigues,Cabo Verde,MF,35,1990,0.8,,,,,,,,,,,,,,,0,,,,,
INT-World Cup,2026,Cabo Verde,Gilson Benchimol,Cabo Verde,FW,24,2001,0.9,,,,,,,,,,,,,,,0,,,,,
INT-World Cup,2026,Cabo Verde,Hélio Varela,Cabo Verde,FW,24,2002,1.2,,,,,,,,,,,,,,,0,,,,,
INT-World Cup,2026,Cabo Verde,Jamiro Monteiro,Cabo Verde,MF,32,1993,3.1,,,,,,,,,,,,,,,0,,,,,
INT-World Cup,2026,Cabo Verde,Jovane Cabral,Cabo Verde,FW,28,1998,1.5,,,,,,,,,,,,,,,0,,,,,
INT-World Cup,2026,Cabo Verde,João Paulo Fernandes,Cabo Verde,DF,28,1998,1.2,,,,,,,,,,,,,,,0,,,,,
INT-World Cup,2026,Cabo Verde,Kevin Pina,Cabo Verde,MF,29,1997,3.9,,,,,,,,,,,,,,,0,,,,,
INT-World Cup,2026,Cabo Verde,Laros Duarte,Cabo Verde,MF,29,1997,1.8,,,,,,,,,,,,,,,0,,,,,
INT-World Cup,2026,Cabo Verde,Nuno da Costa,Cabo Verde,FW,35,1991,1.8,,,,,,,,,,,,,,,0,,,,,
INT-World Cup,2026,Cabo Verde,Pico,Cabo Verde,DF,33,1992,4.3,,,,,,,,,,,,,,,0,,,,,
INT-World Cup,2026,Cabo Verde,Ryan Mendes,Cabo Verde,"FW,MF",36,1990,3.7,,,,,,,,,,,,,,,1,,,,,
INT-World Cup,2026,Cabo Verde,Sidny Lopes Cabral,Cabo Verde,DF,23,2002,3.2,,,,,,,,,,,,,,,0,,,,,
INT-World Cup,2026,Cabo Verde,Steven Moreira,Cabo Verde,DF,31,1994,3.3,,,,,,,,,,,,,,,0,,,,,
INT-World Cup,2026,Cabo Verde,Telmo Arcanjo,Cabo Verde,MF,24,2001,0.6,,,,,,,,,,,,,,,0,,,,,
INT-World Cup,2026,Cabo Verde,Vozinha,Cabo Verde,GK,40,1986,4.3,,,,,,,,,,,,,,,0,,,,,
INT-World Cup,2026,Cabo Verde,Wagner Pina,Cabo Verde,DF,23,2002,1.0,,,,,,,,,,,,,,,0,,,,,
INT-World Cup,2026,Cabo Verde,Willy Semedo,Cabo Verde,FW,32,1994,1.5,,,,,,,,,,,,,,,0,,,,,
INT-World Cup,2026,Cabo Verde,Yannick,Cabo Verde,MF,30,1995,0.4,,,,,,,,,,,,,,,1,,,,,
INT-World Cup,2026,Canada,Ali Ahmed,Canada,MF,25,2000,2.6,,,,,,,,,,,,,,,0,,,,,
INT-World Cup,2026,Canada,Alistair Johnston,Canada,DF,27,1998,5.0,,,,,,,,,,,,,,,0,,,,,
INT-World Cup,2026,Canada,Alphonso Davies,Canada,"DF,FW",25,2000,0.2,,,,,,,,,,,,,,,0,,,,,
INT-World Cup,2026,Canada,Cyle Larin,Canada,FW,31,1995,2.1,,,,,,,,,,,,,,,0,,,,,
INT-World Cup,2026,Canada,Derek Cornelius,Canada,DF,28,1997,3.5,,,,,,,,,,,,,,,0,,,,,
INT-World Cup,2026,Canada,Ismaël Koné,Canada,MF,23,2002,1.6,,,,,,,,,,,,,,,0,,,,,
INT-World Cup,2026,Canada,Jacob Shaffelburg,Canada,MF,26,1999,1.0,,,,,,,,,,,,,,,0,,,,,
INT-World Cup,2026,Canada,Jayden Nelson,Canada,"FW,MF",23,2002,0.0,,,,,,,,,,,,,,,0,,,,,
INT-World Cup,2026,Canada,Jonathan David,Canada,FW,26,2000,4.7,,,,,,,,,,,,,,,0,,,,,
INT-World Cup,2026,Canada,Jonathan Osorio,Canada,MF,34,1992,0.1,,,,,,,,,,,,,,,0,,,,,
INT-World Cup,2026,Canada,Liam Millar,Canada,MF,26,1999,1.8,,,,,,,,,,,,,,,0,,,,,
INT-World Cup,2026,Canada,Luc De Fougerolles,Canada,DF,20,2005,4.1,,,,,,,,,,,,,,,0,,,,,
INT-World Cup,2026,Canada,Mathieu Choinière,Canada,MF,27,1999,0.6,,,,,,,,,,,,,,,0,,,,,
INT-World Cup,2026,Canada,Maxime Crépeau,Canada,GK,32,1994,5.0,,,,,,,,,,,,,,,0,,,,,
INT-World Cup,2026,Canada,Moïse Bombito,Canada,DF,26,2000,2.1,,,,,,,,,,,,,,,0,,,,,
INT-World Cup,2026,Canada,Nathan Saliba,Canada,MF,22,2004,2.0,,,,,,,,,,,,,,,2,,,,,
INT-World Cup,2026,Canada,Niko Sigur,Canada,MF,22,2003,1.4,,,,,,,,,,,,,,,0,,,,,
INT-World Cup,2026,Canada,Promise David,Canada,FW,24,2001,0.9,,,,,,,,,,,,,,,1,,,,,
INT-World Cup,2026,Canada,Richie Laryea,Canada,DF,31,1995,4.8,,,,,,,,,,,,,,,0,,,,,
INT-World Cup,2026,Canada,Stephen Eustáquio,Canada,MF,29,1996,4.4,,,,,,,,,,,,,,,0,,,,,
INT-World Cup,2026,Canada,Tajon Buchanan,Canada,MF,27,1999,4.2,,,,,,,,,,,,,,,0,,,,,
INT-World Cup,2026,Canada,Tani Oluwaseyi,Canada,FW,26,2000,2.9,,,,,,,,,,,,,,,0,,,,,
INT-World Cup,2026,Colombia,Andrés Gómez,Colombia,MF,23,2002,0.0,,,,,,,,,,,,,,,0,,,,,
INT-World Cup,2026,Colombia,Camilo Vargas,Colombia,GK,37,1989,5.3,,,,,,,,,,,,,,,0,,,,,
INT-World Cup,2026,Colombia,Cucho,Colombia,"FW,MF",27,1999,0.6,,,,,,,,,,,,,,,1,,,,,
INT-World Cup,2026,Colombia,Daniel Muñoz,Colombia,DF,30,1996,4.4,,,,,,,,,,,,,,,0,,,,,
INT-World Cup,2026,Colombia,Davinson Sánchez,Colombia,DF,30,1996,5.3,,,,,,,,,,,,,,,0,,,,,
INT-World Cup,2026,Colombia,Deiver Machado,Colombia,DF,32,1993,1.0,,,,,,,,,,,,,,,0,,,,,
INT-World Cup,2026,Colombia,Gustavo Puerta,Colombia,MF,22,2003,5.2,,,,,,,,,,,,,,,1,,,,,
INT-World Cup,2026,Colombia,James Rodríguez,Colombia,"FW,MF",34,1991,3.5,,,,,,,,,,,,,,,0,,,,,
INT-World Cup,2026,Colombia,Jaminton Campaz,Colombia,"FW,MF",26,2000,0.8,,,,,,,,,,,,,,,0,,,,,
INT-World Cup,2026,Colombia,Jefferson Lerma,Colombia,MF,31,1994,4.6,,,,,,,,,,,,,,,0,,,,,
INT-World Cup,2026,Colombia,Jhon Arias,Colombia,MF,28,1997,4.2,,,,,,,,,,,,,,,0,,,,,
INT-World Cup,2026,Colombia,Jhon Córdoba,Colombia,FW,33,1993,1.1,,,,,,,,,,,,,,,0,,,,,
INT-World Cup,2026,Colombia,Jhon Lucumí,Colombia,DF,27,1998,5.3,,,,,,,,,,,,,,,0,,,,,
INT-World Cup,2026,Colombia,Johan Mojica,Colombia,DF,33,1992,4.3,,,,,,,,,,,,,,,0,,,,,
INT-World Cup,2026,Colombia,Juan Quintero,Colombia,"FW,MF",33,1993,1.3,,,,,,,,,,,,,,,1,,,,,
INT-World Cup,2026,Colombia,Kevin Castaño,Colombia,MF,25,2000,0.2,,,,,,,,,,,,,,,0,,,,,
INT-World Cup,2026,Colombia,Luis Díaz,Colombia,"FW,MF",29,1997,5.3,,,,,,,,,,,,,,,1,,,,,
INT-World Cup,2026,Colombia,Luis Suárez,Colombia,FW,28,1997,3.7,,,,,,,,,,,,,,,1,,,,,
INT-World Cup,2026,Colombia,Richard Ríos,Colombia,MF,26,2000,1.6,,,,,,,,,,,,,,,0,,,,,
INT-World Cup,2026,Colombia,Santiago Arias,Colombia,DF,34,1992,1.0,,,,,,,,,,,,,,,0,,,,,
INT-World Cup,2026,Colombia,Yerry Mina,Colombia,DF,31,1994,0.0,,,,,,,,,,,,,,,0,,,,,
INT-World Cup,2026,Congo DR,Aaron Wan-Bissaka,Congo DR,DF,28,1997,3.9,,,,,,,,,,,,,,,0,,,,,
INT-World Cup,2026,Congo DR,Arthur Masuaku,Congo DR,DF,32,1993,3.5,,,,,,,,,,,,,,,1,,,,,
INT-World Cup,2026,Congo DR,Axel Tuanzebe,Congo DR,DF,28,1997,4.0,,,,,,,,,,,,,,,0,,,,,
INT-World Cup,2026,Congo DR,Brian Cipenga,Congo DR,"MF,FW",28,1998,1.6,,,,,,,,,,,,,,,0,,,,,
INT-World Cup,2026,Congo DR,Chancel Mbemba,Congo DR,DF,31,1994,4.0,,,,,,,,,,,,,,,1,,,,,
INT-World Cup,2026,Congo DR,Charles Pickel,Congo DR,"DF,MF",29,1997,0.4,,,,,,,,,,,,,,,0,,,,,
INT-World Cup,2026,Congo DR,Cédric Bakambu,Congo DR,FW,35,1991,2.1,,,,,,,,,,,,,,,0,,,,,
INT-World Cup,2026,Congo DR,Edo Kayembe,Congo DR,MF,28,1998,1.8,,,,,,,,,,,,,,,0,,,,,
INT-World Cup,2026,Congo DR,Fiston Mayele,Congo DR,FW,31,1994,0.5,,,,,,,,,,,,,,,0,,,,,
INT-World Cup,2026,Congo DR,Gédéon Kalulu,Congo DR,DF,28,1997,0.1,,,,,,,,,,,,,,,0,,,,,
INT-World Cup,2026,Congo DR,Joris Kayembe,Congo DR,"DF,FW",31,1994,0.5,,,,,,,,,,,,,,,0,,,,,
INT-World Cup,2026,Congo DR,Lionel Mpasi,Congo DR,GK,31,1994,4.0,,,,,,,,,,,,,,,0,,,,,
INT-World Cup,2026,Congo DR,Meschak Elia,Congo DR,"FW,MF",28,1997,0.5,,,,,,,,,,,,,,,1,,,,,
INT-World Cup,2026,Congo DR,Nathanaël Mbuku,Congo DR,"MF,FW",24,2002,1.6,,,,,,,,,,,,,,,0,,,,,
INT-World Cup,2026,Congo DR,Ngal'Ayel Mukau,Congo DR,MF,21,2004,2.2,,,,,,,,,,,,,,,0,,,,,
INT-World Cup,2026,Congo DR,Noah Sadiki,Congo DR,MF,21,2004,2.9,,,,,,,,,,,,,,,0,,,,,
INT-World Cup,2026,Congo DR,Samuel Moutoussamy,Congo DR,MF,29,1996,3.7,,,,,,,,,,,,,,,0,,,,,
INT-World Cup,2026,Congo DR,Simon Banza,Congo DR,"FW,MF",29,1996,0.4,,,,,,,,,,,,,,,0,,,,,
INT-World Cup,2026,Congo DR,Steve Kapuadi,Congo DR,DF,28,1998,2.0,,,,,,,,,,,,,,,0,,,,,
INT-World Cup,2026,Congo DR,Theo Bongonda,Congo DR,"FW,MF",30,1995,0.4,,,,,,,,,,,,,,,0,,,,,
INT-World Cup,2026,Congo DR,Yoane Wissa,Congo DR,FW,29,1996,4.0,,,,,,,,,,,,,,,0,,,,,
INT-World Cup,2026,Croatia,Andrej Kramarić,Croatia,"FW,MF",34,1991,0.7,,,,,,,,,,,,,,,0,,,,,
INT-World Cup,2026,Croatia,Ante Budimir,Croatia,FW,34,1991,1.7,,,,,,,,,,,,,,,0,,,,,
INT-World Cup,2026,Croatia,Dominik Livaković,Croatia,GK,31,1995,4.0,,,,,,,,,,,,,,,0,,,,,
INT-World Cup,2026,Croatia,Igor Matanović,Croatia,FW,23,2003,1.1,,,,,,,,,,,,,,,0,,,,,
INT-World Cup,2026,Croatia,Ivan Perišić,Croatia,"MF,DF",37,1989,4.0,,,,,,,,,,,,,,,1,,,,,
INT-World Cup,2026,Croatia,Josip Stanišić,Croatia,"DF,MF",26,2000,4.0,,,,,,,,,,,,,,,1,,,,,
INT-World Cup,2026,Croatia,Josip Šutalo,Croatia,DF,26,2000,4.0,,,,,,,,,,,,,,,0,,,,,
INT-World Cup,2026,Croatia,Joško Gvardiol,Croatia,DF,24,2002,1.5,,,,,,,,,,,,,,,0,,,,,
INT-World Cup,2026,Croatia,Luka Modrić,Croatia,MF,40,1985,3.5,,,,,,,,,,,,,,,1,,,,,
INT-World Cup,2026,Croatia,Luka Sučić,Croatia,"FW,MF",23,2002,0.2,,,,,,,,,,,,,,,0,,,,,
INT-World Cup,2026,Croatia,Luka Vušković,Croatia,DF,19,2007,0.7,,,,,,,,,,,,,,,0,,,,,
INT-World Cup,2026,Croatia,Marco Pašalić,Croatia,MF,25,2000,1.1,,,,,,,,,,,,,,,0,,,,,
INT-World Cup,2026,Croatia,Marin Pongračić,Croatia,DF,28,1997,3.0,,,,,,,,,,,,,,,0,,,,,
INT-World Cup,2026,Croatia,Mario Pašalić,Croatia,MF,31,1995,1.4,,,,,,,,,,,,,,,0,,,,,
INT-World Cup,2026,Croatia,Martin Baturina,Croatia,"MF,FW",23,2003,3.6,,,,,,,,,,,,,,,0,,,,,
INT-World Cup,2026,Croatia,Mateo Kovačić,Croatia,MF,32,1994,3.0,,,,,,,,,,,,,,,1,,,,,
INT-World Cup,2026,Croatia,Nikola Vlašić,Croatia,MF,28,1997,2.1,,,,,,,,,,,,,,,0,,,,,
INT-World Cup,2026,Croatia,Petar Musa,Croatia,FW,28,1998,1.2,,,,,,,,,,,,,,,0,,,,,
INT-World Cup,2026,Croatia,Petar Sučić,Croatia,"MF,FW",22,2003,3.2,,,,,,,,,,,,,,,1,,,,,
INT-World Cup,2026,Curaçao,Armando Obispo,Curaçao,DF,27,1999,3.0,,,,,,,,,,,,,,,0,,,,,
INT-World Cup,2026,Curaçao,Brandley Kuwas,Curaçao,"FW,MF",33,1992,0.0,,,,,,,,,,,,,,,0,,,,,
INT-World Cup,2026,Curaçao,Deveron Fonville,Curaçao,DF,23,2003,2.7,,,,,,,,,,,,,,,0,,,,,
INT-World Cup,2026,Curaçao,Eloy Room,Curaçao,GK,37,1989,3.0,,,,,,,,,,,,,,,0,,,,,
INT-World Cup,2026,Curaçao,Gervane Kastaneer,Curaçao,"FW,MF",30,1996,0.3,,,,,,,,,,,,,,,0,,,,,
INT-World Cup,2026,Curaçao,Godfried Roemeratoe,Curaçao,MF,26,1999,0.1,,,,,,,,,,,,,,,0,,,,,
INT-World Cup,2026,Curaçao,Jearl Margaritha,Curaçao,"FW,MF",26,2000,0.5,,,,,,,,,,,,,,,0,,,,,
INT-World Cup,2026,Curaçao,Jeremy Antonisse,Curaçao,"FW,MF",24,2002,0.8,,,,,,,,,,,,,,,0,,,,,
INT-World Cup,2026,Curaçao,Joshua Brenet,Curaçao,DF,32,1994,2.0,,,,,,,,,,,,,,,0,,,,,
INT-World Cup,2026,Curaçao,Juninho Bacuna,Curaçao,MF,28,1997,2.8,,,,,,,,,,,,,,,0,,,,,
INT-World Cup,2026,Curaçao,Juriën Gaari,Curaçao,DF,32,1993,1.8,,,,,,,,,,,,,,,0,,,,,
INT-World Cup,2026,Curaçao,Jürgen Locadia,Curaçao,FW,32,1993,2.6,,,,,,,,,,,,,,,0,,,,,
INT-World Cup,2026,Curaçao,Kenji Gorré,Curaçao,"FW,MF",31,1994,0.2,,,,,,,,,,,,,,,0,,,,,
INT-World Cup,2026,Curaçao,Leandro Bacuna,Curaçao,MF,34,1991,3.0,,,,,,,,,,,,,,,0,,,,,
INT-World Cup,2026,Curaçao,Livano Comenencia,Curaçao,MF,22,2004,2.6,,,,,,,,,,,,,,,0,,,,,
INT-World Cup,2026,Curaçao,Riechedly Bazoer,Curaçao,DF,29,1996,1.0,,,,,,,,,,,,,,,0,,,,,
INT-World Cup,2026,Curaçao,Roshon van Eijma,Curaçao,DF,28,1998,0.2,,,,,,,,,,,,,,,0,,,,,
INT-World Cup,2026,Curaçao,Sherel Floranus,Curaçao,DF,27,1998,3.0,,,,,,,,,,,,,,,0,,,,,
INT-World Cup,2026,Curaçao,Shurandy Sambo,Curaçao,DF,24,2001,0.0,,,,,,,,,,,,,,,0,,,,,
INT-World Cup,2026,Curaçao,Sontje Hansen,Curaçao,FW,24,2002,0.5,,,,,,,,,,,,,,,0,,,,,
INT-World Cup,2026,Curaçao,Tahith Chong,Curaçao,MF,26,1999,2.7,,,,,,,,,,,,,,,0,,,,,
INT-World Cup,2026,Curaçao,Tyrese Noslin,Curaçao,MF,23,2002,0.2,,,,,,,,,,,,,,,0,,,,,
INT-World Cup,2026,Czechia,Adam Hložek,Czechia,FW,23,2002,1.7,,,,,,,,,,,,,,,0,,,,,
INT-World Cup,2026,Czechia,Alexandr Sojka,Czechia,"MF,DF",23,2003,1.6,,,,,,,,,,,,,,,1,,,,,
INT-World Cup,2026,Czechia,David Douděra,Czechia,MF,28,1998,1.0,,,,,,,,,,,,,,,0,,,,,
INT-World Cup,2026,Czechia,David Zima,Czechia,DF,25,2000,0.1,,,,,,,,,,,,,,,0,,,,,
INT-World Cup,2026,Czechia,Denis Višinský,Czechia,FW,23,2003,0.6,,,,,,,,,,,,,,,0,,,,,
INT-World Cup,2026,Czechia,Jaroslav Zelený,Czechia,MF,33,1992,1.4,,,,,,,,,,,,,,,0,,,,,
INT-World Cup,2026,Czechia,Ladislav Krejčí,Czechia,DF,27,1999,3.0,,,,,,,,,,,,,,,0,,,,,
INT-World Cup,2026,Czechia,Lukáš Provod,Czechia,FW,29,1996,1.4,,,,,,,,,,,,,,,0,,,,,
INT-World Cup,2026,Czechia,Lukáš Červ,Czechia,MF,25,2001,1.8,,,,,,,,,,,,,,,0,,,,,
INT-World Cup,2026,Czechia,Matej Kovar,Czechia,GK,26,2000,3.0,,,,,,,,,,,,,,,0,,,,,
INT-World Cup,2026,Czechia,Michal Sadílek,Czechia,MF,27,1999,2.0,,,,,,,,,,,,,,,0,,,,,
INT-World Cup,2026,Czechia,Mojmír Chytil,Czechia,FW,27,1999,0.1,,,,,,,,,,,,,,,0,,,,,
INT-World Cup,2026,Czechia,Patrik Schick,Czechia,FW,30,1996,2.0,,,,,,,,,,,,,,,0,,,,,
INT-World Cup,2026,Czechia,Pavel Šulc,Czechia,FW,25,2000,2.1,,,,,,,,,,,,,,,0,,,,,
INT-World Cup,2026,Czechia,Robin Hranáč,Czechia,DF,26,2000,3.0,,,,,,,,,,,,,,,0,,,,,
INT-World Cup,2026,Czechia,Tomáš Chorý,Czechia,FW,31,1995,0.3,,,,,,,,,,,,,,,0,,,,,
INT-World Cup,2026,Czechia,Tomáš Holeš,Czechia,DF,33,1993,1.7,,,,,,,,,,,,,,,0,,,,,
INT-World Cup,2026,Czechia,Tomáš Souček,Czechia,MF,31,1995,1.5,,,,,,,,,,,,,,,0,,,,,
INT-World Cup,2026,Czechia,Vladimír Coufal,Czechia,"MF,DF",33,1992,3.0,,,,,,,,,,,,,,,1,,,,,
INT-World Cup,2026,Czechia,Vladimír Darida,Czechia,MF,35,1990,0.6,,,,,,,,,,,,,,,0,,,,,
INT-World Cup,2026,Czechia,Štěpán Chaloupek,Czechia,DF,23,2003,1.0,,,,,,,,,,,,,,,0,,,,,
INT-World Cup,2026,Côte d'Ivoire,Amad Diallo,Côte d'Ivoire,"MF,FW",23,2002,2.1,,,,,,,,,,,,,,,0,,,,,
INT-World Cup,2026,Côte d'Ivoire,Ange-Yoan Bonny,Côte d'Ivoire,FW,22,2003,2.6,,,,,,,,,,,,,,,0,,,,,
INT-World Cup,2026,Côte d'Ivoire,Bazoumana Touré,Côte d'Ivoire,MF,20,2006,0.9,,,,,,,,,,,,,,,0,,,,,
INT-World Cup,2026,Côte d'Ivoire,Christ Inao Oulaï,Côte d'Ivoire,MF,20,2006,2.3,,,,,,,,,,,,,,,0,,,,,
INT-World Cup,2026,Côte d'Ivoire,Christopher Opéri,Côte d'Ivoire,DF,29,1997,1.0,,,,,,,,,,,,,,,0,,,,,
INT-World Cup,2026,Côte d'Ivoire,Elye Wahi,Côte d'Ivoire,FW,23,2003,1.2,,,,,,,,,,,,,,,0,,,,,
INT-World Cup,2026,Côte d'Ivoire,Emmanuel Agbadou,Côte d'Ivoire,DF,28,1997,3.0,,,,,,,,,,,,,,,0,,,,,
INT-World Cup,2026,Côte d'Ivoire,Evann Guessand,Côte d'Ivoire,"FW,MF",24,2001,0.2,,,,,,,,,,,,,,,0,,,,,
INT-World Cup,2026,Côte d'Ivoire,Franck Kessié,Côte d'Ivoire,MF,29,1996,3.8,,,,,,,,,,,,,,,0,,,,,
INT-World Cup,2026,Côte d'Ivoire,Ghislain Konan,Côte d'Ivoire,DF,30,1995,3.0,,,,,,,,,,,,,,,0,,,,,
INT-World Cup,2026,Côte d'Ivoire,Guéla Doué,Côte d'Ivoire,DF,23,2002,3.1,,,,,,,,,,,,,,,0,,,,,
INT-World Cup,2026,Côte d'Ivoire,Ibrahim Sangaré,Côte d'Ivoire,MF,28,1997,3.0,,,,,,,,,,,,,,,1,,,,,
INT-World Cup,2026,Côte d'Ivoire,Jean Seri,Côte d'Ivoire,MF,34,1991,0.2,,,,,,,,,,,,,,,0,,,,,
INT-World Cup,2026,Côte d'Ivoire,Nicolas Pépé,Côte d'Ivoire,FW,31,1995,2.6,,,,,,,,,,,,,,,1,,,,,
INT-World Cup,2026,Côte d'Ivoire,Odilon Kossounou,Côte d'Ivoire,DF,25,2001,3.0,,,,,,,,,,,,,,,0,,,,,
INT-World Cup,2026,Côte d'Ivoire,Oumar Diakité,Côte d'Ivoire,FW,22,2003,0.3,,,,,,,,,,,,,,,0,,,,,
INT-World Cup,2026,Côte d'Ivoire,Ousmane Diomande,Côte d'Ivoire,DF,22,2003,1.0,,,,,,,,,,,,,,,0,,,,,
INT-World Cup,2026,Côte d'Ivoire,Seko Fofana,Côte d'Ivoire,MF,31,1995,1.0,,,,,,,,,,,,,,,0,,,,,
INT-World Cup,2026,Côte d'Ivoire,Simon Adingra,Côte d'Ivoire,"FW,MF",24,2002,0.2,,,,,,,,,,,,,,,0,,,,,
INT-World Cup,2026,Côte d'Ivoire,Wilfried Singo,Côte d'Ivoire,DF,25,2000,1.9,,,,,,,,,,,,,,,1,,,,,
INT-World Cup,2026,Côte d'Ivoire,Yahia Fofana,Côte d'Ivoire,GK,25,2000,4.0,,,,,,,,,,,,,,,0,,,,,
INT-World Cup,2026,Côte d'Ivoire,Yan Diomandé,Côte d'Ivoire,"MF,FW",19,2006,3.7,,,,,,,,,,,,,,,1,,,,,
INT-World Cup,2026,Ecuador,Alan Franco,Ecuador,DF,27,1998,2.8,,,,,,,,,,,,,,,0,,,,,
INT-World Cup,2026,Ecuador,Alan Minda,Ecuador,MF,23,2003,0.6,,,,,,,,,,,,,,,0,,,,,
INT-World Cup,2026,Ecuador,Enner Valencia,Ecuador,FW,36,1989,3.2,,,,,,,,,,,,,,,0,,,,,
INT-World Cup,2026,Ecuador,Félix Torres Caicedo,Ecuador,DF,29,1997,0.1,,,,,,,,,,,,,,,0,,,,,
INT-World Cup,2026,Ecuador,Gonzalo Plata,Ecuador,FW,25,2000,4.0,,,,,,,,,,,,,,,0,,,,,
INT-World Cup,2026,Ecuador,Hernán Galíndez,Ecuador,GK,39,1987,4.0,,,,,,,,,,,,,,,0,,,,,
INT-World Cup,2026,Ecuador,Jackson Porozo,Ecuador,DF,25,2000,0.3,,,,,,,,,,,,,,,0,,,,,
INT-World Cup,2026,Ecuador,Joel Ordóñez,Ecuador,DF,22,2004,2.5,,,,,,,,,,,,,,,0,,,,,
INT-World Cup,2026,Ecuador,John Yeboah,Ecuador,MF,25,2000,3.5,,,,,,,,,,,,,,,0,,,,,
INT-World Cup,2026,Ecuador,Jordy Alcivar,Ecuador,MF,26,1999,0.5,,,,,,,,,,,,,,,0,,,,,
INT-World Cup,2026,Ecuador,Jordy Caicedo,Ecuador,FW,28,1997,0.2,,,,,,,,,,,,,,,0,,,,,
INT-World Cup,2026,Ecuador,Kendry Páez,Ecuador,MF,19,2007,0.1,,,,,,,,,,,,,,,0,,,,,
INT-World Cup,2026,Ecuador,Kevin Rodríguez,Ecuador,FW,26,2000,1.3,,,,,,,,,,,,,,,1,,,,,
INT-World Cup,2026,Ecuador,Moisés Caicedo,Ecuador,MF,24,2001,4.0,,,,,,,,,,,,,,,0,,,,,
INT-World Cup,2026,Ecuador,Nilson Angulo,Ecuador,MF,22,2003,2.4,,,,,,,,,,,,,,,0,,,,,
INT-World Cup,2026,Ecuador,Pedro Vite,Ecuador,MF,24,2002,4.0,,,,,,,,,,,,,,,1,,,,,
INT-World Cup,2026,Ecuador,Pervis Estupiñán,Ecuador,MF,28,1998,1.0,,,,,,,,,,,,,,,0,,,,,
INT-World Cup,2026,Ecuador,Piero Hincapié,Ecuador,DF,24,2002,3.8,,,,,,,,,,,,,,,0,,,,,
INT-World Cup,2026,Ecuador,Willian Pacho,Ecuador,DF,24,2001,4.0,,,,,,,,,,,,,,,0,,,,,
INT-World Cup,2026,Ecuador,Yaimar Medina,Ecuador,"DF,MF",21,2004,0.5,,,,,,,,,,,,,,,0,,,,,
INT-World Cup,2026,Ecuador,Ángelo Preciado,Ecuador,"DF,MF",28,1998,1.2,,,,,,,,,,,,,,,0,,,,,
INT-World Cup,2026,Egypt,Ahmed Fatouh,Egypt,DF,28,1998,3.0,,,,,,,,,,,,,,,0,,,,,
INT-World Cup,2026,Egypt,Emam Ashour,Egypt,MF,28,1998,4.0,,,,,,,,,,,,,,,0,,,,,
INT-World Cup,2026,Egypt,Haissem Hassan,Egypt,MF,24,2002,1.4,,,,,,,,,,,,,,,1,,,,,
INT-World Cup,2026,Egypt,Hamdy Fathy,Egypt,"DF,MF",31,1994,2.6,,,,,,,,,,,,,,,0,,,,,
INT-World Cup,2026,Egypt,Hamza Abdelkarim,Egypt,FW,18,2008,0.7,,,,,,,,,,,,,,,0,,,,,
INT-World Cup,2026,Egypt,Hossam Abdelmaguid,Egypt,DF,25,2001,0.7,,,,,,,,,,,,,,,0,,,,,
INT-World Cup,2026,Egypt,Ibrahim Adel,Egypt,MF,25,2001,0.0,,,,,,,,,,,,,,,0,,,,,
INT-World Cup,2026,Egypt,Karim Hafez,Egypt,DF,30,1996,1.9,,,,,,,,,,,,,,,1,,,,,
INT-World Cup,2026,Egypt,Mahmoud Saber,Egypt,MF,24,2001,0.5,,,,,,,,,,,,,,,0,,,,,
INT-World Cup,2026,Egypt,Marwan Attia,Egypt,MF,27,1998,4.8,,,,,,,,,,,,,,,1,,,,,
INT-World Cup,2026,Egypt,Mohamed Abdelmonem,Egypt,DF,27,1999,0.2,,,,,,,,,,,,,,,0,,,,,
INT-World Cup,2026,Egypt,Mohamed Hany,Egypt,DF,30,1996,5.3,,,,,,,,,,,,,,,1,,,,,
INT-World Cup,2026,Egypt,Mohamed Salah,Egypt,"FW,MF",33,1992,4.7,,,,,,,,,,,,,,,2,,,,,
INT-World Cup,2026,Egypt,Mohanad Lasheen,Egypt,MF,30,1996,4.0,,,,,,,,,,,,,,,0,,,,,
INT-World Cup,2026,Egypt,Mostafa Shobeir,Egypt,GK,26,2000,5.3,,,,,,,,,,,,,,,0,,,,,
INT-World Cup,2026,Egypt,Mostafa Ziko,Egypt,"FW,MF",29,1997,4.1,,,,,,,,,,,,,,,1,,,,,
INT-World Cup,2026,Egypt,Omar Marmoush,Egypt,"FW,MF",27,1999,3.6,,,,,,,,,,,,,,,0,,,,,
INT-World Cup,2026,Egypt,Ramy Rabia,Egypt,DF,33,1993,4.1,,,,,,,,,,,,,,,0,,,,,
INT-World Cup,2026,Egypt,Trézéguet,Egypt,MF,31,1994,1.8,,,,,,,,,,,,,,,1,,,,,
INT-World Cup,2026,Egypt,Yasser Ibrahim,Egypt,DF,33,1993,5.2,,,,,,,,,,,,,,,0,,,,,
INT-World Cup,2026,Egypt,Zizo,Egypt,MF,30,1996,0.6,,,,,,,,,,,,,,,0,,,,,
INT-World Cup,2026,England,Anthony Gordon,England,MF,25,2001,4.4,,,,,,,,,,,,,,,3,,,,,
INT-World Cup,2026,England,Bukayo Saka,England,MF,24,2001,4.0,,,,,,,,,,,,,,,3,,,,,
INT-World Cup,2026,England,Dan Burn,England,DF,34,1992,0.4,,,,,,,,,,,,,,,0,,,,,
INT-World Cup,2026,England,Dean Henderson,England,GK,29,1997,1.0,,,,,,,,,,,,,,,0,,,,,
INT-World Cup,2026,England,Declan Rice,England,MF,27,1999,6.2,,,,,,,,,,,,,,,2,,,,,
INT-World Cup,2026,England,Djed Spence,England,DF,25,2000,4.5,,,,,,,,,,,,,,,0,,,,,
INT-World Cup,2026,England,Eberechi Eze,England,MF,27,1998,2.3,,,,,,,,,,,,,,,1,,,,,
INT-World Cup,2026,England,Elliot Anderson,England,MF,23,2002,7.0,,,,,,,,,,,,,,,1,,,,,
INT-World Cup,2026,England,Ezri Konsa,England,DF,28,1997,7.2,,,,,,,,,,,,,,,0,,,,,
INT-World Cup,2026,England,Harry Kane,England,FW,32,1993,7.2,,,,,,,,,,,,,,,1,,,,,
INT-World Cup,2026,England,Ivan Toney,England,FW,30,1996,0.9,,,,,,,,,,,,,,,0,,,,,
INT-World Cup,2026,England,Jarell Quansah,England,DF,23,2003,2.2,,,,,,,,,,,,,,,0,,,,,
INT-World Cup,2026,England,John Stones,England,DF,32,1994,3.7,,,,,,,,,,,,,,,0,,,,,
INT-World Cup,2026,England,Jordan Henderson,England,MF,35,1990,0.1,,,,,,,,,,,,,,,0,,,,,
INT-World Cup,2026,England,Jordan Pickford,England,GK,32,1994,7.3,,,,,,,,,,,,,,,0,,,,,
INT-World Cup,2026,England,Jude Bellingham,England,MF,22,2003,6.8,,,,,,,,,,,,,,,1,,,,,
INT-World Cup,2026,England,Marc Guéhi,England,DF,25,2000,7.4,,,,,,,,,,,,,,,0,,,,,
INT-World Cup,2026,England,Marcus Rashford,England,MF,28,1997,2.5,,,,,,,,,,,,,,,1,,,,,
INT-World Cup,2026,England,Morgan Rogers,England,MF,23,2002,3.8,,,,,,,,,,,,,,,1,,,,,
INT-World Cup,2026,England,Nico O'Reilly,England,DF,21,2005,5.1,,,,,,,,,,,,,,,0,,,,,
INT-World Cup,2026,England,Noni Madueke,England,MF,24,2002,3.2,,,,,,,,,,,,,,,0,,,,,
INT-World Cup,2026,England,Ollie Watkins,England,"FW,MF",30,1995,0.6,,,,,,,,,,,,,,,0,,,,,
INT-World Cup,2026,England,Reece James,England,DF,26,1999,3.5,,,,,,,,,,,,,,,0,,,,,
INT-World Cup,2026,England,Trevoh Chalobah,England,"DF,MF",26,1999,0.0,,,,,,,,,,,,,,,0,,,,,
INT-World Cup,2026,France,Adrien Rabiot,France,MF,31,1995,6.5,,,,,,,,,,,,,,,1,,,,,
INT-World Cup,2026,France,Aurélien Tchouaméni,France,MF,26,2000,4.0,,,,,,,,,,,,,,,1,,,,,
INT-World Cup,2026,France,Bradley Barcola,France,MF,23,2002,4.3,,,,,,,,,,,,,,,1,,,,,
INT-World Cup,2026,France,Dayot Upamecano,France,DF,27,1998,7.3,,,,,,,,,,,,,,,1,,,,,
INT-World Cup,2026,France,Désiré Doué,France,MF,21,2005,4.4,,,,,,,,,,,,,,,1,,,,,
INT-World Cup,2026,France,Ibrahima Konaté,France,DF,27,1999,0.7,,,,,,,,,,,,,,,0,,,,,
INT-World Cup,2026,France,Jean-Philippe Mateta,France,FW,28,1997,0.3,,,,,,,,,,,,,,,0,,,,,
INT-World Cup,2026,France,Jules Koundé,France,DF,27,1998,6.7,,,,,,,,,,,,,,,0,,,,,
INT-World Cup,2026,France,Kylian Mbappé,France,FW,27,1998,7.7,,,,,,,,,,,,,,,4,,,,,
INT-World Cup,2026,France,Lucas Digne,France,DF,32,1993,5.1,,,,,,,,,,,,,,,0,,,,,
INT-World Cup,2026,France,Maghnes Akliouche,France,MF,24,2002,0.1,,,,,,,,,,,,,,,0,,,,,
INT-World Cup,2026,France,Malo Gusto,France,DF,23,2003,1.3,,,,,,,,,,,,,,,0,,,,,
INT-World Cup,2026,France,Manu Koné,France,MF,25,2001,4.3,,,,,,,,,,,,,,,0,,,,,
INT-World Cup,2026,France,Marcus Thuram,France,"FW,MF",28,1997,0.0,,,,,,,,,,,,,,,0,,,,,
INT-World Cup,2026,France,Maxence Lacroix,France,DF,26,2000,2.7,,,,,,,,,,,,,,,0,,,,,
INT-World Cup,2026,France,Michael Olise,France,MF,24,2001,7.2,,,,,,,,,,,,,,,7,,,,,
INT-World Cup,2026,France,Mike Maignan,France,GK,30,1995,8.0,,,,,,,,,,,,,,,0,,,,,
INT-World Cup,2026,France,Ousmane Dembélé,France,MF,29,1997,6.6,,,,,,,,,,,,,,,2,,,,,
INT-World Cup,2026,France,Rayan Cherki,France,MF,22,2003,1.4,,,,,,,,,,,,,,,0,,,,,
INT-World Cup,2026,France,Theo Hernández,France,DF,28,1997,2.9,,,,,,,,,,,,,,,0,,,,,
INT-World Cup,2026,France,Warren Zaïre-Emery,France,MF,20,2006,1.2,,,,,,,,,,,,,,,0,,,,,
INT-World Cup,2026,France,William Saliba,France,DF,25,2001,5.3,,,,,,,,,,,,,,,0,,,,,
INT-World Cup,2026,Germany,Aleksandar Pavlovic,Germany,MF,22,2004,3.0,,,,,,,,,,,,,,,0,,,,,
INT-World Cup,2026,Germany,Angelo Stiller,Germany,MF,25,2001,0.5,,,,,,,,,,,,,,,0,,,,,
INT-World Cup,2026,Germany,Antonio Rüdiger,Germany,DF,33,1993,2.9,,,,,,,,,,,,,,,0,,,,,
INT-World Cup,2026,Germany,David Raum,Germany,DF,28,1998,1.2,,,,,,,,,,,,,,,0,,,,,
INT-World Cup,2026,Germany,Deniz Undav,Germany,FW,29,1996,1.7,,,,,,,,,,,,,,,2,,,,,
INT-World Cup,2026,Germany,Felix Nmecha,Germany,MF,25,2000,3.0,,,,,,,,,,,,,,,1,,,,,
INT-World Cup,2026,Germany,Florian Wirtz,Germany,MF,23,2003,4.0,,,,,,,,,,,,,,,3,,,,,
INT-World Cup,2026,Germany,Jamal Musiala,Germany,MF,23,2003,3.0,,,,,,,,,,,,,,,0,,,,,
INT-World Cup,2026,Germany,Jamie Leweling,Germany,"FW,MF",25,2001,0.3,,,,,,,,,,,,,,,0,,,,,
INT-World Cup,2026,Germany,Jonathan Tah,Germany,DF,30,1996,4.1,,,,,,,,,,,,,,,0,,,,,
INT-World Cup,2026,Germany,Joshua Kimmich,Germany,DF,31,1995,3.9,,,,,,,,,,,,,,,2,,,,,
INT-World Cup,2026,Germany,Kai Havertz,Germany,FW,27,1999,3.9,,,,,,,,,,,,,,,0,,,,,
INT-World Cup,2026,Germany,Leon Goretzka,Germany,MF,31,1995,1.1,,,,,,,,,,,,,,,0,,,,,
INT-World Cup,2026,Germany,Leroy Sané,Germany,MF,30,1996,3.6,,,,,,,,,,,,,,,0,,,,,
INT-World Cup,2026,Germany,Malick Thiaw,Germany,"DF,MF",24,2001,0.5,,,,,,,,,,,,,,,0,,,,,
INT-World Cup,2026,Germany,Manuel Neuer,Germany,GK,40,1986,4.3,,,,,,,,,,,,,,,0,,,,,
INT-World Cup,2026,Germany,Maximilian Beier,Germany,"FW,MF",23,2002,0.3,,,,,,,,,,,,,,,0,,,,,
INT-World Cup,2026,Germany,Nadiem Amiri,Germany,MF,29,1996,0.5,,,,,,,,,,,,,,,1,,,,,
INT-World Cup,2026,Germany,Nathaniel Brown,Germany,DF,22,2003,3.1,,,,,,,,,,,,,,,1,,,,,
INT-World Cup,2026,Germany,Nick Woltemade,Germany,"FW,MF",24,2002,0.4,,,,,,,,,,,,,,,0,,,,,
INT-World Cup,2026,Germany,Nico Schlotterbeck,Germany,DF,26,1999,1.5,,,,,,,,,,,,,,,0,,,,,
INT-World Cup,2026,Germany,Pascal Groß,Germany,"DF,MF",34,1991,0.2,,,,,,,,,,,,,,,0,,,,,
INT-World Cup,2026,Germany,Waldemar Anton,Germany,"DF,MF",29,1996,0.6,,,,,,,,,,,,,,,0,,,,,
INT-World Cup,2026,Ghana,Abdul Fatawu Issahaku,Ghana,"FW,MF",22,2004,1.5,,,,,,,,,,,,,,,0,,,,,
INT-World Cup,2026,Ghana,Abdul Rahman Baba,Ghana,"DF,MF",31,1994,0.0,,,,,,,,,,,,,,,0,,,,,
INT-World Cup,2026,Ghana,Alidu Seidu,Ghana,DF,26,2000,0.9,,,,,,,,,,,,,,,0,,,,,
INT-World Cup,2026,Ghana,Antoine Semenyo,Ghana,"MF,FW",26,2000,4.0,,,,,,,,,,,,,,,0,,,,,
INT-World Cup,2026,Ghana,Benjamin Asare,Ghana,GK,33,1992,2.5,,,,,,,,,,,,,,,0,,,,,
INT-World Cup,2026,Ghana,Brandon Thomas-Asante,Ghana,"FW,MF",27,1998,0.6,,,,,,,,,,,,,,,0,,,,,
INT-World Cup,2026,Ghana,Caleb Yirenkyi,Ghana,MF,20,2006,2.9,,,,,,,,,,,,,,,0,,,,,
INT-World Cup,2026,Ghana,Derrick Luckassen,Ghana,DF,30,1995,2.0,,,,,,,,,,,,,,,0,,,,,
INT-World Cup,2026,Ghana,Elisha Owusu,Ghana,MF,28,1997,1.7,,,,,,,,,,,,,,,0,,,,,
INT-World Cup,2026,Ghana,Ernest Nuamah,Ghana,MF,22,2003,1.0,,,,,,,,,,,,,,,1,,,,,
INT-World Cup,2026,Ghana,Gideon Mensah,Ghana,DF,27,1998,4.0,,,,,,,,,,,,,,,0,,,,,
INT-World Cup,2026,Ghana,Iñaki Williams,Ghana,"MF,FW",31,1994,1.4,,,,,,,,,,,,,,,0,,,,,
INT-World Cup,2026,Ghana,Jerome Opoku,Ghana,DF,27,1998,3.0,,,,,,,,,,,,,,,0,,,,,
INT-World Cup,2026,Ghana,Jonas Adjetey,Ghana,DF,22,2003,2.5,,,,,,,,,,,,,,,0,,,,,
INT-World Cup,2026,Ghana,Jordan Ayew,Ghana,FW,34,1991,3.3,,,,,,,,,,,,,,,0,,,,,
INT-World Cup,2026,Ghana,Kamaldeen Sulemana,Ghana,"MF,FW",24,2002,1.4,,,,,,,,,,,,,,,0,,,,,
INT-World Cup,2026,Ghana,Kojo Peprah Oppong,Ghana,DF,22,2004,0.5,,,,,,,,,,,,,,,0,,,,,
INT-World Cup,2026,Ghana,Kwasi Sibo,Ghana,MF,27,1998,2.8,,,,,,,,,,,,,,,0,,,,,
INT-World Cup,2026,Ghana,Lawrence Ati-Zigi,Ghana,GK,29,1996,1.5,,,,,,,,,,,,,,,0,,,,,
INT-World Cup,2026,Ghana,Marvin Senaya,Ghana,DF,25,2001,3.1,,,,,,,,,,,,,,,0,,,,,
INT-World Cup,2026,Ghana,Prince Kwabena Adu,Ghana,FW,22,2003,0.4,,,,,,,,,,,,,,,0,,,,,
INT-World Cup,2026,Ghana,Thomas Partey,Ghana,MF,33,1993,3.0,,,,,,,,,,,,,,,0,,,,,
INT-World Cup,2026,Haiti,Carlens Arcus,Haiti,"MF,DF",29,1996,1.6,,,,,,,,,,,,,,,0,,,,,
INT-World Cup,2026,Haiti,Danley Jean-Jacques,Haiti,MF,26,2000,2.9,,,,,,,,,,,,,,,0,,,,,
INT-World Cup,2026,Haiti,Derrick Etienne,Haiti,"FW,MF",29,1996,0.1,,,,,,,,,,,,,,,0,,,,,
INT-World Cup,2026,Haiti,Dominique Simon,Haiti,MF,25,2000,0.6,,,,,,,,,,,,,,,0,,,,,
INT-World Cup,2026,Haiti,Duckens Nazon,Haiti,"FW,MF",32,1994,0.3,,,,,,,,,,,,,,,0,,,,,
INT-World Cup,2026,Haiti,Frantzdy Pierrot,Haiti,FW,31,1995,1.6,,,,,,,,,,,,,,,0,,,,,
INT-World Cup,2026,Haiti,Hannes Delcroix,Haiti,DF,27,1999,3.0,,,,,,,,,,,,,,,0,,,,,
INT-World Cup,2026,Haiti,Jean-Kevin Duverne,Haiti,DF,28,1997,1.9,,,,,,,,,,,,,,,1,,,,,
INT-World Cup,2026,Haiti,Jean-Ricner Bellegarde,Haiti,MF,27,1998,2.9,,,,,,,,,,,,,,,0,,,,,
INT-World Cup,2026,Haiti,Johny Placide,Haiti,GK,38,1988,3.0,,,,,,,,,,,,,,,0,,,,,
INT-World Cup,2026,Haiti,Josué Casimir,Haiti,MF,24,2001,2.0,,,,,,,,,,,,,,,0,,,,,
INT-World Cup,2026,Haiti,Lenny Joseph,Haiti,FW,25,2000,1.3,,,,,,,,,,,,,,,0,,,,,
INT-World Cup,2026,Haiti,Louicius Deedson,Haiti,MF,25,2001,1.2,,,,,,,,,,,,,,,0,,,,,
INT-World Cup,2026,Haiti,Martin Expérience,Haiti,"DF,MF",27,1999,3.0,,,,,,,,,,,,,,,0,,,,,
INT-World Cup,2026,Haiti,Ricardo Adé,Haiti,DF,36,1990,3.0,,,,,,,,,,,,,,,0,,,,,
INT-World Cup,2026,Haiti,Ruben Providence,Haiti,MF,24,2001,2.4,,,,,,,,,,,,,,,0,,,,,
INT-World Cup,2026,Haiti,Wilson Isidor,Haiti,FW,25,2000,2.1,,,,,,,,,,,,,,,0,,,,,
INT-World Cup,2026,Haiti,Yassin Fortuné,Haiti,"FW,MF",27,1999,0.1,,,,,,,,,,,,,,,0,,,,,
INT-World Cup,2026,IR Iran,Ali Alipour,IR Iran,FW,30,1995,0.4,,,,,,,,,,,,,,,0,,,,,
INT-World Cup,2026,IR Iran,Ali Nemati,IR Iran,DF,30,1996,3.0,,,,,,,,,,,,,,,0,,,,,
INT-World Cup,2026,IR Iran,Alireza Beiranvand,IR Iran,GK,33,1992,3.0,,,,,,,,,,,,,,,0,,,,,
INT-World Cup,2026,IR Iran,Alireza Jahanbakhsh,IR Iran,"FW,MF",32,1993,0.5,,,,,,,,,,,,,,,0,,,,,
INT-World Cup,2026,IR Iran,Amirhossein Hosseinzadeh,IR Iran,FW,25,2000,0.2,,,,,,,,,,,,,,,0,,,,,
INT-World Cup,2026,IR Iran,Aria Yousefi,IR Iran,MF,24,2002,0.5,,,,,,,,,,,,,,,0,,,,,
INT-World Cup,2026,IR Iran,Ehsan Hajsafi,IR Iran,DF,36,1990,1.0,,,,,,,,,,,,,,,0,,,,,
INT-World Cup,2026,IR Iran,Hossein Kanaanizadegan,IR Iran,DF,32,1994,1.5,,,,,,,,,,,,,,,0,,,,,
INT-World Cup,2026,IR Iran,Mehdi Ghayedi,IR Iran,FW,27,1998,0.5,,,,,,,,,,,,,,,0,,,,,
INT-World Cup,2026,IR Iran,Mehdi Taremi,IR Iran,FW,33,1992,2.9,,,,,,,,,,,,,,,0,,,,,
INT-World Cup,2026,IR Iran,Mehdi Torabi,IR Iran,MF,31,1994,0.3,,,,,,,,,,,,,,,0,,,,,
INT-World Cup,2026,IR Iran,Milad Mohammadi,IR Iran,DF,32,1993,2.3,,,,,,,,,,,,,,,0,,,,,
INT-World Cup,2026,IR Iran,Mohammad Ghorbani,IR Iran,MF,25,2001,1.0,,,,,,,,,,,,,,,0,,,,,
INT-World Cup,2026,IR Iran,Mohammad Mohebi,IR Iran,MF,27,1998,2.7,,,,,,,,,,,,,,,0,,,,,
INT-World Cup,2026,IR Iran,Ramin Rezaeian,IR Iran,"DF,MF",36,1990,3.0,,,,,,,,,,,,,,,1,,,,,
INT-World Cup,2026,IR Iran,Saeid Ezatolahi,IR Iran,MF,29,1996,2.9,,,,,,,,,,,,,,,0,,,,,
INT-World Cup,2026,IR Iran,Saleh Hardani,IR Iran,DF,27,1998,1.0,,,,,,,,,,,,,,,0,,,,,
INT-World Cup,2026,IR Iran,Saman Ghoddos,IR Iran,MF,32,1993,2.3,,,,,,,,,,,,,,,0,,,,,
INT-World Cup,2026,IR Iran,Shahriar Moghanlou,IR Iran,FW,31,1994,1.0,,,,,,,,,,,,,,,0,,,,,
INT-World Cup,2026,IR Iran,Shoja' Khalilzadeh,IR Iran,DF,37,1989,3.0,,,,,,,,,,,,,,,0,,,,,
INT-World Cup,2026,Iraq,Ahmed Basil,Iraq,GK,29,1996,1.5,,,,,,,,,,,,,,,0,,,,,
INT-World Cup,2026,Iraq,Ahmed Maknzi,Iraq,DF,24,2001,0.4,,,,,,,,,,,,,,,0,,,,,
INT-World Cup,2026,Iraq,Ahmed Qasem,Iraq,"MF,FW",22,2003,1.4,,,,,,,,,,,,,,,0,,,,,
INT-World Cup,2026,Iraq,Aimar Sher,Iraq,MF,23,2002,0.3,,,,,,,,,,,,,,,0,,,,,
INT-World Cup,2026,Iraq,Akam Hashim,Iraq,DF,27,1998,3.0,,,,,,,,,,,,,,,0,,,,,
INT-World Cup,2026,Iraq,Ali Al Hamadi,Iraq,FW,24,2002,2.0,,,,,,,,,,,,,,,0,,,,,
INT-World Cup,2026,Iraq,Ali Jasim,Iraq,MF,22,2004,1.4,,,,,,,,,,,,,,,0,,,,,
INT-World Cup,2026,Iraq,Ali Yousif,Iraq,FW,30,1996,0.4,,,,,,,,,,,,,,,0,,,,,
INT-World Cup,2026,Iraq,Amir Al Ammari,Iraq,MF,28,1997,2.7,,,,,,,,,,,,,,,1,,,,,
INT-World Cup,2026,Iraq,Ayman Hussein,Iraq,FW,30,1996,1.3,,,,,,,,,,,,,,,0,,,,,
INT-World Cup,2026,Iraq,Frans Dhia Putros,Iraq,DF,32,1993,1.0,,,,,,,,,,,,,,,0,,,,,
INT-World Cup,2026,Iraq,Hussein Ali,Iraq,DF,24,2002,1.8,,,,,,,,,,,,,,,0,,,,,
INT-World Cup,2026,Iraq,Ibrahim Bayesh,Iraq,"MF,FW",26,2000,2.6,,,,,,,,,,,,,,,0,,,,,
INT-World Cup,2026,Iraq,Jalal Hassan,Iraq,GK,35,1991,1.5,,,,,,,,,,,,,,,0,,,,,
INT-World Cup,2026,Iraq,Kevin Yakob,Iraq,MF,25,2000,0.3,,,,,,,,,,,,,,,0,,,,,
INT-World Cup,2026,Iraq,Manaf Younis,Iraq,DF,29,1996,0.8,,,,,,,,,,,,,,,0,,,,,
INT-World Cup,2026,Iraq,Marko Farji,Iraq,MF,22,2004,0.6,,,,,,,,,,,,,,,0,,,,,
INT-World Cup,2026,Iraq,Merchas Doski,Iraq,DF,26,1999,3.0,,,,,,,,,,,,,,,0,,,,,
INT-World Cup,2026,Iraq,Mohanad Ali,Iraq,FW,25,2000,0.1,,,,,,,,,,,,,,,0,,,,,
INT-World Cup,2026,Iraq,Mustafa Saadoon,Iraq,DF,25,2001,0.2,,,,,,,,,,,,,,,0,,,,,
INT-World Cup,2026,Iraq,Rebin Sulaka,Iraq,DF,34,1992,0.5,,,,,,,,,,,,,,,0,,,,,
INT-World Cup,2026,Iraq,Youssef Amyn,Iraq,MF,22,2003,0.3,,,,,,,,,,,,,,,0,,,,,
INT-World Cup,2026,Iraq,Zaid Ismail,Iraq,MF,24,2002,1.3,,,,,,,,,,,,,,,0,,,,,
INT-World Cup,2026,Iraq,Zaid Tahseen,Iraq,DF,25,2001,1.7,,,,,,,,,,,,,,,0,,,,,
INT-World Cup,2026,Iraq,Zidane Iqbal,Iraq,MF,23,2003,2.1,,,,,,,,,,,,,,,0,,,,,
INT-World Cup,2026,Japan,Ao Tanaka,Japan,MF,27,1998,2.1,,,,,,,,,,,,,,,0,,,,,
INT-World Cup,2026,Japan,Ayase Ueda,Japan,FW,27,1998,3.6,,,,,,,,,,,,,,,1,,,,,
INT-World Cup,2026,Japan,Ayumu Seko,Japan,DF,26,2000,1.0,,,,,,,,,,,,,,,0,,,,,
INT-World Cup,2026,Japan,Daichi Kamada,Japan,MF,29,1996,3.7,,,,,,,,,,,,,,,0,,,,,
INT-World Cup,2026,Japan,Daizen Maeda,Japan,MF,28,1997,2.7,,,,,,,,,,,,,,,0,,,,,
INT-World Cup,2026,Japan,Hiroki Ito,Japan,DF,27,1999,4.0,,,,,,,,,,,,,,,0,,,,,
INT-World Cup,2026,Japan,Junnosuke Suzuki,Japan,DF,22,2003,0.5,,,,,,,,,,,,,,,0,,,,,
INT-World Cup,2026,Japan,Junya Itō,Japan,MF,33,1993,2.4,,,,,,,,,,,,,,,0,,,,,
INT-World Cup,2026,Japan,Kaishū Sano,Japan,MF,25,2000,3.0,,,,,,,,,,,,,,,1,,,,,
INT-World Cup,2026,Japan,Keisuke Gotō,Japan,FW,21,2005,0.1,,,,,,,,,,,,,,,0,,,,,
INT-World Cup,2026,Japan,Keito Nakamura,Japan,MF,25,2000,3.4,,,,,,,,,,,,,,,1,,,,,
INT-World Cup,2026,Japan,Kento Shiogai,Japan,FW,21,2005,0.1,,,,,,,,,,,,,,,0,,,,,
INT-World Cup,2026,Japan,Ko Itakura,Japan,DF,29,1997,1.4,,,,,,,,,,,,,,,1,,,,,
INT-World Cup,2026,Japan,Kōki Ogawa,Japan,FW,28,1997,0.5,,,,,,,,,,,,,,,1,,,,,
INT-World Cup,2026,Japan,Ritsu Doan,Japan,MF,27,1998,3.1,,,,,,,,,,,,,,,1,,,,,
INT-World Cup,2026,Japan,Shogo Taniguchi,Japan,DF,34,1991,2.6,,,,,,,,,,,,,,,0,,,,,
INT-World Cup,2026,Japan,Shuto Machino,Japan,FW,26,1999,0.1,,,,,,,,,,,,,,,0,,,,,
INT-World Cup,2026,Japan,Takefusa Kubo,Japan,MF,25,2001,0.8,,,,,,,,,,,,,,,1,,,,,
INT-World Cup,2026,Japan,Takehiro Tomiyasu,Japan,DF,27,1998,2.0,,,,,,,,,,,,,,,0,,,,,
INT-World Cup,2026,Japan,Tsuyoshi Watanabe,Japan,DF,29,1997,1.0,,,,,,,,,,,,,,,0,,,,,
INT-World Cup,2026,Japan,Yuito Suzuki,Japan,"FW,MF",24,2001,0.1,,,,,,,,,,,,,,,0,,,,,
INT-World Cup,2026,Japan,Yukinari Sugawara,Japan,MF,25,2000,1.6,,,,,,,,,,,,,,,0,,,,,
INT-World Cup,2026,Japan,Yūto Nagatomo,Japan,"DF,MF",39,1986,0.2,,,,,,,,,,,,,,,0,,,,,
INT-World Cup,2026,Japan,Zion Suzuki,Japan,GK,23,2002,4.0,,,,,,,,,,,,,,,0,,,,,
INT-World Cup,2026,Jordan,Abdallah Nasib,Jordan,DF,32,1994,2.9,,,,,,,,,,,,,,,0,,,,,
INT-World Cup,2026,Jordan,Ali Azaizeh,Jordan,MF,22,2004,0.6,,,,,,,,,,,,,,,0,,,,,
INT-World Cup,2026,Jordan,Ali Olwan,Jordan,MF,26,2000,3.0,,,,,,,,,,,,,,,0,,,,,
INT-World Cup,2026,Jordan,Amer Jamous,Jordan,MF,23,2002,0.2,,,,,,,,,,,,,,,0,,,,,
INT-World Cup,2026,Jordan,Husam Abu Dahab,Jordan,DF,26,2000,2.0,,,,,,,,,,,,,,,0,,,,,
INT-World Cup,2026,Jordan,Ihsan Haddad,Jordan,DF,32,1994,2.9,,,,,,,,,,,,,,,1,,,,,
INT-World Cup,2026,Jordan,Mahmoud Al-Mardi,Jordan,MF,32,1993,1.4,,,,,,,,,,,,,,,0,,,,,
INT-World Cup,2026,Jordan,Mo Abualnadi,Jordan,DF,25,2001,0.8,,,,,,,,,,,,,,,0,,,,,
INT-World Cup,2026,Jordan,Mohammad Abu Hasheesh,Jordan,DF,31,1995,0.1,,,,,,,,,,,,,,,0,,,,,
INT-World Cup,2026,Jordan,Mohammad Al-Dawud,Jordan,"FW,MF",34,1992,0.0,,,,,,,,,,,,,,,0,,,,,
INT-World Cup,2026,Jordan,Mohannad Abu Taha,Jordan,DF,23,2003,2.9,,,,,,,,,,,,,,,0,,,,,
INT-World Cup,2026,Jordan,Musa Al-Taamari,Jordan,FW,29,1997,2.4,,,,,,,,,,,,,,,1,,,,,
INT-World Cup,2026,Jordan,Nizar Al Rashdan,Jordan,MF,27,1999,2.8,,,,,,,,,,,,,,,0,,,,,
INT-World Cup,2026,Jordan,Noor Al Rawabdeh,Jordan,MF,29,1997,3.0,,,,,,,,,,,,,,,1,,,,,
INT-World Cup,2026,Jordan,Odeh Al-Fakhouri,Jordan,"MF,FW",20,2005,1.6,,,,,,,,,,,,,,,0,,,,,
INT-World Cup,2026,Jordan,Saed Al-Rosan,Jordan,DF,29,1997,0.1,,,,,,,,,,,,,,,0,,,,,
INT-World Cup,2026,Jordan,Salim Obaid,Jordan,DF,34,1992,0.2,,,,,,,,,,,,,,,0,,,,,
INT-World Cup,2026,Jordan,Sharara,Jordan,FW,28,1997,0.0,,,,,,,,,,,,,,,0,,,,,
INT-World Cup,2026,Jordan,Yazan Al-Arab,Jordan,DF,30,1996,3.0,,,,,,,,,,,,,,,0,,,,,
INT-World Cup,2026,Jordan,Yazeed Abulaila,Jordan,GK,33,1993,3.0,,,,,,,,,,,,,,,0,,,,,
INT-World Cup,2026,Korea Republic,Cho Gue-sung,Korea Republic,FW,28,1998,0.3,,,,,,,,,,,,,,,0,,,,,
INT-World Cup,2026,Korea Republic,Eom Ji-sung,Korea Republic,MF,24,2002,0.5,,,,,,,,,,,,,,,0,,,,,
INT-World Cup,2026,Korea Republic,Hwang Hee-chan,Korea Republic,FW,30,1996,1.2,,,,,,,,,,,,,,,0,,,,,
INT-World Cup,2026,Korea Republic,Hwang In-beom,Korea Republic,MF,29,1996,2.9,,,,,,,,,,,,,,,1,,,,,
INT-World Cup,2026,Korea Republic,Jens Castrop,Korea Republic,MF,22,2003,0.5,,,,,,,,,,,,,,,0,,,,,
INT-World Cup,2026,Korea Republic,Kim Jin-gyu,Korea Republic,MF,29,1997,0.6,,,,,,,,,,,,,,,0,,,,,
INT-World Cup,2026,Korea Republic,Kim Min-jae,Korea Republic,DF,29,1996,2.7,,,,,,,,,,,,,,,0,,,,,
INT-World Cup,2026,Korea Republic,Kim Moon-hwan,Korea Republic,MF,30,1995,0.8,,,,,,,,,,,,,,,0,,,,,
INT-World Cup,2026,Korea Republic,Kim Seung-gyu,Korea Republic,GK,35,1990,3.0,,,,,,,,,,,,,,,0,,,,,
INT-World Cup,2026,Korea Republic,Lee Gi-hyuk,Korea Republic,DF,25,2000,3.0,,,,,,,,,,,,,,,0,,,,,
INT-World Cup,2026,Korea Republic,Lee Han-beom,Korea Republic,DF,23,2002,3.0,,,,,,,,,,,,,,,0,,,,,
INT-World Cup,2026,Korea Republic,Lee Jae-sung,Korea Republic,FW,33,1992,1.3,,,,,,,,,,,,,,,0,,,,,
INT-World Cup,2026,Korea Republic,Lee Kang-in,Korea Republic,FW,25,2001,3.0,,,,,,,,,,,,,,,1,,,,,
INT-World Cup,2026,Korea Republic,Lee Tae-seok,Korea Republic,MF,23,2002,1.3,,,,,,,,,,,,,,,0,,,,,
INT-World Cup,2026,Korea Republic,Oh Hyeon-gyu,Korea Republic,FW,25,2001,1.4,,,,,,,,,,,,,,,0,,,,,
INT-World Cup,2026,Korea Republic,Paik Seung-ho,Korea Republic,MF,29,1997,2.3,,,,,,,,,,,,,,,0,,,,,
INT-World Cup,2026,Korea Republic,Park Jinseob,Korea Republic,"DF,MF",30,1995,0.4,,,,,,,,,,,,,,,0,,,,,
INT-World Cup,2026,Korea Republic,Seol Young-woo,Korea Republic,MF,27,1998,2.8,,,,,,,,,,,,,,,0,,,,,
INT-World Cup,2026,Korea Republic,Son Heung-min,Korea Republic,FW,33,1992,1.9,,,,,,,,,,,,,,,0,,,,,
INT-World Cup,2026,Korea Republic,Yang Hyun-jun,Korea Republic,"FW,MF",24,2002,0.2,,,,,,,,,,,,,,,0,,,,,
INT-World Cup,2026,Mexico,Alexis Vega,Mexico,"FW,MF",28,1997,0.1,,,,,,,,,,,,,,,0,,,,,
INT-World Cup,2026,Mexico,Armando González,Mexico,FW,23,2003,0.2,,,,,,,,,,,,,,,0,,,,,
INT-World Cup,2026,Mexico,Brian Gutiérrez,Mexico,MF,22,2003,2.2,,,,,,,,,,,,,,,0,,,,,
INT-World Cup,2026,Mexico,César Huerta,Mexico,"FW,MF",25,2000,0.1,,,,,,,,,,,,,,,0,,,,,
INT-World Cup,2026,Mexico,César Montes,Mexico,DF,29,1997,3.5,,,,,,,,,,,,,,,0,,,,,
INT-World Cup,2026,Mexico,Edson Álvarez,Mexico,"MF,DF",28,1997,2.7,,,,,,,,,,,,,,,0,,,,,
INT-World Cup,2026,Mexico,Erik Lira,Mexico,MF,26,2000,3.8,,,,,,,,,,,,,,,1,,,,,
INT-World Cup,2026,Mexico,Gilberto Mora,Mexico,MF,17,2008,2.4,,,,,,,,,,,,,,,0,,,,,
INT-World Cup,2026,Mexico,Guillermo Martínez Ayala,Mexico,FW,31,1995,0.8,,,,,,,,,,,,,,,0,,,,,
INT-World Cup,2026,Mexico,Guillermo Ochoa,Mexico,GK,40,1985,0.1,,,,,,,,,,,,,,,0,,,,,
INT-World Cup,2026,Mexico,Israel Reyes,Mexico,DF,26,2000,2.2,,,,,,,,,,,,,,,0,,,,,
INT-World Cup,2026,Mexico,Jesús Gallardo,Mexico,DF,31,1994,4.1,,,,,,,,,,,,,,,0,,,,,
INT-World Cup,2026,Mexico,Johan Vásquez,Mexico,DF,27,1998,4.0,,,,,,,,,,,,,,,0,,,,,
INT-World Cup,2026,Mexico,Jorge Sánchez,Mexico,DF,28,1997,3.9,,,,,,,,,,,,,,,1,,,,,
INT-World Cup,2026,Mexico,Julián Quiñones,Mexico,"FW,MF",29,1997,4.6,,,,,,,,,,,,,,,1,,,,,
INT-World Cup,2026,Mexico,Luis Chávez,Mexico,MF,30,1996,0.3,,,,,,,,,,,,,,,0,,,,,
INT-World Cup,2026,Mexico,Luis Romo,Mexico,MF,31,1995,2.9,,,,,,,,,,,,,,,1,,,,,
INT-World Cup,2026,Mexico,Mateo Chávez,Mexico,DF,22,2004,0.9,,,,,,,,,,,,,,,0,,,,,
INT-World Cup,2026,Mexico,Obed Vargas,Mexico,MF,20,2005,0.7,,,,,,,,,,,,,,,0,,,,,
INT-World Cup,2026,Mexico,Orbelín Pineda,Mexico,"FW,MF",30,1996,0.3,,,,,,,,,,,,,,,0,,,,,
INT-World Cup,2026,Mexico,Raúl Jiménez,Mexico,FW,35,1991,3.5,,,,,,,,,,,,,,,0,,,,,
INT-World Cup,2026,Mexico,Raúl Rangel,Mexico,GK,26,2000,4.9,,,,,,,,,,,,,,,0,,,,,
INT-World Cup,2026,Mexico,Roberto Alvarado,Mexico,"FW,MF",27,1998,4.8,,,,,,,,,,,,,,,3,,,,,
INT-World Cup,2026,Mexico,Santiago Giménez,Mexico,FW,25,2001,1.0,,,,,,,,,,,,,,,0,,,,,
INT-World Cup,2026,Mexico,Álvaro Fidalgo,Mexico,MF,29,1997,1.1,,,,,,,,,,,,,,,0,,,,,
INT-World Cup,2026,Morocco,Achraf Hakimi,Morocco,DF,27,1998,6.3,,,,,,,,,,,,,,,2,,,,,
INT-World Cup,2026,Morocco,Amine Sbai,Morocco,"FW,MF",25,2000,0.1,,,,,,,,,,,,,,,0,,,,,
INT-World Cup,2026,Morocco,Anass Salah-Eddine,Morocco,DF,24,2002,2.4,,,,,,,,,,,,,,,0,,,,,
INT-World Cup,2026,Morocco,Ayoub El Kaabi,Morocco,FW,32,1993,0.8,,,,,,,,,,,,,,,0,,,,,
INT-World Cup,2026,Morocco,Ayoube Amaimouni,Morocco,MF,21,2004,0.2,,,,,,,,,,,,,,,0,,,,,
INT-World Cup,2026,Morocco,Ayyoub Bouaddi,Morocco,MF,18,2007,4.2,,,,,,,,,,,,,,,0,,,,,
INT-World Cup,2026,Morocco,Azzedine Ounahi,Morocco,MF,26,2000,4.8,,,,,,,,,,,,,,,0,,,,,
INT-World Cup,2026,Morocco,Bilal El Khannouss,Morocco,"MF,FW",22,2004,5.1,,,,,,,,,,,,,,,0,,,,,
INT-World Cup,2026,Morocco,Brahim Díaz,Morocco,MF,26,1999,5.1,,,,,,,,,,,,,,,4,,,,,
INT-World Cup,2026,Morocco,Chadi Riad,Morocco,DF,22,2003,3.8,,,,,,,,,,,,,,,1,,,,,
INT-World Cup,2026,Morocco,Chemsdine Talbi,Morocco,MF,21,2005,2.0,,,,,,,,,,,,,,,1,,,,,
INT-World Cup,2026,Morocco,Gessime Yassine,Morocco,MF,20,2005,0.9,,,,,,,,,,,,,,,0,,,,,
INT-World Cup,2026,Morocco,Ismael Saibari,Morocco,FW,25,2001,4.2,,,,,,,,,,,,,,,0,,,,,
INT-World Cup,2026,Morocco,Issa Diop,Morocco,DF,29,1997,5.3,,,,,,,,,,,,,,,0,,,,,
INT-World Cup,2026,Morocco,Marwane Saâdane,Morocco,"DF,MF",34,1992,0.0,,,,,,,,,,,,,,,0,,,,,
INT-World Cup,2026,Morocco,Neil El Aynaoui,Morocco,MF,24,2001,6.2,,,,,,,,,,,,,,,0,,,,,
INT-World Cup,2026,Morocco,Noussair Mazraoui,Morocco,DF,28,1997,5.3,,,,,,,,,,,,,,,0,,,,,
INT-World Cup,2026,Morocco,Redouane Halhal,Morocco,DF,23,2003,2.0,,,,,,,,,,,,,,,0,,,,,
INT-World Cup,2026,Morocco,Samir El Mourabet,Morocco,MF,20,2005,0.9,,,,,,,,,,,,,,,0,,,,,
INT-World Cup,2026,Morocco,Sofyan Amrabat,Morocco,MF,29,1996,1.6,,,,,,,,,,,,,,,0,,,,,
INT-World Cup,2026,Morocco,Soufiane Rahimi,Morocco,FW,30,1996,1.8,,,,,,,,,,,,,,,1,,,,,
INT-World Cup,2026,Morocco,Yassine Bounou,Morocco,GK,35,1991,6.3,,,,,,,,,,,,,,,0,,,,,
INT-World Cup,2026,Morocco,Zakaria El Ouahdi,Morocco,"DF,MF",24,2001,0.2,,,,,,,,,,,,,,,0,,,,,
INT-World Cup,2026,Netherlands,Bart Verbruggen,Netherlands,GK,23,2002,4.3,,,,,,,,,,,,,,,0,,,,,
INT-World Cup,2026,Netherlands,Brian Brobbey,Netherlands,FW,24,2002,2.5,,,,,,,,,,,,,,,0,,,,,
INT-World Cup,2026,Netherlands,Cody Gakpo,Netherlands,FW,27,1999,4.1,,,,,,,,,,,,,,,1,,,,,
INT-World Cup,2026,Netherlands,Crysencio Summerville,Netherlands,FW,24,2001,2.8,,,,,,,,,,,,,,,2,,,,,
INT-World Cup,2026,Netherlands,Denzel Dumfries,Netherlands,"DF,MF",30,1996,4.3,,,,,,,,,,,,,,,2,,,,,
INT-World Cup,2026,Netherlands,Donyell Malen,Netherlands,FW,27,1999,2.1,,,,,,,,,,,,,,,0,,,,,
INT-World Cup,2026,Netherlands,Frenkie de Jong,Netherlands,MF,29,1997,3.6,,,,,,,,,,,,,,,0,,,,,
INT-World Cup,2026,Netherlands,Guus Til,Netherlands,"FW,MF",28,1997,0.4,,,,,,,,,,,,,,,0,,,,,
INT-World Cup,2026,Netherlands,Jan Paul van Hecke,Netherlands,DF,26,2000,4.3,,,,,,,,,,,,,,,0,,,,,
INT-World Cup,2026,Netherlands,Jorrel Hato,Netherlands,DF,20,2006,0.4,,,,,,,,,,,,,,,0,,,,,
INT-World Cup,2026,Netherlands,Justin Kluivert,Netherlands,"FW,MF",27,1999,0.3,,,,,,,,,,,,,,,0,,,,,
INT-World Cup,2026,Netherlands,Marten de Roon,Netherlands,"DF,MF",35,1991,0.1,,,,,,,,,,,,,,,0,,,,,
INT-World Cup,2026,Netherlands,Memphis,Netherlands,"FW,MF",32,1994,0.6,,,,,,,,,,,,,,,1,,,,,
INT-World Cup,2026,Netherlands,Micky van de Ven,Netherlands,"DF,MF",25,2001,2.9,,,,,,,,,,,,,,,0,,,,,
INT-World Cup,2026,Netherlands,Nathan Aké,Netherlands,DF,31,1995,1.9,,,,,,,,,,,,,,,0,,,,,
INT-World Cup,2026,Netherlands,Noa Lang,Netherlands,"FW,MF",26,1999,0.1,,,,,,,,,,,,,,,0,,,,,
INT-World Cup,2026,Netherlands,Quinten Timber,Netherlands,MF,24,2001,0.6,,,,,,,,,,,,,,,0,,,,,
INT-World Cup,2026,Netherlands,Ryan Gravenberch,Netherlands,MF,24,2002,3.8,,,,,,,,,,,,,,,2,,,,,
INT-World Cup,2026,Netherlands,Teun Koopmeiners,Netherlands,"DF,MF",28,1998,1.4,,,,,,,,,,,,,,,0,,,,,
INT-World Cup,2026,Netherlands,Tijjani Reijnders,Netherlands,MF,27,1998,2.2,,,,,,,,,,,,,,,1,,,,,
INT-World Cup,2026,Netherlands,Virgil van Dijk,Netherlands,DF,34,1991,4.3,,,,,,,,,,,,,,,1,,,,,
INT-World Cup,2026,Netherlands,Wout Weghorst,Netherlands,FW,33,1992,0.6,,,,,,,,,,,,,,,0,,,,,
INT-World Cup,2026,New Zealand,Ben Old,New Zealand,MF,23,2002,1.0,,,,,,,,,,,,,,,0,,,,,
INT-World Cup,2026,New Zealand,Callan Elliot,New Zealand,DF,26,1999,0.1,,,,,,,,,,,,,,,0,,,,,
INT-World Cup,2026,New Zealand,Callum McCowatt,New Zealand,MF,27,1999,1.8,,,,,,,,,,,,,,,0,,,,,
INT-World Cup,2026,New Zealand,Chris Wood,New Zealand,FW,34,1991,3.0,,,,,,,,,,,,,,,2,,,,,
INT-World Cup,2026,New Zealand,Elijah Just,New Zealand,MF,26,2000,2.9,,,,,,,,,,,,,,,0,,,,,
INT-World Cup,2026,New Zealand,Finn Surman,New Zealand,DF,22,2003,3.0,,,,,,,,,,,,,,,0,,,,,
INT-World Cup,2026,New Zealand,Francis de Vries,New Zealand,DF,31,1994,0.2,,,,,,,,,,,,,,,0,,,,,
INT-World Cup,2026,New Zealand,Jesse Randall,New Zealand,MF,23,2002,0.7,,,,,,,,,,,,,,,0,,,,,
INT-World Cup,2026,New Zealand,Joe Bell,New Zealand,MF,27,1999,2.7,,,,,,,,,,,,,,,0,,,,,
INT-World Cup,2026,New Zealand,Liberato Cacace,New Zealand,DF,25,2000,2.4,,,,,,,,,,,,,,,0,,,,,
INT-World Cup,2026,New Zealand,Marko Stamenic,New Zealand,MF,24,2002,3.0,,,,,,,,,,,,,,,0,,,,,
INT-World Cup,2026,New Zealand,Max Crocombe,New Zealand,GK,32,1993,3.0,,,,,,,,,,,,,,,0,,,,,
INT-World Cup,2026,New Zealand,Michael Boxall,New Zealand,DF,37,1988,2.3,,,,,,,,,,,,,,,0,,,,,
INT-World Cup,2026,New Zealand,Ryan Thomas,New Zealand,MF,31,1994,0.9,,,,,,,,,,,,,,,0,,,,,
INT-World Cup,2026,New Zealand,Sarpreet Singh,New Zealand,MF,27,1999,2.3,,,,,,,,,,,,,,,0,,,,,
INT-World Cup,2026,New Zealand,Tim Payne,New Zealand,DF,32,1994,2.5,,,,,,,,,,,,,,,1,,,,,
INT-World Cup,2026,New Zealand,Tyler Bindon,New Zealand,DF,21,2005,1.1,,,,,,,,,,,,,,,0,,,,,
INT-World Cup,2026,Norway,Alexander Sørloth,Norway,FW,30,1995,3.7,,,,,,,,,,,,,,,0,,,,,
INT-World Cup,2026,Norway,Andreas Schjelderup,Norway,FW,22,2004,2.8,,,,,,,,,,,,,,,3,,,,,
INT-World Cup,2026,Norway,Antonio Nusa,Norway,FW,21,2005,3.5,,,,,,,,,,,,,,,0,,,,,
INT-World Cup,2026,Norway,David Møller Wolfe,Norway,DF,24,2002,4.8,,,,,,,,,,,,,,,1,,,,,
INT-World Cup,2026,Norway,Egil Selvik,Norway,GK,28,1997,1.0,,,,,,,,,,,,,,,0,,,,,
INT-World Cup,2026,Norway,Erling Haaland,Norway,FW,25,2000,5.2,,,,,,,,,,,,,,,0,,,,,
INT-World Cup,2026,Norway,Fredrik André Bjørkan,Norway,DF,27,1998,0.5,,,,,,,,,,,,,,,0,,,,,
INT-World Cup,2026,Norway,Fredrik Aursnes,Norway,"MF,DF",30,1995,3.4,,,,,,,,,,,,,,,0,,,,,
INT-World Cup,2026,Norway,Henrik Falchener,Norway,DF,23,2003,0.7,,,,,,,,,,,,,,,0,,,,,
INT-World Cup,2026,Norway,Jens Petter Hauge,Norway,"DF,FW",26,1999,0.1,,,,,,,,,,,,,,,0,,,,,
INT-World Cup,2026,Norway,Julian Ryerson,Norway,DF,28,1997,2.5,,,,,,,,,,,,,,,0,,,,,
INT-World Cup,2026,Norway,Jørgen Strand Larsen,Norway,FW,26,2000,1.2,,,,,,,,,,,,,,,0,,,,,
INT-World Cup,2026,Norway,Kristian Thorstvedt,Norway,MF,27,1999,0.7,,,,,,,,,,,,,,,0,,,,,
INT-World Cup,2026,Norway,Kristoffer Ajer,Norway,DF,28,1998,5.3,,,,,,,,,,,,,,,0,,,,,
INT-World Cup,2026,Norway,Leo Østigård,Norway,DF,26,1999,1.6,,,,,,,,,,,,,,,0,,,,,
INT-World Cup,2026,Norway,Marcus Pedersen,Norway,DF,25,2000,2.6,,,,,,,,,,,,,,,0,,,,,
INT-World Cup,2026,Norway,Martin Ødegaard,Norway,MF,27,1998,5.2,,,,,,,,,,,,,,,4,,,,,
INT-World Cup,2026,Norway,Morten Thorsby,Norway,MF,30,1996,0.5,,,,,,,,,,,,,,,0,,,,,
INT-World Cup,2026,Norway,Oscar Bobb,Norway,FW,22,2003,2.5,,,,,,,,,,,,,,,0,,,,,
INT-World Cup,2026,Norway,Patrick Berg,Norway,MF,28,1997,4.9,,,,,,,,,,,,,,,2,,,,,
INT-World Cup,2026,Norway,Sander Berge,Norway,MF,28,1998,5.3,,,,,,,,,,,,,,,0,,,,,
INT-World Cup,2026,Norway,Sondre Langås,Norway,DF,25,2001,0.3,,,,,,,,,,,,,,,0,,,,,
INT-World Cup,2026,Norway,Thelo Aasgaard,Norway,MF,24,2002,1.0,,,,,,,,,,,,,,,0,,,,,
INT-World Cup,2026,Norway,Torbjørn Heggem,Norway,DF,27,1999,4.9,,,,,,,,,,,,,,,0,,,,,
INT-World Cup,2026,Norway,Ørjan Nyland,Norway,GK,35,1990,5.3,,,,,,,,,,,,,,,0,,,,,
INT-World Cup,2026,Panama,Alberto Quintero,Panama,"FW,MF",38,1987,0.0,,,,,,,,,,,,,,,0,,,,,
INT-World Cup,2026,Panama,Andrés Andrade Cedeño,Panama,DF,27,1998,3.0,,,,,,,,,,,,,,,0,,,,,
INT-World Cup,2026,Panama,Aníbal Godoy,Panama,MF,36,1990,0.0,,,,,,,,,,,,,,,0,,,,,
INT-World Cup,2026,Panama,Azarías Londoño,Panama,MF,24,2001,0.6,,,,,,,,,,,,,,,0,,,,,
INT-World Cup,2026,Panama,Carlos Harvey,Panama,MF,26,2000,3.0,,,,,,,,,,,,,,,0,,,,,
INT-World Cup,2026,Panama,Cecilio Waterman,Panama,FW,35,1991,0.8,,,,,,,,,,,,,,,0,,,,,
INT-World Cup,2026,Panama,Cristian Martínez,Panama,"MF,FW",29,1997,2.7,,,,,,,,,,,,,,,0,,,,,
INT-World Cup,2026,Panama,César Blackman,Panama,"MF,DF",28,1998,2.0,,,,,,,,,,,,,,,0,,,,,
INT-World Cup,2026,Panama,Erick Davis,Panama,DF,35,1991,0.0,,,,,,,,,,,,,,,0,,,,,
INT-World Cup,2026,Panama,Fidel Escobar,Panama,DF,31,1995,1.0,,,,,,,,,,,,,,,0,,,,,
INT-World Cup,2026,Panama,Ismael Díaz,Panama,"FW,MF",29,1997,0.4,,,,,,,,,,,,,,,0,,,,,
INT-World Cup,2026,Panama,Jiovany Ramos,Panama,DF,29,1997,1.8,,,,,,,,,,,,,,,0,,,,,
INT-World Cup,2026,Panama,Jorge Gutiérrez,Panama,DF,27,1998,1.0,,,,,,,,,,,,,,,0,,,,,
INT-World Cup,2026,Panama,José Córdoba,Panama,DF,25,2001,3.0,,,,,,,,,,,,,,,0,,,,,
INT-World Cup,2026,Panama,José Fajardo,Panama,FW,32,1993,1.7,,,,,,,,,,,,,,,0,,,,,
INT-World Cup,2026,Panama,José Luis Rodríguez,Panama,"MF,FW",27,1998,2.6,,,,,,,,,,,,,,,0,,,,,
INT-World Cup,2026,Panama,Michael Amir Murillo,Panama,"DF,MF",30,1996,3.0,,,,,,,,,,,,,,,0,,,,,
INT-World Cup,2026,Panama,Orlando Mosquera,Panama,GK,31,1994,3.0,,,,,,,,,,,,,,,0,,,,,
INT-World Cup,2026,Panama,Tomás Rodríguez,Panama,FW,27,1999,0.5,,,,,,,,,,,,,,,0,,,,,
INT-World Cup,2026,Panama,Yoel Bárcenas,Panama,MF,32,1993,2.8,,,,,,,,,,,,,,,0,,,,,
INT-World Cup,2026,Paraguay,Alexandro Maidana,Paraguay,DF,20,2005,0.6,,,,,,,,,,,,,,,0,,,,,
INT-World Cup,2026,Paraguay,Andrés Cubas,Paraguay,MF,30,1996,5.3,,,,,,,,,,,,,,,0,,,,,
INT-World Cup,2026,Paraguay,Antonio Sanabria,Paraguay,FW,30,1996,0.9,,,,,,,,,,,,,,,0,,,,,
INT-World Cup,2026,Paraguay,Braian Ojeda,Paraguay,MF,25,2000,0.2,,,,,,,,,,,,,,,0,,,,,
INT-World Cup,2026,Paraguay,Damián Bobadilla,Paraguay,MF,24,2001,2.1,,,,,,,,,,,,,,,0,,,,,
INT-World Cup,2026,Paraguay,Diego Gómez,Paraguay,MF,23,2003,3.4,,,,,,,,,,,,,,,0,,,,,
INT-World Cup,2026,Paraguay,Fabián Balbuena,Paraguay,DF,34,1991,0.0,,,,,,,,,,,,,,,0,,,,,
INT-World Cup,2026,Paraguay,Gabriel Ávalos,Paraguay,FW,35,1990,1.6,,,,,,,,,,,,,,,0,,,,,
INT-World Cup,2026,Paraguay,Gustavo Caballero,Paraguay,"FW,MF",24,2001,1.1,,,,,,,,,,,,,,,0,,,,,
INT-World Cup,2026,Paraguay,Gustavo Gómez,Paraguay,DF,33,1993,5.3,,,,,,,,,,,,,,,0,,,,,
INT-World Cup,2026,Paraguay,Gustavo Velásquez,Paraguay,DF,35,1991,2.7,,,,,,,,,,,,,,,0,,,,,
INT-World Cup,2026,Paraguay,Isidro Pitta,Paraguay,FW,26,1999,0.5,,,,,,,,,,,,,,,0,,,,,
INT-World Cup,2026,Paraguay,José Canale,Paraguay,DF,29,1996,1.8,,,,,,,,,,,,,,,0,,,,,
INT-World Cup,2026,Paraguay,Juan Cáceres,Paraguay,DF,26,2000,4.8,,,,,,,,,,,,,,,0,,,,,
INT-World Cup,2026,Paraguay,Julio Enciso,Paraguay,FW,22,2004,4.3,,,,,,,,,,,,,,,2,,,,,
INT-World Cup,2026,Paraguay,Júnior Alonso,Paraguay,DF,33,1993,4.3,,,,,,,,,,,,,,,0,,,,,
INT-World Cup,2026,Paraguay,Kaku,Paraguay,MF,31,1995,0.1,,,,,,,,,,,,,,,0,,,,,
INT-World Cup,2026,Paraguay,Matías Galarza,Paraguay,MF,24,2002,4.3,,,,,,,,,,,,,,,1,,,,,
INT-World Cup,2026,Paraguay,Mauricio,Paraguay,MF,25,2001,1.9,,,,,,,,,,,,,,,0,,,,,
INT-World Cup,2026,Paraguay,Miguel Almirón,Paraguay,"MF,FW",32,1994,3.1,,,,,,,,,,,,,,,0,,,,,
INT-World Cup,2026,Paraguay,Omar Alderete,Paraguay,DF,29,1996,3.6,,,,,,,,,,,,,,,0,,,,,
INT-World Cup,2026,Paraguay,Orlando Gill,Paraguay,GK,26,2000,5.3,,,,,,,,,,,,,,,0,,,,,
INT-World Cup,2026,Paraguay,Ramón Sosa,Paraguay,"FW,MF",26,1999,0.1,,,,,,,,,,,,,,,0,,,,,
INT-World Cup,2026,Paraguay,Álex Arce,Paraguay,FW,30,1995,0.6,,,,,,,,,,,,,,,0,,,,,
INT-World Cup,2026,Portugal,Bernardo Silva,Portugal,MF,31,1994,1.1,,,,,,,,,,,,,,,0,,,,,
INT-World Cup,2026,Portugal,Bruno Fernandes,Portugal,MF,31,1994,4.7,,,,,,,,,,,,,,,1,,,,,
INT-World Cup,2026,Portugal,Cristiano Ronaldo,Portugal,FW,41,1985,4.9,,,,,,,,,,,,,,,0,,,,,
INT-World Cup,2026,Portugal,Diogo Costa,Portugal,GK,26,1999,5.0,,,,,,,,,,,,,,,0,,,,,
INT-World Cup,2026,Portugal,Diogo Dalot,Portugal,"DF,MF",27,1999,0.7,,,,,,,,,,,,,,,0,,,,,
INT-World Cup,2026,Portugal,Francisco Conceição,Portugal,MF,23,2002,1.4,,,,,,,,,,,,,,,0,,,,,
INT-World Cup,2026,Portugal,Francisco Trincão,Portugal,"FW,MF",26,1999,0.3,,,,,,,,,,,,,,,0,,,,,
INT-World Cup,2026,Portugal,Gonçalo Ramos,Portugal,FW,24,2001,0.4,,,,,,,,,,,,,,,0,,,,,
INT-World Cup,2026,Portugal,João Cancelo,Portugal,DF,32,1994,3.5,,,,,,,,,,,,,,,1,,,,,
INT-World Cup,2026,Portugal,João Félix,Portugal,MF,26,1999,2.2,,,,,,,,,,,,,,,0,,,,,
INT-World Cup,2026,Portugal,João Neves,Portugal,MF,21,2004,4.3,,,,,,,,,,,,,,,0,,,,,
INT-World Cup,2026,Portugal,Matheus Nunes,Portugal,"DF,MF",27,1998,0.0,,,,,,,,,,,,,,,0,,,,,
INT-World Cup,2026,Portugal,Nuno Mendes,Portugal,DF,23,2002,4.4,,,,,,,,,,,,,,,0,,,,,
INT-World Cup,2026,Portugal,Nélson Semedo,Portugal,"DF,MF",32,1993,1.4,,,,,,,,,,,,,,,0,,,,,
INT-World Cup,2026,Portugal,Pedro Neto,Portugal,MF,26,2000,3.9,,,,,,,,,,,,,,,1,,,,,
INT-World Cup,2026,Portugal,Rafael Leão,Portugal,MF,27,1999,1.8,,,,,,,,,,,,,,,1,,,,,
INT-World Cup,2026,Portugal,Renato Veiga,Portugal,DF,22,2003,5.0,,,,,,,,,,,,,,,0,,,,,
INT-World Cup,2026,Portugal,Rúben Dias,Portugal,DF,29,1997,4.0,,,,,,,,,,,,,,,0,,,,,
INT-World Cup,2026,Portugal,Rúben Neves,Portugal,MF,29,1997,0.6,,,,,,,,,,,,,,,0,,,,,
INT-World Cup,2026,Portugal,Samu Costa,Portugal,MF,25,2000,0.2,,,,,,,,,,,,,,,0,,,,,
INT-World Cup,2026,Portugal,Tomás Araújo,Portugal,DF,24,2002,1.0,,,,,,,,,,,,,,,0,,,,,
INT-World Cup,2026,Portugal,Vitinha,Portugal,MF,26,2000,4.2,,,,,,,,,,,,,,,0,,,,,
INT-World Cup,2026,Qatar,Abdulaziz Hatem,Qatar,MF,36,1990,0.5,,,,,,,,,,,,,,,0,,,,,
INT-World Cup,2026,Qatar,Ahmed Al-Ganehi,Qatar,FW,25,2000,0.4,,,,,,,,,,,,,,,0,,,,,
INT-World Cup,2026,Qatar,Ahmed Alaaeldin,Qatar,FW,33,1993,0.5,,,,,,,,,,,,,,,0,,,,,
INT-World Cup,2026,Qatar,Ahmed Fathy,Qatar,MF,33,1993,1.7,,,,,,,,,,,,,,,0,,,,,
INT-World Cup,2026,Qatar,Akram Afif,Qatar,"FW,MF",29,1996,2.6,,,,,,,,,,,,,,,0,,,,,
INT-World Cup,2026,Qatar,Al-Hashmi Al-Hussain,Qatar,MF,22,2003,0.4,,,,,,,,,,,,,,,0,,,,,
INT-World Cup,2026,Qatar,Almoez Ali,Qatar,FW,29,1996,0.2,,,,,,,,,,,,,,,0,,,,,
INT-World Cup,2026,Qatar,Assim Madibo,Qatar,MF,29,1996,1.5,,,,,,,,,,,,,,,0,,,,,
INT-World Cup,2026,Qatar,Ayoub Al-Oui,Qatar,DF,21,2005,1.7,,,,,,,,,,,,,,,0,,,,,
INT-World Cup,2026,Qatar,Boualem Khoukhi,Qatar,DF,35,1990,3.0,,,,,,,,,,,,,,,0,,,,,
INT-World Cup,2026,Qatar,Edmilson Junior,Qatar,"MF,FW",31,1994,2.3,,,,,,,,,,,,,,,1,,,,,
INT-World Cup,2026,Qatar,Hassan Al-Haydos,Qatar,MF,35,1990,0.6,,,,,,,,,,,,,,,0,,,,,
INT-World Cup,2026,Qatar,Homam Ahmed,Qatar,DF,26,1999,1.4,,,,,,,,,,,,,,,1,,,,,
INT-World Cup,2026,Qatar,Issa Laye,Qatar,"MF,DF",28,1997,3.0,,,,,,,,,,,,,,,0,,,,,
INT-World Cup,2026,Qatar,Jassem Gaber,Qatar,MF,24,2002,1.7,,,,,,,,,,,,,,,0,,,,,
INT-World Cup,2026,Qatar,Karim Boudiaf,Qatar,MF,35,1990,1.1,,,,,,,,,,,,,,,0,,,,,
INT-World Cup,2026,Qatar,Lucas Mendes,Qatar,DF,35,1990,0.0,,,,,,,,,,,,,,,0,,,,,
INT-World Cup,2026,Qatar,Mahmoud Abunada,Qatar,GK,26,2000,3.0,,,,,,,,,,,,,,,0,,,,,
INT-World Cup,2026,Qatar,Mohamed Manai,Qatar,DF,23,2002,0.8,,,,,,,,,,,,,,,0,,,,,
INT-World Cup,2026,Qatar,Ró-Ró,Qatar,DF,35,1990,3.0,,,,,,,,,,,,,,,0,,,,,
INT-World Cup,2026,Qatar,Sultan Al-Brake,Qatar,DF,30,1996,1.6,,,,,,,,,,,,,,,0,,,,,
INT-World Cup,2026,Qatar,Yusuf Abdurisag,Qatar,FW,26,1999,1.1,,,,,,,,,,,,,,,0,,,,,
INT-World Cup,2026,Saudi Arabia,Abdulelah Al-Amri,Saudi Arabia,DF,29,1997,2.7,,,,,,,,,,,,,,,0,,,,,
INT-World Cup,2026,Saudi Arabia,Abdullah Al-Hamdan,Saudi Arabia,FW,26,1999,0.8,,,,,,,,,,,,,,,0,,,,,
INT-World Cup,2026,Saudi Arabia,Abdullah Al-Khaibari,Saudi Arabia,MF,29,1996,2.0,,,,,,,,,,,,,,,0,,,,,
INT-World Cup,2026,Saudi Arabia,Alaa Al Hejji,Saudi Arabia,MF,30,1995,0.4,,,,,,,,,,,,,,,0,,,,,
INT-World Cup,2026,Saudi Arabia,Ali Lajami,Saudi Arabia,DF,30,1996,1.7,,,,,,,,,,,,,,,0,,,,,
INT-World Cup,2026,Saudi Arabia,Firas Al-Buraikan,Saudi Arabia,FW,26,2000,2.6,,,,,,,,,,,,,,,0,,,,,
INT-World Cup,2026,Saudi Arabia,Hassan Al Tambakti,Saudi Arabia,DF,27,1999,2.4,,,,,,,,,,,,,,,0,,,,,
INT-World Cup,2026,Saudi Arabia,Khalid Al Ghannam,Saudi Arabia,MF,25,2000,0.0,,,,,,,,,,,,,,,0,,,,,
INT-World Cup,2026,Saudi Arabia,Mohamed Kanno,Saudi Arabia,MF,31,1994,2.5,,,,,,,,,,,,,,,0,,,,,
INT-World Cup,2026,Saudi Arabia,Mohammed Abu Al-Shamat,Saudi Arabia,MF,23,2002,1.5,,,,,,,,,,,,,,,0,,,,,
INT-World Cup,2026,Saudi Arabia,Mohammed Al-Owais,Saudi Arabia,GK,34,1991,3.0,,,,,,,,,,,,,,,0,,,,,
INT-World Cup,2026,Saudi Arabia,Moteb Al-Harbi,Saudi Arabia,DF,26,2000,2.1,,,,,,,,,,,,,,,0,,,,,
INT-World Cup,2026,Saudi Arabia,Musab Al Juwayr,Saudi Arabia,"MF,FW",22,2003,1.7,,,,,,,,,,,,,,,0,,,,,
INT-World Cup,2026,Saudi Arabia,Nasser Al-Dawsari,Saudi Arabia,MF,27,1998,2.3,,,,,,,,,,,,,,,0,,,,,
INT-World Cup,2026,Saudi Arabia,Nawaf Boushal,Saudi Arabia,DF,26,1999,1.0,,,,,,,,,,,,,,,0,,,,,
INT-World Cup,2026,Saudi Arabia,Salem Al-Dawsari,Saudi Arabia,MF,34,1991,2.7,,,,,,,,,,,,,,,0,,,,,
INT-World Cup,2026,Saudi Arabia,Saud Abdulhamid,Saudi Arabia,DF,26,1999,3.0,,,,,,,,,,,,,,,0,,,,,
INT-World Cup,2026,Saudi Arabia,Sultan Mendash,Saudi Arabia,MF,31,1994,0.7,,,,,,,,,,,,,,,0,,,,,
INT-World Cup,2026,Scotland,Aaron Hickey,Scotland,DF,24,2002,0.8,,,,,,,,,,,,,,,0,,,,,
INT-World Cup,2026,Scotland,Andy Robertson,Scotland,DF,32,1994,2.5,,,,,,,,,,,,,,,0,,,,,
INT-World Cup,2026,Scotland,Angus Gunn,Scotland,GK,30,1996,3.0,,,,,,,,,,,,,,,0,,,,,
INT-World Cup,2026,Scotland,Anthony Ralston,Scotland,DF,27,1998,0.1,,,,,,,,,,,,,,,0,,,,,
INT-World Cup,2026,Scotland,Ben Gannon-Doak,Scotland,MF,20,2005,2.1,,,,,,,,,,,,,,,0,,,,,
INT-World Cup,2026,Scotland,Ché Adams,Scotland,FW,29,1996,1.6,,,,,,,,,,,,,,,0,,,,,
INT-World Cup,2026,Scotland,Findlay Curtis,Scotland,MF,19,2006,0.1,,,,,,,,,,,,,,,0,,,,,
INT-World Cup,2026,Scotland,Grant Hanley,Scotland,DF,34,1991,2.0,,,,,,,,,,,,,,,0,,,,,
INT-World Cup,2026,Scotland,Jack Hendry,Scotland,DF,31,1995,3.0,,,,,,,,,,,,,,,0,,,,,
INT-World Cup,2026,Scotland,John McGinn,Scotland,MF,31,1994,2.9,,,,,,,,,,,,,,,0,,,,,
INT-World Cup,2026,Scotland,Kenny McLean,Scotland,MF,34,1992,1.3,,,,,,,,,,,,,,,0,,,,,
INT-World Cup,2026,Scotland,Kieran Tierney,Scotland,MF,29,1997,1.2,,,,,,,,,,,,,,,0,,,,,
INT-World Cup,2026,Scotland,Lawrence Shankland,Scotland,FW,30,1995,1.9,,,,,,,,,,,,,,,0,,,,,
INT-World Cup,2026,Scotland,Lewis Ferguson,Scotland,MF,26,1999,3.0,,,,,,,,,,,,,,,0,,,,,
INT-World Cup,2026,Scotland,Lyndon Dykes,Scotland,"FW,MF",30,1995,0.4,,,,,,,,,,,,,,,0,,,,,
INT-World Cup,2026,Scotland,Nathan Patterson,Scotland,DF,24,2001,2.1,,,,,,,,,,,,,,,0,,,,,
INT-World Cup,2026,Scotland,Ross Stewart,Scotland,FW,29,1996,0.0,,,,,,,,,,,,,,,0,,,,,
INT-World Cup,2026,Scotland,Ryan Christie,Scotland,MF,31,1995,1.1,,,,,,,,,,,,,,,0,,,,,
INT-World Cup,2026,Scotland,Scott McKenna,Scotland,DF,29,1996,1.0,,,,,,,,,,,,,,,0,,,,,
INT-World Cup,2026,Scotland,Scott McTominay,Scotland,MF,29,1996,3.0,,,,,,,,,,,,,,,0,,,,,
INT-World Cup,2026,Senegal,Abdoulaye Seck,Senegal,DF,34,1992,0.6,,,,,,,,,,,,,,,1,,,,,
INT-World Cup,2026,Senegal,Assane Diao,Senegal,MF,20,2005,0.1,,,,,,,,,,,,,,,0,,,,,
INT-World Cup,2026,Senegal,Bamba Dieng,Senegal,FW,26,2000,0.1,,,,,,,,,,,,,,,0,,,,,
INT-World Cup,2026,Senegal,Bara Sapoko Ndiaye,Senegal,MF,18,2007,0.3,,,,,,,,,,,,,,,0,,,,,
INT-World Cup,2026,Senegal,El Hadji Malick Diouf,Senegal,DF,21,2004,1.9,,,,,,,,,,,,,,,0,,,,,
INT-World Cup,2026,Senegal,Habib Diarra,Senegal,MF,22,2004,1.6,,,,,,,,,,,,,,,0,,,,,
INT-World Cup,2026,Senegal,Ibrahim Mbaye,Senegal,MF,18,2008,1.7,,,,,,,,,,,,,,,0,,,,,
INT-World Cup,2026,Senegal,Idrissa Gueye,Senegal,MF,36,1989,4.0,,,,,,,,,,,,,,,0,,,,,
INT-World Cup,2026,Senegal,Iliman Ndiaye,Senegal,FW,26,2000,1.3,,,,,,,,,,,,,,,2,,,,,
INT-World Cup,2026,Senegal,Ismail Jakobs,Senegal,DF,26,1999,2.4,,,,,,,,,,,,,,,0,,,,,
INT-World Cup,2026,Senegal,Ismaila Sarr,Senegal,"MF,FW",28,1998,4.0,,,,,,,,,,,,,,,1,,,,,
INT-World Cup,2026,Senegal,Kalidou Koulibaly,Senegal,DF,34,1991,1.8,,,,,,,,,,,,,,,0,,,,,
INT-World Cup,2026,Senegal,Krépin Diatta,Senegal,DF,27,1999,4.3,,,,,,,,,,,,,,,0,,,,,
INT-World Cup,2026,Senegal,Lamine Camara,Senegal,MF,22,2004,2.8,,,,,,,,,,,,,,,1,,,,,
INT-World Cup,2026,Senegal,Mory Diaw,Senegal,GK,32,1993,2.6,,,,,,,,,,,,,,,0,,,,,
INT-World Cup,2026,Senegal,Moussa Niakhaté,Senegal,DF,30,1996,4.3,,,,,,,,,,,,,,,1,,,,,
INT-World Cup,2026,Senegal,Nicolas Jackson,Senegal,FW,24,2001,2.6,,,,,,,,,,,,,,,1,,,,,
INT-World Cup,2026,Senegal,Pape Gueye,Senegal,MF,27,1999,2.6,,,,,,,,,,,,,,,1,,,,,
INT-World Cup,2026,Senegal,Pape Matar Sarr,Senegal,MF,23,2002,0.7,,,,,,,,,,,,,,,0,,,,,
INT-World Cup,2026,Senegal,Pathé Ciss,Senegal,DF,32,1994,2.0,,,,,,,,,,,,,,,0,,,,,
INT-World Cup,2026,Senegal,Sadio Mané,Senegal,"MF,FW",34,1992,4.0,,,,,,,,,,,,,,,1,,,,,
INT-World Cup,2026,Senegal,Édouard Mendy,Senegal,GK,34,1992,1.7,,,,,,,,,,,,,,,0,,,,,
INT-World Cup,2026,South Africa,Aubrey Modiba,South Africa,DF,30,1995,3.8,,,,,,,,,,,,,,,0,,,,,
INT-World Cup,2026,South Africa,Evidence Makgopa,South Africa,FW,26,2000,2.4,,,,,,,,,,,,,,,0,,,,,
INT-World Cup,2026,South Africa,Ime Okon,South Africa,DF,22,2004,4.0,,,,,,,,,,,,,,,0,,,,,
INT-World Cup,2026,South Africa,Iqraam Rayners,South Africa,FW,30,1995,1.8,,,,,,,,,,,,,,,0,,,,,
INT-World Cup,2026,South Africa,Jayden Adams,South Africa,MF,25,2001,1.3,,,,,,,,,,,,,,,0,,,,,
INT-World Cup,2026,South Africa,Kamogelo Sebelebele,South Africa,"DF,MF",23,2002,0.1,,,,,,,,,,,,,,,0,,,,,
INT-World Cup,2026,South Africa,Khuliso Mudau,South Africa,DF,31,1995,4.0,,,,,,,,,,,,,,,0,,,,,
INT-World Cup,2026,South Africa,Lyle Foster,South Africa,FW,25,2000,0.6,,,,,,,,,,,,,,,0,,,,,
INT-World Cup,2026,South Africa,Mbekezeli Mbokazi,South Africa,DF,20,2005,4.0,,,,,,,,,,,,,,,0,,,,,
INT-World Cup,2026,South Africa,Nkosinathi Sibisi,South Africa,DF,30,1995,1.0,,,,,,,,,,,,,,,0,,,,,
INT-World Cup,2026,South Africa,Oswin Appollis,South Africa,"MF,FW",24,2001,2.8,,,,,,,,,,,,,,,0,,,,,
INT-World Cup,2026,South Africa,Relebohile Mofokeng,South Africa,MF,21,2004,1.9,,,,,,,,,,,,,,,0,,,,,
INT-World Cup,2026,South Africa,Ronwen Williams,South Africa,GK,34,1992,4.0,,,,,,,,,,,,,,,0,,,,,
INT-World Cup,2026,South Africa,Sphephelo Sithole,South Africa,MF,27,1999,2.5,,,,,,,,,,,,,,,0,,,,,
INT-World Cup,2026,South Africa,Teboho Mokoena,South Africa,MF,29,1997,3.0,,,,,,,,,,,,,,,0,,,,,
INT-World Cup,2026,South Africa,Thalente Mbatha,South Africa,MF,26,2000,2.9,,,,,,,,,,,,,,,0,,,,,
INT-World Cup,2026,South Africa,Thapelo Maseko,South Africa,"MF,FW",22,2003,2.7,,,,,,,,,,,,,,,0,,,,,
INT-World Cup,2026,South Africa,Themba Zwane,South Africa,"FW,MF",36,1989,0.3,,,,,,,,,,,,,,,0,,,,,
INT-World Cup,2026,South Africa,Tshepang Moremi,South Africa,MF,25,2000,0.4,,,,,,,,,,,,,,,1,,,,,
INT-World Cup,2026,Spain,Aymeric Laporte,Spain,DF,32,1994,8.1,,,,,,,,,,,,,,,1,,,,,
INT-World Cup,2026,Spain,Borja Iglesias,Spain,FW,33,1993,0.0,,,,,,,,,,,,,,,0,,,,,
INT-World Cup,2026,Spain,Dani Olmo,Spain,MF,28,1998,5.5,,,,,,,,,,,,,,,2,,,,,
INT-World Cup,2026,Spain,Eric García,Spain,"DF,MF",25,2001,0.2,,,,,,,,,,,,,,,0,,,,,
INT-World Cup,2026,Spain,Fabián Ruiz Peña,Spain,MF,30,1996,3.6,,,,,,,,,,,,,,,0,,,,,
INT-World Cup,2026,Spain,Ferran Torres,Spain,FW,26,2000,3.2,,,,,,,,,,,,,,,1,,,,,
INT-World Cup,2026,Spain,Gavi,Spain,FW,21,2004,0.8,,,,,,,,,,,,,,,0,,,,,
INT-World Cup,2026,Spain,Lamine Yamal,Spain,"MF,FW",18,2007,6.8,,,,,,,,,,,,,,,0,,,,,
INT-World Cup,2026,Spain,Marc Cucurella,Spain,DF,27,1998,8.3,,,,,,,,,,,,,,,2,,,,,
INT-World Cup,2026,Spain,Marc Pubill,Spain,DF,22,2003,0.0,,,,,,,,,,,,,,,0,,,,,
INT-World Cup,2026,Spain,Marcos Llorente,Spain,DF,31,1995,2.1,,,,,,,,,,,,,,,1,,,,,
INT-World Cup,2026,Spain,Martín Zubimendi,Spain,MF,27,1999,0.2,,,,,,,,,,,,,,,0,,,,,
INT-World Cup,2026,Spain,Mikel Merino,Spain,MF,29,1996,2.2,,,,,,,,,,,,,,,0,,,,,
INT-World Cup,2026,Spain,Mikel Oyarzabal,Spain,FW,29,1997,6.7,,,,,,,,,,,,,,,1,,,,,
INT-World Cup,2026,Spain,Nico Williams,Spain,MF,23,2002,1.3,,,,,,,,,,,,,,,1,,,,,
INT-World Cup,2026,Spain,Pau Cubarsí,Spain,DF,19,2007,8.3,,,,,,,,,,,,,,,0,,,,,
INT-World Cup,2026,Spain,Pedri,Spain,MF,23,2002,5.5,,,,,,,,,,,,,,,0,,,,,
INT-World Cup,2026,Spain,Pedro Porro,Spain,DF,26,1999,6.3,,,,,,,,,,,,,,,0,,,,,
INT-World Cup,2026,Spain,Rodri,Spain,MF,29,1996,8.0,,,,,,,,,,,,,,,0,,,,,
INT-World Cup,2026,Spain,Unai Simón,Spain,GK,29,1997,8.3,,,,,,,,,,,,,,,0,,,,,
INT-World Cup,2026,Spain,Yéremy Pino,Spain,"FW,MF",23,2002,0.8,,,,,,,,,,,,,,,0,,,,,
INT-World Cup,2026,Spain,Álex Baena,Spain,"MF,FW",24,2001,5.3,,,,,,,,,,,,,,,1,,,,,
INT-World Cup,2026,Sweden,Alexander Bernhardsson,Sweden,MF,27,1998,2.4,,,,,,,,,,,,,,,0,,,,,
INT-World Cup,2026,Sweden,Alexander Isak,Sweden,FW,26,1999,4.0,,,,,,,,,,,,,,,3,,,,,
INT-World Cup,2026,Sweden,Anthony Elanga,Sweden,"MF,FW",24,2002,2.4,,,,,,,,,,,,,,,0,,,,,
INT-World Cup,2026,Sweden,Benjamin Nygren,Sweden,MF,24,2001,1.4,,,,,,,,,,,,,,,0,,,,,
INT-World Cup,2026,Sweden,Besfort Zeneli,Sweden,MF,23,2002,0.7,,,,,,,,,,,,,,,0,,,,,
INT-World Cup,2026,Sweden,Carl Starfelt,Sweden,DF,31,1995,0.0,,,,,,,,,,,,,,,0,,,,,
INT-World Cup,2026,Sweden,Daniel Svensson,Sweden,DF,24,2002,1.1,,,,,,,,,,,,,,,0,,,,,
INT-World Cup,2026,Sweden,Elliot Stroud,Sweden,MF,23,2002,1.8,,,,,,,,,,,,,,,0,,,,,
INT-World Cup,2026,Sweden,Gabriel Gudmundsson,Sweden,"MF,DF",27,1999,3.7,,,,,,,,,,,,,,,0,,,,,
INT-World Cup,2026,Sweden,Gustaf Lagerbielke,Sweden,DF,26,2000,4.0,,,,,,,,,,,,,,,0,,,,,
INT-World Cup,2026,Sweden,Gustaf Nilsson,Sweden,FW,29,1997,0.0,,,,,,,,,,,,,,,0,,,,,
INT-World Cup,2026,Sweden,Isak Hien,Sweden,DF,27,1999,2.4,,,,,,,,,,,,,,,0,,,,,
INT-World Cup,2026,Sweden,Jacob Widell Zetterström,Sweden,GK,27,1998,2.0,,,,,,,,,,,,,,,0,,,,,
INT-World Cup,2026,Sweden,Jesper Karlström,Sweden,MF,30,1995,1.5,,,,,,,,,,,,,,,0,,,,,
INT-World Cup,2026,Sweden,Ken Sema,Sweden,"FW,MF",32,1993,0.2,,,,,,,,,,,,,,,0,,,,,
INT-World Cup,2026,Sweden,Kristoffer Nordfeldt,Sweden,GK,36,1989,2.0,,,,,,,,,,,,,,,0,,,,,
INT-World Cup,2026,Sweden,Lucas Bergvall,Sweden,MF,20,2006,2.0,,,,,,,,,,,,,,,1,,,,,
INT-World Cup,2026,Sweden,Mattias Svanberg,Sweden,MF,27,1999,0.2,,,,,,,,,,,,,,,0,,,,,
INT-World Cup,2026,Sweden,Taha Ali,Sweden,"FW,MF",27,1998,0.4,,,,,,,,,,,,,,,0,,,,,
INT-World Cup,2026,Sweden,Victor Lindelöf,Sweden,"DF,MF",31,1994,4.0,,,,,,,,,,,,,,,0,,,,,
INT-World Cup,2026,Sweden,Viktor Gyökeres,Sweden,FW,28,1998,4.0,,,,,,,,,,,,,,,2,,,,,
INT-World Cup,2026,Sweden,Yasin Ayari,Sweden,MF,22,2003,3.8,,,,,,,,,,,,,,,0,,,,,
INT-World Cup,2026,Switzerland,Ardon Jashari,Switzerland,MF,23,2002,0.8,,,,,,,,,,,,,,,0,,,,,
INT-World Cup,2026,Switzerland,Breel Embolo,Switzerland,FW,29,1997,5.6,,,,,,,,,,,,,,,2,,,,,
INT-World Cup,2026,Switzerland,Cedric Itten,Switzerland,"FW,MF",29,1996,0.5,,,,,,,,,,,,,,,0,,,,,
INT-World Cup,2026,Switzerland,Christian Fassnacht,Switzerland,"FW,MF",32,1993,0.1,,,,,,,,,,,,,,,0,,,,,
INT-World Cup,2026,Switzerland,Dan Ndoye,Switzerland,"MF,FW",25,2000,4.5,,,,,,,,,,,,,,,0,,,,,
INT-World Cup,2026,Switzerland,Denis Zakaria,Switzerland,DF,29,1996,4.0,,,,,,,,,,,,,,,0,,,,,
INT-World Cup,2026,Switzerland,Djibril Sow,Switzerland,MF,29,1997,2.8,,,,,,,,,,,,,,,0,,,,,
INT-World Cup,2026,Switzerland,Eray Cömert,Switzerland,DF,28,1998,0.3,,,,,,,,,,,,,,,0,,,,,
INT-World Cup,2026,Switzerland,Fabian Rieder,Switzerland,"MF,FW",24,2002,3.4,,,,,,,,,,,,,,,0,,,,,
INT-World Cup,2026,Switzerland,Granit Xhaka,Switzerland,MF,33,1992,6.7,,,,,,,,,,,,,,,0,,,,,
INT-World Cup,2026,Switzerland,Gregor Kobel,Switzerland,GK,28,1997,6.7,,,,,,,,,,,,,,,0,,,,,
INT-World Cup,2026,Switzerland,Johan Manzambi,Switzerland,"MF,FW",20,2005,2.2,,,,,,,,,,,,,,,2,,,,,
INT-World Cup,2026,Switzerland,Luca Jaquez,Switzerland,DF,23,2003,0.9,,,,,,,,,,,,,,,0,,,,,
INT-World Cup,2026,Switzerland,Manuel Akanji,Switzerland,DF,30,1995,6.7,,,,,,,,,,,,,,,0,,,,,
INT-World Cup,2026,Switzerland,Michel Aebischer,Switzerland,"MF,FW",29,1997,1.7,,,,,,,,,,,,,,,0,,,,,
INT-World Cup,2026,Switzerland,Miro Muheim,Switzerland,"DF,MF",28,1998,1.0,,,,,,,,,,,,,,,0,,,,,
INT-World Cup,2026,Switzerland,Nico Elvedi,Switzerland,DF,29,1996,6.7,,,,,,,,,,,,,,,0,,,,,
INT-World Cup,2026,Switzerland,Noah Okafor,Switzerland,"FW,MF",26,2000,0.2,,,,,,,,,,,,,,,0,,,,,
INT-World Cup,2026,Switzerland,Remo Freuler,Switzerland,MF,34,1992,6.6,,,,,,,,,,,,,,,0,,,,,
INT-World Cup,2026,Switzerland,Ricardo Rodríguez,Switzerland,DF,33,1992,5.7,,,,,,,,,,,,,,,1,,,,,
INT-World Cup,2026,Switzerland,Ruben Vargas,Switzerland,MF,27,1998,3.2,,,,,,,,,,,,,,,1,,,,,
INT-World Cup,2026,Switzerland,Silvan Widmer,Switzerland,DF,33,1993,1.9,,,,,,,,,,,,,,,0,,,,,
INT-World Cup,2026,Switzerland,Zeki Amdouni,Switzerland,"FW,MF",25,2000,0.8,,,,,,,,,,,,,,,0,,,,,
INT-World Cup,2026,Tunisia,Ali Abdi,Tunisia,DF,32,1993,3.0,,,,,,,,,,,,,,,0,,,,,
INT-World Cup,2026,Tunisia,Anis Ben Slimane,Tunisia,"MF,FW",25,2001,2.7,,,,,,,,,,,,,,,0,,,,,
INT-World Cup,2026,Tunisia,Aymen Dahmen,Tunisia,GK,29,1997,2.0,,,,,,,,,,,,,,,0,,,,,
INT-World Cup,2026,Tunisia,Dylan Bronn,Tunisia,DF,30,1995,0.5,,,,,,,,,,,,,,,0,,,,,
INT-World Cup,2026,Tunisia,Elias Achouri,Tunisia,"FW,MF",27,1999,0.5,,,,,,,,,,,,,,,0,,,,,
INT-World Cup,2026,Tunisia,Elias Saad,Tunisia,"MF,FW",26,1999,1.3,,,,,,,,,,,,,,,0,,,,,
INT-World Cup,2026,Tunisia,Ellyes Skhiri,Tunisia,"MF,DF",31,1995,2.8,,,,,,,,,,,,,,,0,,,,,
INT-World Cup,2026,Tunisia,Firas Chaouat,Tunisia,FW,30,1996,0.5,,,,,,,,,,,,,,,0,,,,,
INT-World Cup,2026,Tunisia,Hadj Mahmoud,Tunisia,MF,26,2000,0.5,,,,,,,,,,,,,,,0,,,,,
INT-World Cup,2026,Tunisia,Hannibal Mejbri,Tunisia,MF,23,2003,3.0,,,,,,,,,,,,,,,2,,,,,
INT-World Cup,2026,Tunisia,Hazem Mastouri,Tunisia,FW,28,1997,1.0,,,,,,,,,,,,,,,0,,,,,
INT-World Cup,2026,Tunisia,Ismaël Gharbi,Tunisia,MF,22,2004,1.4,,,,,,,,,,,,,,,0,,,,,
INT-World Cup,2026,Tunisia,Mohamed Amine Ben Hamida,Tunisia,DF,30,1995,2.2,,,,,,,,,,,,,,,0,,,,,
INT-World Cup,2026,Tunisia,Montassar Talbi,Tunisia,DF,28,1998,3.0,,,,,,,,,,,,,,,0,,,,,
INT-World Cup,2026,Tunisia,Mortadha Ben Ouanes,Tunisia,"DF,MF",31,1994,0.3,,,,,,,,,,,,,,,0,,,,,
INT-World Cup,2026,Tunisia,Mouhib Chamakh,Tunisia,GK,24,2001,1.0,,,,,,,,,,,,,,,0,,,,,
INT-World Cup,2026,Tunisia,Omar Rekik,Tunisia,DF,24,2001,2.0,,,,,,,,,,,,,,,0,,,,,
INT-World Cup,2026,Tunisia,Rani Khedira,Tunisia,MF,32,1994,1.7,,,,,,,,,,,,,,,0,,,,,
INT-World Cup,2026,Tunisia,Sebastian Tounekti,Tunisia,FW,23,2002,0.9,,,,,,,,,,,,,,,0,,,,,
INT-World Cup,2026,Tunisia,Yan Valery,Tunisia,DF,27,1999,2.8,,,,,,,,,,,,,,,0,,,,,
INT-World Cup,2026,Türkiye,Abdülkerim Bardakcı,Türkiye,DF,31,1994,2.9,,,,,,,,,,,,,,,0,,,,,
INT-World Cup,2026,Türkiye,Arda Güler,Türkiye,MF,21,2005,3.0,,,,,,,,,,,,,,,0,,,,,
INT-World Cup,2026,Türkiye,Barış Alper Yılmaz,Türkiye,"MF,FW",26,2000,2.0,,,,,,,,,,,,,,,1,,,,,
INT-World Cup,2026,Türkiye,Can Uzun,Türkiye,MF,20,2005,0.4,,,,,,,,,,,,,,,1,,,,,
INT-World Cup,2026,Türkiye,Deniz Gül,Türkiye,FW,21,2004,0.4,,,,,,,,,,,,,,,0,,,,,
INT-World Cup,2026,Türkiye,Eren Elmalı,Türkiye,DF,25,2000,1.2,,,,,,,,,,,,,,,0,,,,,
INT-World Cup,2026,Türkiye,Ferdi Kadioglu,Türkiye,DF,26,1999,1.8,,,,,,,,,,,,,,,0,,,,,
INT-World Cup,2026,Türkiye,Hakan Çalhanoğlu,Türkiye,MF,32,1994,2.0,,,,,,,,,,,,,,,0,,,,,
INT-World Cup,2026,Türkiye,Kaan Ayhan,Türkiye,"DF,MF",31,1994,0.0,,,,,,,,,,,,,,,0,,,,,
INT-World Cup,2026,Türkiye,Kenan Yıldız,Türkiye,MF,21,2005,2.4,,,,,,,,,,,,,,,0,,,,,
INT-World Cup,2026,Türkiye,Kerem Aktürkoğlu,Türkiye,FW,27,1998,1.4,,,,,,,,,,,,,,,0,,,,,
INT-World Cup,2026,Türkiye,Merih Demiral,Türkiye,DF,28,1998,2.0,,,,,,,,,,,,,,,0,,,,,
INT-World Cup,2026,Türkiye,Mert Müldür,Türkiye,DF,27,1999,1.1,,,,,,,,,,,,,,,0,,,,,
INT-World Cup,2026,Türkiye,Orkun Kökçü,Türkiye,MF,25,2000,1.7,,,,,,,,,,,,,,,1,,,,,
INT-World Cup,2026,Türkiye,Ozan Kabak,Türkiye,DF,26,2000,1.0,,,,,,,,,,,,,,,0,,,,,
INT-World Cup,2026,Türkiye,Oğuz Aydın,Türkiye,DF,25,2000,1.0,,,,,,,,,,,,,,,0,,,,,
INT-World Cup,2026,Türkiye,Salih Özcan,Türkiye,MF,28,1998,1.1,,,,,,,,,,,,,,,0,,,,,
INT-World Cup,2026,Türkiye,Uğurcan Çakır,Türkiye,GK,30,1996,3.0,,,,,,,,,,,,,,,0,,,,,
INT-World Cup,2026,Türkiye,Yunus Akgün,Türkiye,MF,25,2000,1.0,,,,,,,,,,,,,,,0,,,,,
INT-World Cup,2026,Türkiye,Zeki Çelik,Türkiye,DF,29,1997,1.8,,,,,,,,,,,,,,,0,,,,,
INT-World Cup,2026,Türkiye,Çağlar Söyüncü,Türkiye,DF,30,1996,0.1,,,,,,,,,,,,,,,0,,,,,
INT-World Cup,2026,Türkiye,İrfan Can Kahveci,Türkiye,MF,30,1995,0.0,,,,,,,,,,,,,,,0,,,,,
INT-World Cup,2026,Türkiye,İsmail Yüksek,Türkiye,MF,27,1999,1.5,,,,,,,,,,,,,,,0,,,,,
INT-World Cup,2026,USA,Alejandro Zendejas,USA,"FW,MF",28,1998,0.2,,,,,,,,,,,,,,,0,,,,,
INT-World Cup,2026,USA,Alex Freeman,USA,DF,21,2004,4.2,,,,,,,,,,,,,,,1,,,,,
INT-World Cup,2026,USA,Antonee Robinson,USA,"DF,MF",28,1997,3.9,,,,,,,,,,,,,,,0,,,,,
INT-World Cup,2026,USA,Auston Trusty,USA,DF,27,1998,1.1,,,,,,,,,,,,,,,0,,,,,
INT-World Cup,2026,USA,Brenden Aaronson,USA,MF,25,2000,0.8,,,,,,,,,,,,,,,0,,,,,
INT-World Cup,2026,USA,Chris Richards,USA,DF,26,2000,4.0,,,,,,,,,,,,,,,0,,,,,
INT-World Cup,2026,USA,Christian Pulisic,USA,MF,27,1998,2.5,,,,,,,,,,,,,,,1,,,,,
INT-World Cup,2026,USA,Folarin Balogun,USA,FW,24,2001,3.5,,,,,,,,,,,,,,,0,,,,,
INT-World Cup,2026,USA,Gio Reyna,USA,MF,23,2002,1.5,,,,,,,,,,,,,,,0,,,,,
INT-World Cup,2026,USA,Haji Wright,USA,"FW,MF",28,1998,0.0,,,,,,,,,,,,,,,0,,,,,
INT-World Cup,2026,USA,Joe Scally,USA,DF,23,2002,1.0,,,,,,,,,,,,,,,0,,,,,
INT-World Cup,2026,USA,Malik Tillman,USA,MF,24,2002,4.0,,,,,,,,,,,,,,,1,,,,,
INT-World Cup,2026,USA,Mark McKenzie,USA,DF,27,1999,1.0,,,,,,,,,,,,,,,0,,,,,
INT-World Cup,2026,USA,Matt Freese,USA,GK,27,1998,4.0,,,,,,,,,,,,,,,0,,,,,
INT-World Cup,2026,USA,Matt Turner,USA,GK,31,1994,1.0,,,,,,,,,,,,,,,0,,,,,
INT-World Cup,2026,USA,Max Arfsten,USA,MF,25,2001,0.0,,,,,,,,,,,,,,,0,,,,,
INT-World Cup,2026,USA,Miles Robinson,USA,DF,29,1997,1.0,,,,,,,,,,,,,,,0,,,,,
INT-World Cup,2026,USA,Ricardo Pepi,USA,FW,23,2003,2.3,,,,,,,,,,,,,,,0,,,,,
INT-World Cup,2026,USA,Sebastian Berhalter,USA,MF,25,2001,2.1,,,,,,,,,,,,,,,1,,,,,
INT-World Cup,2026,USA,Sergiño Dest,USA,MF,25,2000,3.3,,,,,,,,,,,,,,,0,,,,,
INT-World Cup,2026,USA,Tim Ream,USA,DF,38,1987,4.0,,,,,,,,,,,,,,,0,,,,,
INT-World Cup,2026,USA,Timothy Weah,USA,MF,26,2000,0.8,,,,,,,,,,,,,,,0,,,,,
INT-World Cup,2026,USA,Tyler Adams,USA,MF,27,1999,3.8,,,,,,,,,,,,,,,0,,,,,
INT-World Cup,2026,USA,Weston McKennie,USA,MF,27,1998,4.9,,,,,,,,,,,,,,,0,,,,,
INT-World Cup,2026,Uruguay,Agustín Canobbio,Uruguay,FW,27,1998,2.5,,,,,,,,,,,,,,,0,,,,,
INT-World Cup,2026,Uruguay,Brian Rodríguez,Uruguay,"FW,MF",26,2000,0.5,,,,,,,,,,,,,,,0,,,,,
INT-World Cup,2026,Uruguay,Darwin Núñez,Uruguay,FW,26,1999,1.7,,,,,,,,,,,,,,,0,,,,,
INT-World Cup,2026,Uruguay,Federico Valverde,Uruguay,MF,27,1998,2.6,,,,,,,,,,,,,,,0,,,,,
INT-World Cup,2026,Uruguay,Federico Viñas,Uruguay,FW,27,1998,2.1,,,,,,,,,,,,,,,0,,,,,
INT-World Cup,2026,Uruguay,Fernando Muslera,Uruguay,GK,39,1986,2.5,,,,,,,,,,,,,,,0,,,,,
INT-World Cup,2026,Uruguay,Guillermo Varela,Uruguay,DF,33,1993,3.0,,,,,,,,,,,,,,,0,,,,,
INT-World Cup,2026,Uruguay,Juan Manuel Sanabria,Uruguay,DF,26,2000,2.3,,,,,,,,,,,,,,,0,,,,,
INT-World Cup,2026,Uruguay,Manuel Ugarte,Uruguay,MF,25,2001,2.0,,,,,,,,,,,,,,,0,,,,,
INT-World Cup,2026,Uruguay,Mathías Olivera,Uruguay,DF,28,1997,3.0,,,,,,,,,,,,,,,0,,,,,
INT-World Cup,2026,Uruguay,Matías Viña,Uruguay,DF,28,1997,0.5,,,,,,,,,,,,,,,0,,,,,
INT-World Cup,2026,Uruguay,Maxi Araújo,Uruguay,"FW,MF",26,2000,2.8,,,,,,,,,,,,,,,1,,,,,
INT-World Cup,2026,Uruguay,Nicolás De La Cruz,Uruguay,MF,29,1997,1.0,,,,,,,,,,,,,,,0,,,,,
INT-World Cup,2026,Uruguay,Rodrigo Aguirre,Uruguay,FW,31,1994,0.0,,,,,,,,,,,,,,,0,,,,,
INT-World Cup,2026,Uruguay,Rodrigo Bentancur,Uruguay,MF,28,1997,3.0,,,,,,,,,,,,,,,0,,,,,
INT-World Cup,2026,Uruguay,Sebastián Cáceres,Uruguay,DF,26,1999,3.0,,,,,,,,,,,,,,,0,,,,,
INT-World Cup,2026,Uruguay,Sergio Rochet,Uruguay,GK,33,1993,0.5,,,,,,,,,,,,,,,0,,,,,
INT-World Cup,2026,Uzbekistan,Abbosbek Fayzullayev,Uzbekistan,MF,22,2003,2.4,,,,,,,,,,,,,,,0,,,,,
INT-World Cup,2026,Uzbekistan,Abdukodir Khusanov,Uzbekistan,DF,22,2004,3.0,,,,,,,,,,,,,,,0,,,,,
INT-World Cup,2026,Uzbekistan,Abdulla Abdullaev,Uzbekistan,DF,28,1997,2.0,,,,,,,,,,,,,,,0,,,,,
INT-World Cup,2026,Uzbekistan,Abduvohid Nematov,Uzbekistan,GK,25,2001,2.0,,,,,,,,,,,,,,,0,,,,,
INT-World Cup,2026,Uzbekistan,Akmal Mozgovoy,Uzbekistan,MF,27,1999,2.4,,,,,,,,,,,,,,,1,,,,,
INT-World Cup,2026,Uzbekistan,Aziz Gʻaniyev,Uzbekistan,MF,28,1998,1.4,,,,,,,,,,,,,,,0,,,,,
INT-World Cup,2026,Uzbekistan,Azizbek Amonov,Uzbekistan,FW,28,1997,0.2,,,,,,,,,,,,,,,0,,,,,
INT-World Cup,2026,Uzbekistan,Bekhruz Karimov,Uzbekistan,DF,18,2007,2.0,,,,,,,,,,,,,,,0,,,,,
INT-World Cup,2026,Uzbekistan,Dostonbek Khamdamov,Uzbekistan,MF,29,1996,1.1,,,,,,,,,,,,,,,0,,,,,
INT-World Cup,2026,Uzbekistan,Eldor Shomurodov,Uzbekistan,FW,30,1995,3.0,,,,,,,,,,,,,,,0,,,,,
INT-World Cup,2026,Uzbekistan,Farrukh Sayfiev,Uzbekistan,"DF,MF",35,1991,0.5,,,,,,,,,,,,,,,0,,,,,
INT-World Cup,2026,Uzbekistan,Igor Sergeev,Uzbekistan,FW,33,1993,0.3,,,,,,,,,,,,,,,0,,,,,
INT-World Cup,2026,Uzbekistan,Jakhongir Urozov,Uzbekistan,DF,22,2004,1.1,,,,,,,,,,,,,,,0,,,,,
INT-World Cup,2026,Uzbekistan,Jamshid Iskanderov,Uzbekistan,"FW,MF",32,1993,0.1,,,,,,,,,,,,,,,0,,,,,
INT-World Cup,2026,Uzbekistan,Khojiakbar Alijonov,Uzbekistan,MF,29,1997,1.5,,,,,,,,,,,,,,,0,,,,,
INT-World Cup,2026,Uzbekistan,Odiljon Hamrobekov,Uzbekistan,MF,30,1996,0.9,,,,,,,,,,,,,,,0,,,,,
INT-World Cup,2026,Uzbekistan,Oston Urunov,Uzbekistan,MF,25,2000,0.7,,,,,,,,,,,,,,,0,,,,,
INT-World Cup,2026,Uzbekistan,Otabek Shukurov,Uzbekistan,MF,29,1996,2.6,,,,,,,,,,,,,,,0,,,,,
INT-World Cup,2026,Uzbekistan,Ruslanbek Jiyanov,Uzbekistan,FW,25,2001,0.0,,,,,,,,,,,,,,,0,,,,,
INT-World Cup,2026,Uzbekistan,Rustam Ashurmatov,Uzbekistan,DF,29,1996,2.8,,,,,,,,,,,,,,,0,,,,,
INT-World Cup,2026,Uzbekistan,Sherzod Esanov,Uzbekistan,MF,23,2003,0.0,,,,,,,,,,,,,,,0,,,,,
INT-World Cup,2026,Uzbekistan,Sherzod Nasrullaev,Uzbekistan,"DF,MF",27,1998,2.0,,,,,,,,,,,,,,,0,,,,,
INT-World Cup,2026,Uzbekistan,Utkir Yusupov,Uzbekistan,GK,35,1991,1.0,,,,,,,,,,,,,,,0,,,,,
